id,categoria,subcategoria,titulo,contenido,fuente,fuente_url,nivel_confianza,provincia,municipio,lat,lon,fecha_verificacion
NGA-00032,geografia,toponimo,Albergue Inturjoven Algeciras-Tarifa,"Albergue Inturjoven Algeciras-Tarifa (Servicio/Equipamiento) en Algeciras. WGS84: 36.076499, -5.51115.",IECA — Nomenclátor Geográfico de Andalucía (WFS app:Entidad),https://www.ideandalucia.es/wfs-nga/services,alta,Cádiz,Algeciras,36.076499,-5.51115,2026-08-28
NGA-00131,geografia,toponimo,Antigua Casa Peones Camineros,"Antigua Casa Peones Camineros (Servicio/Equipamiento) en Algeciras. WGS84: 36.092437, -5.446728.",IECA — Nomenclátor Geográfico de Andalucía (WFS app:Entidad),https://www.ideandalucia.es/wfs-nga/services,alta,Cádiz,Algeciras,36.092437,-5.446728,2026-08-28
NGA-00132,geografia,toponimo,Antigua Escuela de la Polvorilla,"Antigua Escuela de la Polvorilla (Servicio/Equipamiento) en Los Barrios. WGS84: 36.269934, -5.583717.",IECA — Nomenclátor Geográfico de Andalucía (WFS app:Entidad),https://www.ideandalucia.es/wfs-nga/services,alta,Cádiz,Los Barrios,36.269934,-5.583717,2026-08-28
NGA-00137,geografia,toponimo,"Antigua Iglesia de Jesús, María y José","Antigua Iglesia de Jesús, María y José (Servicio/Equipamiento) en Puerto Real. WGS84: 36.52896, -6.190671.",IECA — Nomenclátor Geográfico de Andalucía (WFS app:Entidad),https://www.ideandalucia.es/wfs-nga/services,alta,Cádiz,Puerto Real,36.52896,-6.190671,2026-08-28
NGA-00139,geografia,toponimo,Antiguo Cementerio de San José,"Antiguo Cementerio de San José (Servicio/Equipamiento) en Cádiz. WGS84: 36.51253, -6.282392.",IECA — Nomenclátor Geográfico de Andalucía (WFS app:Entidad),https://www.ideandalucia.es/wfs-nga/services,alta,Cádiz,Cádiz,36.51253,-6.282392,2026-08-28
NGA-00140,geografia,toponimo,Antiguo Fuerte de Isla Verde,"Antiguo Fuerte de Isla Verde (Servicio/Equipamiento) en Algeciras. WGS84: 36.122794, -5.433983.",IECA — Nomenclátor Geográfico de Andalucía (WFS app:Entidad),https://www.ideandalucia.es/wfs-nga/services,alta,Cádiz,Algeciras,36.122794,-5.433983,2026-08-28
NGA-00164,geografia,toponimo,Arroyo Acebuchales,"Arroyo Acebuchales (Curso Fluvial) en Arcos de la Frontera. WGS84: 36.694813, -5.545886.",IECA — Nomenclátor Geográfico de Andalucía (WFS app:Entidad),https://www.ideandalucia.es/wfs-nga/services,alta,Cádiz,Arcos de la Frontera,36.694813,-5.545886,2026-08-28
NGA-00165,geografia,toponimo,Arroyo Acebuchosa,"Arroyo Acebuchosa (Curso Fluvial) en Prado del Rey. WGS84: 36.789894, -5.516875.",IECA — Nomenclátor Geográfico de Andalucía (WFS app:Entidad),https://www.ideandalucia.es/wfs-nga/services,alta,Cádiz,Prado del Rey,36.789894,-5.516875,2026-08-28
NGA-00166,geografia,toponimo,Arroyo Agua de Enmedio,"Arroyo Agua de Enmedio (Curso Fluvial) en Tarifa. WGS84: 36.101766, -5.810212.",IECA — Nomenclátor Geográfico de Andalucía (WFS app:Entidad),https://www.ideandalucia.es/wfs-nga/services,alta,Cádiz,Tarifa,36.101766,-5.810212,2026-08-28
NGA-00167,geografia,toponimo,Arroyo Alamillos,"Arroyo Alamillos (Curso Fluvial) en Ronda. WGS84: 36.819197, -5.21386.",IECA — Nomenclátor Geográfico de Andalucía (WFS app:Entidad),https://www.ideandalucia.es/wfs-nga/services,alta,Cádiz,Ronda,36.819197,-5.21386,2026-08-28
NGA-00168,geografia,toponimo,Arroyo Albarrain,"Arroyo Albarrain (Curso Fluvial) en Villaluenga del Rosario. WGS84: 36.698943, -5.376231.",IECA — Nomenclátor Geográfico de Andalucía (WFS app:Entidad),https://www.ideandalucia.es/wfs-nga/services,alta,Cádiz,Villaluenga del Rosario,36.698943,-5.376231,2026-08-28
NGA-00169,geografia,toponimo,Arroyo Alcaparra,"Arroyo Alcaparra (Curso Fluvial) en Júzcar. WGS84: 36.599992, -5.16958.",IECA — Nomenclátor Geográfico de Andalucía (WFS app:Entidad),https://www.ideandalucia.es/wfs-nga/services,alta,Cádiz,Júzcar,36.599992,-5.16958,2026-08-28
NGA-00171,geografia,toponimo,Arroyo Almarda,"Arroyo Almarda (Curso Fluvial) en Bornos. WGS84: 36.849194, -5.702313.",IECA — Nomenclátor Geográfico de Andalucía (WFS app:Entidad),https://www.ideandalucia.es/wfs-nga/services,alta,Cádiz,Bornos,36.849194,-5.702313,2026-08-28
NGA-00172,geografia,toponimo,Arroyo Almardilla,"Arroyo Almardilla (Curso Fluvial) en Bornos. WGS84: 36.839605, -5.721424.",IECA — Nomenclátor Geográfico de Andalucía (WFS app:Entidad),https://www.ideandalucia.es/wfs-nga/services,alta,Cádiz,Bornos,36.839605,-5.721424,2026-08-28
NGA-00173,geografia,toponimo,Arroyo Alpecaín,"Arroyo Alpecaín (Curso Fluvial) en Montellano. WGS84: 36.994244, -5.572516.",IECA — Nomenclátor Geográfico de Andalucía (WFS app:Entidad),https://www.ideandalucia.es/wfs-nga/services,alta,Cádiz,Montellano,36.994244,-5.572516,2026-08-28
NGA-00174,geografia,toponimo,Arroyo Angorillas,"Arroyo Angorillas (Curso Fluvial) en Pruna. WGS84: 37.011106, -5.23592.",IECA — Nomenclátor Geográfico de Andalucía (WFS app:Entidad),https://www.ideandalucia.es/wfs-nga/services,alta,Cádiz,Pruna,37.011106,-5.23592,2026-08-28
NGA-00175,geografia,toponimo,Arroyo Angostilla,"Arroyo Angostilla (Curso Fluvial) en Vejer de la Frontera. WGS84: 36.294303, -6.006441.",IECA — Nomenclátor Geográfico de Andalucía (WFS app:Entidad),https://www.ideandalucia.es/wfs-nga/services,alta,Cádiz,Vejer de la Frontera,36.294303,-6.006441,2026-08-28
NGA-00176,geografia,toponimo,Arroyo Armada,"Arroyo Armada (Curso Fluvial) en Prado del Rey. WGS84: 36.763388, -5.56501.",IECA — Nomenclátor Geográfico de Andalucía (WFS app:Entidad),https://www.ideandalucia.es/wfs-nga/services,alta,Cádiz,Prado del Rey,36.763388,-5.56501,2026-08-28
NGA-00177,geografia,toponimo,Arroyo Arrequeque o del Moro,"Arroyo Arrequeque o del Moro (Curso Fluvial) en Gaucín. WGS84: 36.505165, -5.336249.",IECA — Nomenclátor Geográfico de Andalucía (WFS app:Entidad),https://www.ideandalucia.es/wfs-nga/services,alta,Cádiz,Gaucín,36.505165,-5.336249,2026-08-28
NGA-00178,geografia,toponimo,Arroyo Ave María,"Arroyo Ave María (Curso Fluvial) en Montellano. WGS84: 37.038774, -5.517574.",IECA — Nomenclátor Geográfico de Andalucía (WFS app:Entidad),https://www.ideandalucia.es/wfs-nga/services,alta,Cádiz,Montellano,37.038774,-5.517574,2026-08-28
NGA-00179,geografia,toponimo,Arroyo Balaje,"Arroyo Balaje (Curso Fluvial) en Pujerra. WGS84: 36.617376, -5.149012.",IECA — Nomenclátor Geográfico de Andalucía (WFS app:Entidad),https://www.ideandalucia.es/wfs-nga/services,alta,Cádiz,Pujerra,36.617376,-5.149012,2026-08-28
NGA-00180,geografia,toponimo,Arroyo Ballesteros,"Arroyo Ballesteros (Curso Fluvial) en Júzcar. WGS84: 36.587705, -5.145243.",IECA — Nomenclátor Geográfico de Andalucía (WFS app:Entidad),https://www.ideandalucia.es/wfs-nga/services,alta,Cádiz,Júzcar,36.587705,-5.145243,2026-08-28
NGA-00181,geografia,toponimo,Arroyo Barquero,"Arroyo Barquero (Curso Fluvial) en Grazalema. WGS84: 36.801955, -5.333797.",IECA — Nomenclátor Geográfico de Andalucía (WFS app:Entidad),https://www.ideandalucia.es/wfs-nga/services,alta,Cádiz,Grazalema,36.801955,-5.333797,2026-08-28
NGA-00182,geografia,toponimo,Arroyo Bermejo,"Arroyo Bermejo (Curso Fluvial) en Jerez de la Frontera. WGS84: 36.8183, -6.04068.",IECA — Nomenclátor Geográfico de Andalucía (WFS app:Entidad),https://www.ideandalucia.es/wfs-nga/services,alta,Cádiz,Jerez de la Frontera,36.8183,-6.04068,2026-08-28
NGA-00183,geografia,toponimo,Arroyo Bermejo,"Arroyo Bermejo (Curso Fluvial) en Olvera. WGS84: 36.944089, -5.357273.",IECA — Nomenclátor Geográfico de Andalucía (WFS app:Entidad),https://www.ideandalucia.es/wfs-nga/services,alta,Cádiz,Olvera,36.944089,-5.357273,2026-08-28
NGA-00185,geografia,toponimo,Arroyo Blanco,"Arroyo Blanco (Curso Fluvial) en Pujerra. WGS84: 36.620127, -5.155348.",IECA — Nomenclátor Geográfico de Andalucía (WFS app:Entidad),https://www.ideandalucia.es/wfs-nga/services,alta,Cádiz,Pujerra,36.620127,-5.155348,2026-08-28
NGA-00186,geografia,toponimo,Arroyo Blanquillo,"Arroyo Blanquillo (Curso Fluvial) en Jerez de la Frontera. WGS84: 36.791255, -6.069336.",IECA — Nomenclátor Geográfico de Andalucía (WFS app:Entidad),https://www.ideandalucia.es/wfs-nga/services,alta,Cádiz,Jerez de la Frontera,36.791255,-6.069336,2026-08-28
NGA-00187,geografia,toponimo,Arroyo Boca Leones,"Arroyo Boca Leones (Curso Fluvial) en Pruna. WGS84: 36.983667, -5.262095.",IECA — Nomenclátor Geográfico de Andalucía (WFS app:Entidad),https://www.ideandalucia.es/wfs-nga/services,alta,Cádiz,Pruna,36.983667,-5.262095,2026-08-28
NGA-00188,geografia,toponimo,Arroyo Bodegones,"Arroyo Bodegones (Curso Fluvial) en Tarifa. WGS84: 36.163562, -5.660436.",IECA — Nomenclátor Geográfico de Andalucía (WFS app:Entidad),https://www.ideandalucia.es/wfs-nga/services,alta,Cádiz,Tarifa,36.163562,-5.660436,2026-08-28
NGA-00189,geografia,toponimo,Arroyo Bonete,"Arroyo Bonete (Curso Fluvial) en Medina Sidonia. WGS84: 36.495462, -5.926529.",IECA — Nomenclátor Geográfico de Andalucía (WFS app:Entidad),https://www.ideandalucia.es/wfs-nga/services,alta,Cádiz,Medina Sidonia,36.495462,-5.926529,2026-08-28
NGA-00190,geografia,toponimo,Arroyo Brasa,"Arroyo Brasa (Curso Fluvial) en Vejer de la Frontera. WGS84: 36.27634, -5.940747.",IECA — Nomenclátor Geográfico de Andalucía (WFS app:Entidad),https://www.ideandalucia.es/wfs-nga/services,alta,Cádiz,Vejer de la Frontera,36.27634,-5.940747,2026-08-28
NGA-00191,geografia,toponimo,Arroyo Breal,"Arroyo Breal (Curso Fluvial) en Alcalá de los Gazules. WGS84: 36.427912, -5.686227.",IECA — Nomenclátor Geográfico de Andalucía (WFS app:Entidad),https://www.ideandalucia.es/wfs-nga/services,alta,Cádiz,Alcalá de los Gazules,36.427912,-5.686227,2026-08-28
NGA-00192,geografia,toponimo,Arroyo Brázquez,"Arroyo Brázquez (Curso Fluvial) en Pruna. WGS84: 37.012388, -5.226072.",IECA — Nomenclátor Geográfico de Andalucía (WFS app:Entidad),https://www.ideandalucia.es/wfs-nga/services,alta,Cádiz,Pruna,37.012388,-5.226072,2026-08-28
NGA-00193,geografia,toponimo,Arroyo Buenos Aires,"Arroyo Buenos Aires (Curso Fluvial) en Utrera. WGS84: 36.95019, -5.790039.",IECA — Nomenclátor Geográfico de Andalucía (WFS app:Entidad),https://www.ideandalucia.es/wfs-nga/services,alta,Cádiz,Utrera,36.95019,-5.790039,2026-08-28
NGA-00194,geografia,toponimo,Arroyo Cabrera,"Arroyo Cabrera (Curso Fluvial) en Medina Sidonia. WGS84: 36.373789, -5.838703.",IECA — Nomenclátor Geográfico de Andalucía (WFS app:Entidad),https://www.ideandalucia.es/wfs-nga/services,alta,Cádiz,Medina Sidonia,36.373789,-5.838703,2026-08-28
NGA-00195,geografia,toponimo,Arroyo Caldera,"Arroyo Caldera (Curso Fluvial) en Puerto Serrano. WGS84: 36.914503, -5.540085.",IECA — Nomenclátor Geográfico de Andalucía (WFS app:Entidad),https://www.ideandalucia.es/wfs-nga/services,alta,Cádiz,Puerto Serrano,36.914503,-5.540085,2026-08-28
NGA-00196,geografia,toponimo,Arroyo Caliche,"Arroyo Caliche (Curso Fluvial) en Alcalá de los Gazules. WGS84: 36.430112, -5.701035.",IECA — Nomenclátor Geográfico de Andalucía (WFS app:Entidad),https://www.ideandalucia.es/wfs-nga/services,alta,Cádiz,Alcalá de los Gazules,36.430112,-5.701035,2026-08-28
NGA-00197,geografia,toponimo,Arroyo Campona,"Arroyo Campona (Curso Fluvial) en Jimena de la Frontera. WGS84: 36.410602, -5.357605.",IECA — Nomenclátor Geográfico de Andalucía (WFS app:Entidad),https://www.ideandalucia.es/wfs-nga/services,alta,Cádiz,Jimena de la Frontera,36.410602,-5.357605,2026-08-28
NGA-00198,geografia,toponimo,Arroyo Canalos,"Arroyo Canalos (Curso Fluvial) en Pruna. WGS84: 37.041217, -5.220403.",IECA — Nomenclátor Geográfico de Andalucía (WFS app:Entidad),https://www.ideandalucia.es/wfs-nga/services,alta,Cádiz,Pruna,37.041217,-5.220403,2026-08-28
NGA-00199,geografia,toponimo,Arroyo Cano,"Arroyo Cano (Curso Fluvial) en Vejer de la Frontera. WGS84: 36.23288, -6.003824.",IECA — Nomenclátor Geográfico de Andalucía (WFS app:Entidad),https://www.ideandalucia.es/wfs-nga/services,alta,Cádiz,Vejer de la Frontera,36.23288,-6.003824,2026-08-28
NGA-00200,geografia,toponimo,Arroyo Cantarranas,"Arroyo Cantarranas (Curso Fluvial) en Medina Sidonia. WGS84: 36.403465, -5.819585.",IECA — Nomenclátor Geográfico de Andalucía (WFS app:Entidad),https://www.ideandalucia.es/wfs-nga/services,alta,Cádiz,Medina Sidonia,36.403465,-5.819585,2026-08-28
NGA-00201,geografia,toponimo,Arroyo Canuto Chico,"Arroyo Canuto Chico (Curso Fluvial) en Medina Sidonia. WGS84: 36.30286, -5.640965.",IECA — Nomenclátor Geográfico de Andalucía (WFS app:Entidad),https://www.ideandalucia.es/wfs-nga/services,alta,Cádiz,Medina Sidonia,36.30286,-5.640965,2026-08-28
NGA-00202,geografia,toponimo,Arroyo Carretero,"Arroyo Carretero (Curso Fluvial) en El Coronil. WGS84: 36.908958, -5.555916.",IECA — Nomenclátor Geográfico de Andalucía (WFS app:Entidad),https://www.ideandalucia.es/wfs-nga/services,alta,Cádiz,El Coronil,36.908958,-5.555916,2026-08-28
NGA-00203,geografia,toponimo,Arroyo Cascabelero,"Arroyo Cascabelero (Curso Fluvial) en Medina Sidonia. WGS84: 36.443445, -5.871839.",IECA — Nomenclátor Geográfico de Andalucía (WFS app:Entidad),https://www.ideandalucia.es/wfs-nga/services,alta,Cádiz,Medina Sidonia,36.443445,-5.871839,2026-08-28
NGA-00204,geografia,toponimo,Arroyo Caserón Chepas,"Arroyo Caserón Chepas (Curso Fluvial) en Cañete la Real. WGS84: 37.015388, -5.10663.",IECA — Nomenclátor Geográfico de Andalucía (WFS app:Entidad),https://www.ideandalucia.es/wfs-nga/services,alta,Cádiz,Cañete la Real,37.015388,-5.10663,2026-08-28
NGA-00205,geografia,toponimo,Arroyo Castellanos,"Arroyo Castellanos (Curso Fluvial) en Puerto Real. WGS84: 36.551646, -6.05866.",IECA — Nomenclátor Geográfico de Andalucía (WFS app:Entidad),https://www.ideandalucia.es/wfs-nga/services,alta,Cádiz,Puerto Real,36.551646,-6.05866,2026-08-28
NGA-00206,geografia,toponimo,Arroyo Castillejo,"Arroyo Castillejo (Curso Fluvial) en Prado del Rey. WGS84: 36.749246, -5.569798.",IECA — Nomenclátor Geográfico de Andalucía (WFS app:Entidad),https://www.ideandalucia.es/wfs-nga/services,alta,Cádiz,Prado del Rey,36.749246,-5.569798,2026-08-28
NGA-00207,geografia,toponimo,Arroyo Cañada,"Arroyo Cañada (Curso Fluvial) en Medina Sidonia. WGS84: 36.378489, -5.868999.",IECA — Nomenclátor Geográfico de Andalucía (WFS app:Entidad),https://www.ideandalucia.es/wfs-nga/services,alta,Cádiz,Medina Sidonia,36.378489,-5.868999,2026-08-28
NGA-00208,geografia,toponimo,Arroyo Cañada de Pista,"Arroyo Cañada de Pista (Curso Fluvial) en Barbate. WGS84: 36.182139, -5.850714.",IECA — Nomenclátor Geográfico de Andalucía (WFS app:Entidad),https://www.ideandalucia.es/wfs-nga/services,alta,Cádiz,Barbate,36.182139,-5.850714,2026-08-28
NGA-00209,geografia,toponimo,Arroyo Cañada de los Arenales,"Arroyo Cañada de los Arenales (Curso Fluvial) en Jimena de la Frontera. WGS84: 36.395599, -5.41844.",IECA — Nomenclátor Geográfico de Andalucía (WFS app:Entidad),https://www.ideandalucia.es/wfs-nga/services,alta,Cádiz,Jimena de la Frontera,36.395599,-5.41844,2026-08-28
NGA-00210,geografia,toponimo,Arroyo Cañada del Melón,"Arroyo Cañada del Melón (Curso Fluvial) en Barbate. WGS84: 36.216566, -5.96116.",IECA — Nomenclátor Geográfico de Andalucía (WFS app:Entidad),https://www.ideandalucia.es/wfs-nga/services,alta,Cádiz,Barbate,36.216566,-5.96116,2026-08-28
NGA-00211,geografia,toponimo,Arroyo Cerrillo,"Arroyo Cerrillo (Curso Fluvial) en Grazalema. WGS84: 36.805944, -5.336209.",IECA — Nomenclátor Geográfico de Andalucía (WFS app:Entidad),https://www.ideandalucia.es/wfs-nga/services,alta,Cádiz,Grazalema,36.805944,-5.336209,2026-08-28
NGA-00212,geografia,toponimo,Arroyo Chapín,"Arroyo Chapín (Curso Fluvial) en Jimera de Líbar. WGS84: 36.655056, -5.297495.",IECA — Nomenclátor Geográfico de Andalucía (WFS app:Entidad),https://www.ideandalucia.es/wfs-nga/services,alta,Cádiz,Jimera de Líbar,36.655056,-5.297495,2026-08-28
NGA-00213,geografia,toponimo,Arroyo Charcones,"Arroyo Charcones (Curso Fluvial) en Benaocaz. WGS84: 36.7398, -5.447577.",IECA — Nomenclátor Geográfico de Andalucía (WFS app:Entidad),https://www.ideandalucia.es/wfs-nga/services,alta,Cádiz,Benaocaz,36.7398,-5.447577,2026-08-28
NGA-00214,geografia,toponimo,Arroyo Charcón,"Arroyo Charcón (Curso Fluvial) en Olvera. WGS84: 36.893648, -5.284213.",IECA — Nomenclátor Geográfico de Andalucía (WFS app:Entidad),https://www.ideandalucia.es/wfs-nga/services,alta,Cádiz,Olvera,36.893648,-5.284213,2026-08-28
NGA-00215,geografia,toponimo,Arroyo Chocolatero,"Arroyo Chocolatero (Curso Fluvial) en Los Barrios. WGS84: 36.224679, -5.582949.",IECA — Nomenclátor Geográfico de Andalucía (WFS app:Entidad),https://www.ideandalucia.es/wfs-nga/services,alta,Cádiz,Los Barrios,36.224679,-5.582949,2026-08-28
NGA-00216,geografia,toponimo,Arroyo Conegil,"Arroyo Conegil (Curso Fluvial) en Faraján. WGS84: 36.610776, -5.194246.",IECA — Nomenclátor Geográfico de Andalucía (WFS app:Entidad),https://www.ideandalucia.es/wfs-nga/services,alta,Cádiz,Faraján,36.610776,-5.194246,2026-08-28
NGA-00217,geografia,toponimo,Arroyo Cortijo Nuevo,"Arroyo Cortijo Nuevo (Curso Fluvial) en Las Cabezas de San Juan. WGS84: 36.954241, -5.87598.",IECA — Nomenclátor Geográfico de Andalucía (WFS app:Entidad),https://www.ideandalucia.es/wfs-nga/services,alta,Cádiz,Las Cabezas de San Juan,36.954241,-5.87598,2026-08-28
NGA-00218,geografia,toponimo,Arroyo Cubana,"Arroyo Cubana (Curso Fluvial) en Jimena de la Frontera. WGS84: 36.392637, -5.38247.",IECA — Nomenclátor Geográfico de Andalucía (WFS app:Entidad),https://www.ideandalucia.es/wfs-nga/services,alta,Cádiz,Jimena de la Frontera,36.392637,-5.38247,2026-08-28
NGA-00219,geografia,toponimo,Arroyo Cucarrete,"Arroyo Cucarrete (Curso Fluvial) en Medina Sidonia. WGS84: 36.325156, -5.862282.",IECA — Nomenclátor Geográfico de Andalucía (WFS app:Entidad),https://www.ideandalucia.es/wfs-nga/services,alta,Cádiz,Medina Sidonia,36.325156,-5.862282,2026-08-28
NGA-00220,geografia,toponimo,Arroyo Cuerpo de Hombre,"Arroyo Cuerpo de Hombre (Curso Fluvial) en Jerez de la Frontera. WGS84: 36.702853, -5.963932.",IECA — Nomenclátor Geográfico de Andalucía (WFS app:Entidad),https://www.ideandalucia.es/wfs-nga/services,alta,Cádiz,Jerez de la Frontera,36.702853,-5.963932,2026-08-28
NGA-00221,geografia,toponimo,Arroyo Cuevas,"Arroyo Cuevas (Obra Hidráulica) en Tarifa. WGS84: 36.24111, -5.788771.",IECA — Nomenclátor Geográfico de Andalucía (WFS app:Entidad),https://www.ideandalucia.es/wfs-nga/services,alta,Cádiz,Tarifa,36.24111,-5.788771,2026-08-28
NGA-00222,geografia,toponimo,Arroyo Cárdenas,"Arroyo Cárdenas (Curso Fluvial) en Arcos de la Frontera. WGS84: 36.716952, -5.708402.",IECA — Nomenclátor Geográfico de Andalucía (WFS app:Entidad),https://www.ideandalucia.es/wfs-nga/services,alta,Cádiz,Arcos de la Frontera,36.716952,-5.708402,2026-08-28
NGA-00223,geografia,toponimo,Arroyo Don Benito Morera,"Arroyo Don Benito Morera (Curso Fluvial) en Algar. WGS84: 36.651298, -5.647588.",IECA — Nomenclátor Geográfico de Andalucía (WFS app:Entidad),https://www.ideandalucia.es/wfs-nga/services,alta,Cádiz,Algar,36.651298,-5.647588,2026-08-28
NGA-00225,geografia,toponimo,Arroyo Dulce,"Arroyo Dulce (Curso Fluvial) en Jerez de la Frontera. WGS84: 36.733738, -6.001848.",IECA — Nomenclátor Geográfico de Andalucía (WFS app:Entidad),https://www.ideandalucia.es/wfs-nga/services,alta,Cádiz,Jerez de la Frontera,36.733738,-6.001848,2026-08-28
NGA-00226,geografia,toponimo,Arroyo Dulce,"Arroyo Dulce (Curso Fluvial) en Montellano. WGS84: 37.037919, -5.58853.",IECA — Nomenclátor Geográfico de Andalucía (WFS app:Entidad),https://www.ideandalucia.es/wfs-nga/services,alta,Cádiz,Montellano,37.037919,-5.58853,2026-08-28
NGA-00227,geografia,toponimo,Arroyo Dulce,"Arroyo Dulce (Curso Fluvial) en San Roque. WGS84: 36.225302, -5.438342.",IECA — Nomenclátor Geográfico de Andalucía (WFS app:Entidad),https://www.ideandalucia.es/wfs-nga/services,alta,Cádiz,San Roque,36.225302,-5.438342,2026-08-28
NGA-00228,geografia,toponimo,Arroyo Dulce,"Arroyo Dulce (Obra Hidráulica) en Castellar de la Frontera. WGS84: 36.257951, -5.425896.",IECA — Nomenclátor Geográfico de Andalucía (WFS app:Entidad),https://www.ideandalucia.es/wfs-nga/services,alta,Cádiz,Castellar de la Frontera,36.257951,-5.425896,2026-08-28
NGA-00229,geografia,toponimo,Arroyo Encantado,"Arroyo Encantado (Curso Fluvial) en Cañete la Real. WGS84: 36.989141, -5.115851.",IECA — Nomenclátor Geográfico de Andalucía (WFS app:Entidad),https://www.ideandalucia.es/wfs-nga/services,alta,Cádiz,Cañete la Real,36.989141,-5.115851,2026-08-28
NGA-00230,geografia,toponimo,Arroyo Espino,"Arroyo Espino (Curso Fluvial) en Arcos de la Frontera. WGS84: 36.724878, -5.884897.",IECA — Nomenclátor Geográfico de Andalucía (WFS app:Entidad),https://www.ideandalucia.es/wfs-nga/services,alta,Cádiz,Arcos de la Frontera,36.724878,-5.884897,2026-08-28
NGA-00231,geografia,toponimo,Arroyo Filete,"Arroyo Filete (Curso Fluvial) en Puerto Serrano. WGS84: 36.96683, -5.46096.",IECA — Nomenclátor Geográfico de Andalucía (WFS app:Entidad),https://www.ideandalucia.es/wfs-nga/services,alta,Cádiz,Puerto Serrano,36.96683,-5.46096,2026-08-28
NGA-00232,geografia,toponimo,Arroyo Flamenquillo,"Arroyo Flamenquillo (Curso Fluvial) en Conil de la Frontera. WGS84: 36.271098, -6.057444.",IECA — Nomenclátor Geográfico de Andalucía (WFS app:Entidad),https://www.ideandalucia.es/wfs-nga/services,alta,Cádiz,Conil de la Frontera,36.271098,-6.057444,2026-08-28
NGA-00233,geografia,toponimo,Arroyo Florida,"Arroyo Florida (Curso Fluvial) en Pruna. WGS84: 37.031642, -5.250917.",IECA — Nomenclátor Geográfico de Andalucía (WFS app:Entidad),https://www.ideandalucia.es/wfs-nga/services,alta,Cádiz,Pruna,37.031642,-5.250917,2026-08-28
NGA-00234,geografia,toponimo,Arroyo Forcilar,"Arroyo Forcilar (Curso Fluvial) en Montejaque. WGS84: 36.753972, -5.300906.",IECA — Nomenclátor Geográfico de Andalucía (WFS app:Entidad),https://www.ideandalucia.es/wfs-nga/services,alta,Cádiz,Montejaque,36.753972,-5.300906,2026-08-28
NGA-00235,geografia,toponimo,Arroyo Forolla,"Arroyo Forolla (Curso Fluvial) en Montejaque. WGS84: 36.753304, -5.29317.",IECA — Nomenclátor Geográfico de Andalucía (WFS app:Entidad),https://www.ideandalucia.es/wfs-nga/services,alta,Cádiz,Montejaque,36.753304,-5.29317,2026-08-28
NGA-00236,geografia,toponimo,Arroyo Frailes,"Arroyo Frailes (Curso Fluvial) en Castellar de la Frontera. WGS84: 36.283928, -5.418347.",IECA — Nomenclátor Geográfico de Andalucía (WFS app:Entidad),https://www.ideandalucia.es/wfs-nga/services,alta,Cádiz,Castellar de la Frontera,36.283928,-5.418347,2026-08-28
NGA-00237,geografia,toponimo,Arroyo Franquillos,"Arroyo Franquillos (Curso Fluvial) en Espera. WGS84: 36.871168, -5.796543.",IECA — Nomenclátor Geográfico de Andalucía (WFS app:Entidad),https://www.ideandalucia.es/wfs-nga/services,alta,Cádiz,Espera,36.871168,-5.796543,2026-08-28
NGA-00238,geografia,toponimo,Arroyo Fuente Bandera,"Arroyo Fuente Bandera (Curso Fluvial) en Medina Sidonia. WGS84: 36.362073, -5.843379.",IECA — Nomenclátor Geográfico de Andalucía (WFS app:Entidad),https://www.ideandalucia.es/wfs-nga/services,alta,Cádiz,Medina Sidonia,36.362073,-5.843379,2026-08-28
NGA-00239,geografia,toponimo,Arroyo Gaitán,"Arroyo Gaitán (Curso Fluvial) en Tarifa. WGS84: 36.081207, -5.711443.",IECA — Nomenclátor Geográfico de Andalucía (WFS app:Entidad),https://www.ideandalucia.es/wfs-nga/services,alta,Cádiz,Tarifa,36.081207,-5.711443,2026-08-28
NGA-00240,geografia,toponimo,Arroyo Galindo,"Arroyo Galindo (Curso Fluvial) en Chiclana de la Frontera. WGS84: 36.392639, -6.032763.",IECA — Nomenclátor Geográfico de Andalucía (WFS app:Entidad),https://www.ideandalucia.es/wfs-nga/services,alta,Cádiz,Chiclana de la Frontera,36.392639,-6.032763,2026-08-28
NGA-00241,geografia,toponimo,Arroyo Ganado,"Arroyo Ganado (Curso Fluvial) en Jerez de la Frontera. WGS84: 36.784741, -5.950535.",IECA — Nomenclátor Geográfico de Andalucía (WFS app:Entidad),https://www.ideandalucia.es/wfs-nga/services,alta,Cádiz,Jerez de la Frontera,36.784741,-5.950535,2026-08-28
NGA-00242,geografia,toponimo,Arroyo Garganta Honda,"Arroyo Garganta Honda (Curso Fluvial) en Jimena de la Frontera. WGS84: 36.390882, -5.51529.",IECA — Nomenclátor Geográfico de Andalucía (WFS app:Entidad),https://www.ideandalucia.es/wfs-nga/services,alta,Cádiz,Jimena de la Frontera,36.390882,-5.51529,2026-08-28
NGA-00243,geografia,toponimo,Arroyo Garganta de la Gamera,"Arroyo Garganta de la Gamera (Curso Fluvial) en Jimena de la Frontera. WGS84: 36.441242, -5.502727.",IECA — Nomenclátor Geográfico de Andalucía (WFS app:Entidad),https://www.ideandalucia.es/wfs-nga/services,alta,Cádiz,Jimena de la Frontera,36.441242,-5.502727,2026-08-28
NGA-00244,geografia,toponimo,Arroyo Garganta de la Loba,"Arroyo Garganta de la Loba (Curso Fluvial) en Tarifa. WGS84: 36.125474, -5.804878.",IECA — Nomenclátor Geográfico de Andalucía (WFS app:Entidad),https://www.ideandalucia.es/wfs-nga/services,alta,Cádiz,Tarifa,36.125474,-5.804878,2026-08-28
NGA-00245,geografia,toponimo,Arroyo Garganta del Boyar,"Arroyo Garganta del Boyar (Curso Fluvial) en Benaocaz. WGS84: 36.735138, -5.447782.",IECA — Nomenclátor Geográfico de Andalucía (WFS app:Entidad),https://www.ideandalucia.es/wfs-nga/services,alta,Cádiz,Benaocaz,36.735138,-5.447782,2026-08-28
NGA-00246,geografia,toponimo,Arroyo Garganta del Hoyo,"Arroyo Garganta del Hoyo (Curso Fluvial) en Barbate. WGS84: 36.212477, -5.857553.",IECA — Nomenclátor Geográfico de Andalucía (WFS app:Entidad),https://www.ideandalucia.es/wfs-nga/services,alta,Cádiz,Barbate,36.212477,-5.857553,2026-08-28
NGA-00247,geografia,toponimo,Arroyo Garganta del Águila,"Arroyo Garganta del Águila (Curso Fluvial) en Barbate. WGS84: 36.208072, -5.847393.",IECA — Nomenclátor Geográfico de Andalucía (WFS app:Entidad),https://www.ideandalucia.es/wfs-nga/services,alta,Cádiz,Barbate,36.208072,-5.847393,2026-08-28
NGA-00248,geografia,toponimo,Arroyo Garganta los Pájaros,"Arroyo Garganta los Pájaros (Curso Fluvial) en Alcalá de los Gazules. WGS84: 36.355696, -5.697333.",IECA — Nomenclátor Geográfico de Andalucía (WFS app:Entidad),https://www.ideandalucia.es/wfs-nga/services,alta,Cádiz,Alcalá de los Gazules,36.355696,-5.697333,2026-08-28
NGA-00249,geografia,toponimo,Arroyo Gibralmedina,"Arroyo Gibralmedina (Curso Fluvial) en Gaucín. WGS84: 36.476423, -5.379319.",IECA — Nomenclátor Geográfico de Andalucía (WFS app:Entidad),https://www.ideandalucia.es/wfs-nga/services,alta,Cádiz,Gaucín,36.476423,-5.379319,2026-08-28
NGA-00250,geografia,toponimo,Arroyo Guadarín,"Arroyo Guadarín (Curso Fluvial) en Faraján. WGS84: 36.595905, -5.20343.",IECA — Nomenclátor Geográfico de Andalucía (WFS app:Entidad),https://www.ideandalucia.es/wfs-nga/services,alta,Cádiz,Faraján,36.595905,-5.20343,2026-08-28
NGA-00251,geografia,toponimo,Arroyo Honda,"Arroyo Honda (Curso Fluvial) en Júzcar. WGS84: 36.598346, -5.172618.",IECA — Nomenclátor Geográfico de Andalucía (WFS app:Entidad),https://www.ideandalucia.es/wfs-nga/services,alta,Cádiz,Júzcar,36.598346,-5.172618,2026-08-28
NGA-00252,geografia,toponimo,Arroyo Hondo,"Arroyo Hondo (Curso Fluvial) en El Puerto de Santa María. WGS84: 36.692699, -6.309452.",IECA — Nomenclátor Geográfico de Andalucía (WFS app:Entidad),https://www.ideandalucia.es/wfs-nga/services,alta,Cádiz,El Puerto de Santa María,36.692699,-6.309452,2026-08-28
NGA-00253,geografia,toponimo,Arroyo Hondo,"Arroyo Hondo (Curso Fluvial) en Medina Sidonia. WGS84: 36.479992, -5.871024.",IECA — Nomenclátor Geográfico de Andalucía (WFS app:Entidad),https://www.ideandalucia.es/wfs-nga/services,alta,Cádiz,Medina Sidonia,36.479992,-5.871024,2026-08-28
NGA-00254,geografia,toponimo,Arroyo Hondo,"Arroyo Hondo (Curso Fluvial) en Espera. WGS84: 36.873358, -5.778469.",IECA — Nomenclátor Geográfico de Andalucía (WFS app:Entidad),https://www.ideandalucia.es/wfs-nga/services,alta,Cádiz,Espera,36.873358,-5.778469,2026-08-28
NGA-00255,geografia,toponimo,Arroyo Hondo,"Arroyo Hondo (Curso Fluvial) en Tarifa. WGS84: 36.195272, -5.760576.",IECA — Nomenclátor Geográfico de Andalucía (WFS app:Entidad),https://www.ideandalucia.es/wfs-nga/services,alta,Cádiz,Tarifa,36.195272,-5.760576,2026-08-28
NGA-00256,geografia,toponimo,Arroyo Hondo,"Arroyo Hondo (Curso Fluvial) en Puerto Serrano. WGS84: 37.034902, -5.491941.",IECA — Nomenclátor Geográfico de Andalucía (WFS app:Entidad),https://www.ideandalucia.es/wfs-nga/services,alta,Cádiz,Puerto Serrano,37.034902,-5.491941,2026-08-28
NGA-00257,geografia,toponimo,Arroyo Hondo,"Arroyo Hondo (Curso Fluvial) en Setenil de las Bodegas. WGS84: 36.880924, -5.202607.",IECA — Nomenclátor Geográfico de Andalucía (WFS app:Entidad),https://www.ideandalucia.es/wfs-nga/services,alta,Cádiz,Setenil de las Bodegas,36.880924,-5.202607,2026-08-28
NGA-00258,geografia,toponimo,Arroyo Hondo,"Arroyo Hondo (Curso Fluvial) en Cortes de la Frontera. WGS84: 36.608502, -5.342859.",IECA — Nomenclátor Geográfico de Andalucía (WFS app:Entidad),https://www.ideandalucia.es/wfs-nga/services,alta,Cádiz,Cortes de la Frontera,36.608502,-5.342859,2026-08-28
NGA-00259,geografia,toponimo,Arroyo Hondo,"Arroyo Hondo (Curso Fluvial) en Casares. WGS84: 36.426062, -5.271554.",IECA — Nomenclátor Geográfico de Andalucía (WFS app:Entidad),https://www.ideandalucia.es/wfs-nga/services,alta,Cádiz,Casares,36.426062,-5.271554,2026-08-28
NGA-00261,geografia,toponimo,Arroyo Horra Grande,"Arroyo Horra Grande (Curso Fluvial) en Los Barrios. WGS84: 36.222209, -5.626191.",IECA — Nomenclátor Geográfico de Andalucía (WFS app:Entidad),https://www.ideandalucia.es/wfs-nga/services,alta,Cádiz,Los Barrios,36.222209,-5.626191,2026-08-28
NGA-00262,geografia,toponimo,Arroyo Hortijica,"Arroyo Hortijica (Curso Fluvial) en Jimena de la Frontera. WGS84: 36.411062, -5.409495.",IECA — Nomenclátor Geográfico de Andalucía (WFS app:Entidad),https://www.ideandalucia.es/wfs-nga/services,alta,Cádiz,Jimena de la Frontera,36.411062,-5.409495,2026-08-28
NGA-00263,geografia,toponimo,Arroyo Humo,"Arroyo Humo (Curso Fluvial) en Algodonales. WGS84: 36.890177, -5.441404.",IECA — Nomenclátor Geográfico de Andalucía (WFS app:Entidad),https://www.ideandalucia.es/wfs-nga/services,alta,Cádiz,Algodonales,36.890177,-5.441404,2026-08-28
NGA-00264,geografia,toponimo,Arroyo Isla Verde,"Arroyo Isla Verde (Curso Fluvial) en Alcalá de los Gazules. WGS84: 36.356485, -5.722059.",IECA — Nomenclátor Geográfico de Andalucía (WFS app:Entidad),https://www.ideandalucia.es/wfs-nga/services,alta,Cádiz,Alcalá de los Gazules,36.356485,-5.722059,2026-08-28
NGA-00265,geografia,toponimo,Arroyo Jandilla,"Arroyo Jandilla (Curso Fluvial) en Conil de la Frontera. WGS84: 36.305808, -6.038406.",IECA — Nomenclátor Geográfico de Andalucía (WFS app:Entidad),https://www.ideandalucia.es/wfs-nga/services,alta,Cádiz,Conil de la Frontera,36.305808,-6.038406,2026-08-28
NGA-00266,geografia,toponimo,Arroyo Jaral,"Arroyo Jaral (Curso Fluvial) en Pruna. WGS84: 37.04006, -5.216102.",IECA — Nomenclátor Geográfico de Andalucía (WFS app:Entidad),https://www.ideandalucia.es/wfs-nga/services,alta,Cádiz,Pruna,37.04006,-5.216102,2026-08-28
NGA-00267,geografia,toponimo,Arroyo Juan Prieto,"Arroyo Juan Prieto (Curso Fluvial) en Pruna. WGS84: 37.006283, -5.276149.",IECA — Nomenclátor Geográfico de Andalucía (WFS app:Entidad),https://www.ideandalucia.es/wfs-nga/services,alta,Cádiz,Pruna,37.006283,-5.276149,2026-08-28
NGA-00268,geografia,toponimo,Arroyo Judio,"Arroyo Judio (Curso Fluvial) en Estepona. WGS84: 36.441938, -5.103066.",IECA — Nomenclátor Geográfico de Andalucía (WFS app:Entidad),https://www.ideandalucia.es/wfs-nga/services,alta,Cádiz,Estepona,36.441938,-5.103066,2026-08-28
NGA-00269,geografia,toponimo,Arroyo Jédula,"Arroyo Jédula (Curso Fluvial) en Jerez de la Frontera. WGS84: 36.696142, -5.925004.",IECA — Nomenclátor Geográfico de Andalucía (WFS app:Entidad),https://www.ideandalucia.es/wfs-nga/services,alta,Cádiz,Jerez de la Frontera,36.696142,-5.925004,2026-08-28
NGA-00270,geografia,toponimo,Arroyo Júcar,"Arroyo Júcar (Curso Fluvial) en Jimena de la Frontera. WGS84: 36.386621, -5.48366.",IECA — Nomenclátor Geográfico de Andalucía (WFS app:Entidad),https://www.ideandalucia.es/wfs-nga/services,alta,Cádiz,Jimena de la Frontera,36.386621,-5.48366,2026-08-28
NGA-00272,geografia,toponimo,Arroyo Llanos de la Higuera,"Arroyo Llanos de la Higuera (Curso Fluvial) en Alcalá de los Gazules. WGS84: 36.523559, -5.806186.",IECA — Nomenclátor Geográfico de Andalucía (WFS app:Entidad),https://www.ideandalucia.es/wfs-nga/services,alta,Cádiz,Alcalá de los Gazules,36.523559,-5.806186,2026-08-28
NGA-00273,geografia,toponimo,Arroyo Loberas,"Arroyo Loberas (Curso Fluvial) en Cañete la Real. WGS84: 37.004401, -5.112218.",IECA — Nomenclátor Geográfico de Andalucía (WFS app:Entidad),https://www.ideandalucia.es/wfs-nga/services,alta,Cádiz,Cañete la Real,37.004401,-5.112218,2026-08-28
NGA-00274,geografia,toponimo,Arroyo Madre Vieja,"Arroyo Madre Vieja (Curso Fluvial) en Castellar de la Frontera. WGS84: 36.358944, -5.453083.",IECA — Nomenclátor Geográfico de Andalucía (WFS app:Entidad),https://www.ideandalucia.es/wfs-nga/services,alta,Cádiz,Castellar de la Frontera,36.358944,-5.453083,2026-08-28
NGA-00275,geografia,toponimo,Arroyo Madroñales,"Arroyo Madroñales (Curso Fluvial) en Pruna. WGS84: 36.973484, -5.198151.",IECA — Nomenclátor Geográfico de Andalucía (WFS app:Entidad),https://www.ideandalucia.es/wfs-nga/services,alta,Cádiz,Pruna,36.973484,-5.198151,2026-08-28
NGA-00276,geografia,toponimo,Arroyo Majada,"Arroyo Majada (Curso Fluvial) en Ronda. WGS84: 36.817221, -5.125147.",IECA — Nomenclátor Geográfico de Andalucía (WFS app:Entidad),https://www.ideandalucia.es/wfs-nga/services,alta,Cádiz,Ronda,36.817221,-5.125147,2026-08-28
NGA-00277,geografia,toponimo,Arroyo Majada Grande,"Arroyo Majada Grande (Curso Fluvial) en Júzcar. WGS84: 36.573333, -5.153076.",IECA — Nomenclátor Geográfico de Andalucía (WFS app:Entidad),https://www.ideandalucia.es/wfs-nga/services,alta,Cádiz,Júzcar,36.573333,-5.153076,2026-08-28
NGA-00278,geografia,toponimo,Arroyo Majaleta,"Arroyo Majaleta (Curso Fluvial) en Los Barrios. WGS84: 36.206122, -5.467421.",IECA — Nomenclátor Geográfico de Andalucía (WFS app:Entidad),https://www.ideandalucia.es/wfs-nga/services,alta,Cádiz,Los Barrios,36.206122,-5.467421,2026-08-28
NGA-00279,geografia,toponimo,Arroyo Majarromaque,"Arroyo Majarromaque (Curso Fluvial) en Jerez de la Frontera. WGS84: 36.670804, -5.923373.",IECA — Nomenclátor Geográfico de Andalucía (WFS app:Entidad),https://www.ideandalucia.es/wfs-nga/services,alta,Cádiz,Jerez de la Frontera,36.670804,-5.923373,2026-08-28
NGA-00280,geografia,toponimo,Arroyo Majuelo,"Arroyo Majuelo (Curso Fluvial) en Benaoján. WGS84: 36.731603, -5.222455.",IECA — Nomenclátor Geográfico de Andalucía (WFS app:Entidad),https://www.ideandalucia.es/wfs-nga/services,alta,Cádiz,Benaoján,36.731603,-5.222455,2026-08-28
NGA-00281,geografia,toponimo,Arroyo Malaspasadas,"Arroyo Malaspasadas (Curso Fluvial) en Olvera. WGS84: 36.963716, -5.374421.",IECA — Nomenclátor Geográfico de Andalucía (WFS app:Entidad),https://www.ideandalucia.es/wfs-nga/services,alta,Cádiz,Olvera,36.963716,-5.374421,2026-08-28
NGA-00282,geografia,toponimo,Arroyo Manga,"Arroyo Manga (Curso Fluvial) en Pruna. WGS84: 37.012314, -5.19771.",IECA — Nomenclátor Geográfico de Andalucía (WFS app:Entidad),https://www.ideandalucia.es/wfs-nga/services,alta,Cádiz,Pruna,37.012314,-5.19771,2026-08-28
NGA-00283,geografia,toponimo,Arroyo Marchenilla,"Arroyo Marchenilla (Curso Fluvial) en Algeciras. WGS84: 36.094269, -5.465243.",IECA — Nomenclátor Geográfico de Andalucía (WFS app:Entidad),https://www.ideandalucia.es/wfs-nga/services,alta,Cádiz,Algeciras,36.094269,-5.465243,2026-08-28
NGA-00284,geografia,toponimo,Arroyo Martín,"Arroyo Martín (Curso Fluvial) en Igualeja. WGS84: 36.619737, -5.124576.",IECA — Nomenclátor Geográfico de Andalucía (WFS app:Entidad),https://www.ideandalucia.es/wfs-nga/services,alta,Cádiz,Igualeja,36.619737,-5.124576,2026-08-28
NGA-00285,geografia,toponimo,Arroyo Matamoros,"Arroyo Matamoros (Curso Fluvial) en Tarifa. WGS84: 36.036211, -5.568402.",IECA — Nomenclátor Geográfico de Andalucía (WFS app:Entidad),https://www.ideandalucia.es/wfs-nga/services,alta,Cádiz,Tarifa,36.036211,-5.568402,2026-08-28
NGA-00286,geografia,toponimo,Arroyo Matasanos,"Arroyo Matasanos (Curso Fluvial) en Las Cabezas de San Juan. WGS84: 36.929479, -5.890465.",IECA — Nomenclátor Geográfico de Andalucía (WFS app:Entidad),https://www.ideandalucia.es/wfs-nga/services,alta,Cádiz,Las Cabezas de San Juan,36.929479,-5.890465,2026-08-28
NGA-00287,geografia,toponimo,Arroyo Molaza,"Arroyo Molaza (Curso Fluvial) en Vejer de la Frontera. WGS84: 36.343817, -5.930432.",IECA — Nomenclátor Geográfico de Andalucía (WFS app:Entidad),https://www.ideandalucia.es/wfs-nga/services,alta,Cádiz,Vejer de la Frontera,36.343817,-5.930432,2026-08-28
NGA-00288,geografia,toponimo,Arroyo Mondo,"Arroyo Mondo (Curso Fluvial) en Conil de la Frontera. WGS84: 36.272474, -6.064094.",IECA — Nomenclátor Geográfico de Andalucía (WFS app:Entidad),https://www.ideandalucia.es/wfs-nga/services,alta,Cádiz,Conil de la Frontera,36.272474,-6.064094,2026-08-28
NGA-00289,geografia,toponimo,Arroyo Monjarrique,"Arroyo Monjarrique (Curso Fluvial) en El Gastor. WGS84: 36.843666, -5.363834.",IECA — Nomenclátor Geográfico de Andalucía (WFS app:Entidad),https://www.ideandalucia.es/wfs-nga/services,alta,Cádiz,El Gastor,36.843666,-5.363834,2026-08-28
NGA-00290,geografia,toponimo,Arroyo Montana,"Arroyo Montana (Curso Fluvial) en Jerez de la Frontera. WGS84: 36.717387, -6.242555.",IECA — Nomenclátor Geográfico de Andalucía (WFS app:Entidad),https://www.ideandalucia.es/wfs-nga/services,alta,Cádiz,Jerez de la Frontera,36.717387,-6.242555,2026-08-28
NGA-00291,geografia,toponimo,Arroyo Montejaque,"Arroyo Montejaque (Curso Fluvial) en Benaoján. WGS84: 36.720688, -5.249367.",IECA — Nomenclátor Geográfico de Andalucía (WFS app:Entidad),https://www.ideandalucia.es/wfs-nga/services,alta,Cádiz,Benaoján,36.720688,-5.249367,2026-08-28
NGA-00292,geografia,toponimo,Arroyo Mora,"Arroyo Mora (Curso Fluvial) en San Roque. WGS84: 36.288365, -5.307657.",IECA — Nomenclátor Geográfico de Andalucía (WFS app:Entidad),https://www.ideandalucia.es/wfs-nga/services,alta,Cádiz,San Roque,36.288365,-5.307657,2026-08-28
NGA-00293,geografia,toponimo,Arroyo Morales,"Arroyo Morales (Curso Fluvial) en Tarifa. WGS84: 36.22944, -5.721996.",IECA — Nomenclátor Geográfico de Andalucía (WFS app:Entidad),https://www.ideandalucia.es/wfs-nga/services,alta,Cádiz,Tarifa,36.22944,-5.721996,2026-08-28
NGA-00294,geografia,toponimo,Arroyo Moto,"Arroyo Moto (Curso Fluvial) en Puerto Serrano. WGS84: 36.938356, -5.479661.",IECA — Nomenclátor Geográfico de Andalucía (WFS app:Entidad),https://www.ideandalucia.es/wfs-nga/services,alta,Cádiz,Puerto Serrano,36.938356,-5.479661,2026-08-28
NGA-00295,geografia,toponimo,Arroyo Naranjo,"Arroyo Naranjo (Curso Fluvial) en Cañete la Real. WGS84: 37.011307, -5.114733.",IECA — Nomenclátor Geográfico de Andalucía (WFS app:Entidad),https://www.ideandalucia.es/wfs-nga/services,alta,Cádiz,Cañete la Real,37.011307,-5.114733,2026-08-28
NGA-00296,geografia,toponimo,Arroyo Negro,"Arroyo Negro (Curso Fluvial) en La Línea de la Concepción. WGS84: 36.202288, -5.338397.",IECA — Nomenclátor Geográfico de Andalucía (WFS app:Entidad),https://www.ideandalucia.es/wfs-nga/services,alta,Cádiz,La Línea de la Concepción,36.202288,-5.338397,2026-08-28
NGA-00297,geografia,toponimo,Arroyo Negro,"Arroyo Negro (Curso Fluvial) en Ronda. WGS84: 36.720563, -5.139415.",IECA — Nomenclátor Geográfico de Andalucía (WFS app:Entidad),https://www.ideandalucia.es/wfs-nga/services,alta,Cádiz,Ronda,36.720563,-5.139415,2026-08-28
NGA-00298,geografia,toponimo,Arroyo Padrón,"Arroyo Padrón (Curso Fluvial) en Estepona. WGS84: 36.489668, -5.155686.",IECA — Nomenclátor Geográfico de Andalucía (WFS app:Entidad),https://www.ideandalucia.es/wfs-nga/services,alta,Cádiz,Estepona,36.489668,-5.155686,2026-08-28
NGA-00299,geografia,toponimo,Arroyo Patria,"Arroyo Patria (Curso Fluvial) en Vejer de la Frontera. WGS84: 36.278385, -6.014638.",IECA — Nomenclátor Geográfico de Andalucía (WFS app:Entidad),https://www.ideandalucia.es/wfs-nga/services,alta,Cádiz,Vejer de la Frontera,36.278385,-6.014638,2026-08-28
NGA-00300,geografia,toponimo,Arroyo Peña Loja,"Arroyo Peña Loja (Curso Fluvial) en Grazalema. WGS84: 36.756819, -5.354347.",IECA — Nomenclátor Geográfico de Andalucía (WFS app:Entidad),https://www.ideandalucia.es/wfs-nga/services,alta,Cádiz,Grazalema,36.756819,-5.354347,2026-08-28
NGA-00301,geografia,toponimo,Arroyo Peñón de Merino,"Arroyo Peñón de Merino (Curso Fluvial) en Jerez de la Frontera. WGS84: 36.635156, -5.490309.",IECA — Nomenclátor Geográfico de Andalucía (WFS app:Entidad),https://www.ideandalucia.es/wfs-nga/services,alta,Cádiz,Jerez de la Frontera,36.635156,-5.490309,2026-08-28
NGA-00302,geografia,toponimo,Arroyo Piletas,"Arroyo Piletas (Curso Fluvial) en Coripe. WGS84: 36.993102, -5.392135.",IECA — Nomenclátor Geográfico de Andalucía (WFS app:Entidad),https://www.ideandalucia.es/wfs-nga/services,alta,Cádiz,Coripe,36.993102,-5.392135,2026-08-28
NGA-00303,geografia,toponimo,Arroyo Portuguesa,"Arroyo Portuguesa (Curso Fluvial) en Pruna. WGS84: 37.013989, -5.272413.",IECA — Nomenclátor Geográfico de Andalucía (WFS app:Entidad),https://www.ideandalucia.es/wfs-nga/services,alta,Cádiz,Pruna,37.013989,-5.272413,2026-08-28
NGA-00304,geografia,toponimo,Arroyo Puerto del Higuerón,"Arroyo Puerto del Higuerón (Curso Fluvial) en La Línea de la Concepción. WGS84: 36.236364, -5.328604.",IECA — Nomenclátor Geográfico de Andalucía (WFS app:Entidad),https://www.ideandalucia.es/wfs-nga/services,alta,Cádiz,La Línea de la Concepción,36.236364,-5.328604,2026-08-28
NGA-00305,geografia,toponimo,Arroyo Puertollano,"Arroyo Puertollano (Curso Fluvial) en Bornos. WGS84: 36.870775, -5.701917.",IECA — Nomenclátor Geográfico de Andalucía (WFS app:Entidad),https://www.ideandalucia.es/wfs-nga/services,alta,Cádiz,Bornos,36.870775,-5.701917,2026-08-28
NGA-00306,geografia,toponimo,Arroyo Puntanillas,"Arroyo Puntanillas (Curso Fluvial) en Pruna. WGS84: 37.019293, -5.28784.",IECA — Nomenclátor Geográfico de Andalucía (WFS app:Entidad),https://www.ideandalucia.es/wfs-nga/services,alta,Cádiz,Pruna,37.019293,-5.28784,2026-08-28
NGA-00307,geografia,toponimo,Arroyo Quejical,"Arroyo Quejical (Curso Fluvial) en Montellano. WGS84: 37.001605, -5.51334.",IECA — Nomenclátor Geográfico de Andalucía (WFS app:Entidad),https://www.ideandalucia.es/wfs-nga/services,alta,Cádiz,Montellano,37.001605,-5.51334,2026-08-28
NGA-00308,geografia,toponimo,Arroyo Quiñones,"Arroyo Quiñones (Curso Fluvial) en Vejer de la Frontera. WGS84: 36.241383, -5.968906.",IECA — Nomenclátor Geográfico de Andalucía (WFS app:Entidad),https://www.ideandalucia.es/wfs-nga/services,alta,Cádiz,Vejer de la Frontera,36.241383,-5.968906,2026-08-28
NGA-00309,geografia,toponimo,Arroyo Rabitilla,"Arroyo Rabitilla (Curso Fluvial) en Pruna. WGS84: 37.028666, -5.202562.",IECA — Nomenclátor Geográfico de Andalucía (WFS app:Entidad),https://www.ideandalucia.es/wfs-nga/services,alta,Cádiz,Pruna,37.028666,-5.202562,2026-08-28
NGA-00310,geografia,toponimo,Arroyo Raje,"Arroyo Raje (Curso Fluvial) en Jimena de la Frontera. WGS84: 36.410216, -5.362137.",IECA — Nomenclátor Geográfico de Andalucía (WFS app:Entidad),https://www.ideandalucia.es/wfs-nga/services,alta,Cádiz,Jimena de la Frontera,36.410216,-5.362137,2026-08-28
NGA-00311,geografia,toponimo,Arroyo Redondo,"Arroyo Redondo (Curso Fluvial) en El Coronil. WGS84: 36.925171, -5.579026.",IECA — Nomenclátor Geográfico de Andalucía (WFS app:Entidad),https://www.ideandalucia.es/wfs-nga/services,alta,Cádiz,El Coronil,36.925171,-5.579026,2026-08-28
NGA-00312,geografia,toponimo,Arroyo Riachuelo,"Arroyo Riachuelo (Curso Fluvial) en Júzcar. WGS84: 36.618817, -5.171316.",IECA — Nomenclátor Geográfico de Andalucía (WFS app:Entidad),https://www.ideandalucia.es/wfs-nga/services,alta,Cádiz,Júzcar,36.618817,-5.171316,2026-08-28
NGA-00313,geografia,toponimo,Arroyo Romera,"Arroyo Romera (Curso Fluvial) en Montellano. WGS84: 36.981312, -5.507042.",IECA — Nomenclátor Geográfico de Andalucía (WFS app:Entidad),https://www.ideandalucia.es/wfs-nga/services,alta,Cádiz,Montellano,36.981312,-5.507042,2026-08-28
NGA-00314,geografia,toponimo,Arroyo Rosa Palma,"Arroyo Rosa Palma (Curso Fluvial) en Olvera. WGS84: 37.010598, -5.306557.",IECA — Nomenclátor Geográfico de Andalucía (WFS app:Entidad),https://www.ideandalucia.es/wfs-nga/services,alta,Cádiz,Olvera,37.010598,-5.306557,2026-08-28
NGA-00315,geografia,toponimo,Arroyo Saladavieja,"Arroyo Saladavieja (Curso Fluvial) en Tarifa. WGS84: 36.145476, -5.659322.",IECA — Nomenclátor Geográfico de Andalucía (WFS app:Entidad),https://www.ideandalucia.es/wfs-nga/services,alta,Cádiz,Tarifa,36.145476,-5.659322,2026-08-28
NGA-00316,geografia,toponimo,Arroyo Saladile,"Arroyo Saladile (Curso Fluvial) en Torre Alháquime. WGS84: 36.915254, -5.249043.",IECA — Nomenclátor Geográfico de Andalucía (WFS app:Entidad),https://www.ideandalucia.es/wfs-nga/services,alta,Cádiz,Torre Alháquime,36.915254,-5.249043,2026-08-28
NGA-00317,geografia,toponimo,Arroyo Saladillo,"Arroyo Saladillo (Curso Fluvial) en Vejer de la Frontera. WGS84: 36.342558, -5.945494.",IECA — Nomenclátor Geográfico de Andalucía (WFS app:Entidad),https://www.ideandalucia.es/wfs-nga/services,alta,Cádiz,Vejer de la Frontera,36.342558,-5.945494,2026-08-28
NGA-00318,geografia,toponimo,Arroyo Salado,"Arroyo Salado (Curso Fluvial) en Jerez de la Frontera. WGS84: 36.651266, -6.087985.",IECA — Nomenclátor Geográfico de Andalucía (WFS app:Entidad),https://www.ideandalucia.es/wfs-nga/services,alta,Cádiz,Jerez de la Frontera,36.651266,-6.087985,2026-08-28
NGA-00319,geografia,toponimo,Arroyo Salado,"Arroyo Salado (Obra Hidráulica) en Jerez de la Frontera. WGS84: 36.716986, -6.060604.",IECA — Nomenclátor Geográfico de Andalucía (WFS app:Entidad),https://www.ideandalucia.es/wfs-nga/services,alta,Cádiz,Jerez de la Frontera,36.716986,-6.060604,2026-08-28
NGA-00320,geografia,toponimo,Arroyo Salado,"Arroyo Salado (Curso Fluvial) en Medina Sidonia. WGS84: 36.432727, -5.813131.",IECA — Nomenclátor Geográfico de Andalucía (WFS app:Entidad),https://www.ideandalucia.es/wfs-nga/services,alta,Cádiz,Medina Sidonia,36.432727,-5.813131,2026-08-28
NGA-00321,geografia,toponimo,Arroyo Salado,"Arroyo Salado (Obra Hidráulica) en Las Cabezas de San Juan. WGS84: 36.946755, -5.942995.",IECA — Nomenclátor Geográfico de Andalucía (WFS app:Entidad),https://www.ideandalucia.es/wfs-nga/services,alta,Cádiz,Las Cabezas de San Juan,36.946755,-5.942995,2026-08-28
NGA-00322,geografia,toponimo,Arroyo Salado,"Arroyo Salado (Curso Fluvial) en Las Cabezas de San Juan. WGS84: 36.911213, -5.857243.",IECA — Nomenclátor Geográfico de Andalucía (WFS app:Entidad),https://www.ideandalucia.es/wfs-nga/services,alta,Cádiz,Las Cabezas de San Juan,36.911213,-5.857243,2026-08-28
NGA-00323,geografia,toponimo,Arroyo Salado,"Arroyo Salado (Curso Fluvial) en Chiclana de la Frontera. WGS84: 36.415407, -6.089971.",IECA — Nomenclátor Geográfico de Andalucía (WFS app:Entidad),https://www.ideandalucia.es/wfs-nga/services,alta,Cádiz,Chiclana de la Frontera,36.415407,-6.089971,2026-08-28
NGA-00324,geografia,toponimo,Arroyo Salado,"Arroyo Salado (Curso Fluvial) en Arcos de la Frontera. WGS84: 36.743785, -5.585816.",IECA — Nomenclátor Geográfico de Andalucía (WFS app:Entidad),https://www.ideandalucia.es/wfs-nga/services,alta,Cádiz,Arcos de la Frontera,36.743785,-5.585816,2026-08-28
NGA-00325,geografia,toponimo,Arroyo Salado,"Arroyo Salado (Curso Fluvial) en Tarifa. WGS84: 36.037945, -5.626273.",IECA — Nomenclátor Geográfico de Andalucía (WFS app:Entidad),https://www.ideandalucia.es/wfs-nga/services,alta,Cádiz,Tarifa,36.037945,-5.626273,2026-08-28
NGA-00326,geografia,toponimo,Arroyo Salado,"Arroyo Salado (Curso Fluvial) en Olvera. WGS84: 36.96224, -5.309201.",IECA — Nomenclátor Geográfico de Andalucía (WFS app:Entidad),https://www.ideandalucia.es/wfs-nga/services,alta,Cádiz,Olvera,36.96224,-5.309201,2026-08-28
NGA-00327,geografia,toponimo,Arroyo Salado,"Arroyo Salado (Curso Fluvial) en Jimena de la Frontera. WGS84: 36.380043, -5.433219.",IECA — Nomenclátor Geográfico de Andalucía (WFS app:Entidad),https://www.ideandalucia.es/wfs-nga/services,alta,Cádiz,Jimena de la Frontera,36.380043,-5.433219,2026-08-28
NGA-00328,geografia,toponimo,Arroyo Salado de Doña Benita,"Arroyo Salado de Doña Benita (Curso Fluvial) en Jerez de la Frontera. WGS84: 36.593347, -5.97209.",IECA — Nomenclátor Geográfico de Andalucía (WFS app:Entidad),https://www.ideandalucia.es/wfs-nga/services,alta,Cádiz,Jerez de la Frontera,36.593347,-5.97209,2026-08-28
NGA-00329,geografia,toponimo,Arroyo Salado de Espera,"Arroyo Salado de Espera (Curso Fluvial) en Arcos de la Frontera. WGS84: 36.769803, -5.849145.",IECA — Nomenclátor Geográfico de Andalucía (WFS app:Entidad),https://www.ideandalucia.es/wfs-nga/services,alta,Cádiz,Arcos de la Frontera,36.769803,-5.849145,2026-08-28
NGA-00330,geografia,toponimo,Arroyo Salado de Lebrija,"Arroyo Salado de Lebrija (Obra Hidráulica) en Las Cabezas de San Juan. WGS84: 36.947354, -5.971691.",IECA — Nomenclátor Geográfico de Andalucía (WFS app:Entidad),https://www.ideandalucia.es/wfs-nga/services,alta,Cádiz,Las Cabezas de San Juan,36.947354,-5.971691,2026-08-28
NGA-00331,geografia,toponimo,Arroyo Salado de Medina Sidonia,"Arroyo Salado de Medina Sidonia (Obra Hidráulica) en Medina Sidonia. WGS84: 36.517546, -5.901136.",IECA — Nomenclátor Geográfico de Andalucía (WFS app:Entidad),https://www.ideandalucia.es/wfs-nga/services,alta,Cádiz,Medina Sidonia,36.517546,-5.901136,2026-08-28
NGA-00332,geografia,toponimo,Arroyo Salado de Medina Sidonia,"Arroyo Salado de Medina Sidonia (Curso Fluvial) en Jerez de la Frontera. WGS84: 36.543794, -5.900344.",IECA — Nomenclátor Geográfico de Andalucía (WFS app:Entidad),https://www.ideandalucia.es/wfs-nga/services,alta,Cádiz,Jerez de la Frontera,36.543794,-5.900344,2026-08-28
NGA-00333,geografia,toponimo,Arroyo Salado de Paterna,"Arroyo Salado de Paterna (Curso Fluvial) en Jerez de la Frontera. WGS84: 36.601634, -5.943405.",IECA — Nomenclátor Geográfico de Andalucía (WFS app:Entidad),https://www.ideandalucia.es/wfs-nga/services,alta,Cádiz,Jerez de la Frontera,36.601634,-5.943405,2026-08-28
NGA-00334,geografia,toponimo,Arroyo Salado de Puerto Real,"Arroyo Salado de Puerto Real (Curso Fluvial) en Puerto Real. WGS84: 36.549235, -6.022231.",IECA — Nomenclátor Geográfico de Andalucía (WFS app:Entidad),https://www.ideandalucia.es/wfs-nga/services,alta,Cádiz,Puerto Real,36.549235,-6.022231,2026-08-28
NGA-00335,geografia,toponimo,Arroyo Salinilla,"Arroyo Salinilla (Curso Fluvial) en Las Cabezas de San Juan. WGS84: 36.975964, -5.904949.",IECA — Nomenclátor Geográfico de Andalucía (WFS app:Entidad),https://www.ideandalucia.es/wfs-nga/services,alta,Cádiz,Las Cabezas de San Juan,36.975964,-5.904949,2026-08-28
NGA-00336,geografia,toponimo,Arroyo San Fernando,"Arroyo San Fernando (Curso Fluvial) en Medina Sidonia. WGS84: 36.296842, -5.716898.",IECA — Nomenclátor Geográfico de Andalucía (WFS app:Entidad),https://www.ideandalucia.es/wfs-nga/services,alta,Cádiz,Medina Sidonia,36.296842,-5.716898,2026-08-28
NGA-00337,geografia,toponimo,Arroyo Santa Margarita,"Arroyo Santa Margarita (Curso Fluvial) en Algar. WGS84: 36.644645, -5.640152.",IECA — Nomenclátor Geográfico de Andalucía (WFS app:Entidad),https://www.ideandalucia.es/wfs-nga/services,alta,Cádiz,Algar,36.644645,-5.640152,2026-08-28
NGA-00339,geografia,toponimo,Arroyo Seco,"Arroyo Seco (Curso Fluvial) en Barbate. WGS84: 36.161286, -5.865843.",IECA — Nomenclátor Geográfico de Andalucía (WFS app:Entidad),https://www.ideandalucia.es/wfs-nga/services,alta,Cádiz,Barbate,36.161286,-5.865843,2026-08-28
NGA-00340,geografia,toponimo,Arroyo Seco,"Arroyo Seco (Curso Fluvial) en Los Barrios. WGS84: 36.234368, -5.670512.",IECA — Nomenclátor Geográfico de Andalucía (WFS app:Entidad),https://www.ideandalucia.es/wfs-nga/services,alta,Cádiz,Los Barrios,36.234368,-5.670512,2026-08-28
NGA-00341,geografia,toponimo,Arroyo Seco,"Arroyo Seco (Curso Fluvial) en Ubrique. WGS84: 36.665609, -5.45242.",IECA — Nomenclátor Geográfico de Andalucía (WFS app:Entidad),https://www.ideandalucia.es/wfs-nga/services,alta,Cádiz,Ubrique,36.665609,-5.45242,2026-08-28
NGA-00342,geografia,toponimo,Arroyo Sedadillas,"Arroyo Sedadillas (Curso Fluvial) en Algámitas. WGS84: 37.018061, -5.138576.",IECA — Nomenclátor Geográfico de Andalucía (WFS app:Entidad),https://www.ideandalucia.es/wfs-nga/services,alta,Cádiz,Algámitas,37.018061,-5.138576,2026-08-28
NGA-00343,geografia,toponimo,Arroyo Sequillo,"Arroyo Sequillo (Curso Fluvial) en Lebrija. WGS84: 36.910992, -6.019564.",IECA — Nomenclátor Geográfico de Andalucía (WFS app:Entidad),https://www.ideandalucia.es/wfs-nga/services,alta,Cádiz,Lebrija,36.910992,-6.019564,2026-08-28
NGA-00344,geografia,toponimo,Arroyo Serracín,"Arroyo Serracín (Curso Fluvial) en Villamartín. WGS84: 36.869164, -5.636405.",IECA — Nomenclátor Geográfico de Andalucía (WFS app:Entidad),https://www.ideandalucia.es/wfs-nga/services,alta,Cádiz,Villamartín,36.869164,-5.636405,2026-08-28
NGA-00345,geografia,toponimo,Arroyo Tocón,"Arroyo Tocón (Curso Fluvial) en Casares. WGS84: 36.439681, -5.288187.",IECA — Nomenclátor Geográfico de Andalucía (WFS app:Entidad),https://www.ideandalucia.es/wfs-nga/services,alta,Cádiz,Casares,36.439681,-5.288187,2026-08-28
NGA-00346,geografia,toponimo,Arroyo Toriles,"Arroyo Toriles (Curso Fluvial) en Tarifa. WGS84: 36.173451, -5.713962.",IECA — Nomenclátor Geográfico de Andalucía (WFS app:Entidad),https://www.ideandalucia.es/wfs-nga/services,alta,Cádiz,Tarifa,36.173451,-5.713962,2026-08-28
NGA-00347,geografia,toponimo,Arroyo Torres,"Arroyo Torres (Curso Fluvial) en Arcos de la Frontera. WGS84: 36.71794, -5.694625.",IECA — Nomenclátor Geográfico de Andalucía (WFS app:Entidad),https://www.ideandalucia.es/wfs-nga/services,alta,Cádiz,Arcos de la Frontera,36.71794,-5.694625,2026-08-28
NGA-00348,geografia,toponimo,Arroyo Tres Picos,"Arroyo Tres Picos (Curso Fluvial) en Prado del Rey. WGS84: 36.755942, -5.553124.",IECA — Nomenclátor Geográfico de Andalucía (WFS app:Entidad),https://www.ideandalucia.es/wfs-nga/services,alta,Cádiz,Prado del Rey,36.755942,-5.553124,2026-08-28
NGA-00349,geografia,toponimo,Arroyo Tudyn,"Arroyo Tudyn (Curso Fluvial) en Castellar de la Frontera. WGS84: 36.303369, -5.360089.",IECA — Nomenclátor Geográfico de Andalucía (WFS app:Entidad),https://www.ideandalucia.es/wfs-nga/services,alta,Cádiz,Castellar de la Frontera,36.303369,-5.360089,2026-08-28
NGA-00350,geografia,toponimo,Arroyo Vaquero,"Arroyo Vaquero (Curso Fluvial) en Estepona. WGS84: 36.407207, -5.203823.",IECA — Nomenclátor Geográfico de Andalucía (WFS app:Entidad),https://www.ideandalucia.es/wfs-nga/services,alta,Cádiz,Estepona,36.407207,-5.203823,2026-08-28
NGA-00352,geografia,toponimo,Arroyo Vertiente,"Arroyo Vertiente (Curso Fluvial) en Setenil de las Bodegas. WGS84: 36.899107, -5.207873.",IECA — Nomenclátor Geográfico de Andalucía (WFS app:Entidad),https://www.ideandalucia.es/wfs-nga/services,alta,Cádiz,Setenil de las Bodegas,36.899107,-5.207873,2026-08-28
NGA-00353,geografia,toponimo,Arroyo Vico,"Arroyo Vico (Curso Fluvial) en Jimera de Líbar. WGS84: 36.638977, -5.295402.",IECA — Nomenclátor Geográfico de Andalucía (WFS app:Entidad),https://www.ideandalucia.es/wfs-nga/services,alta,Cádiz,Jimera de Líbar,36.638977,-5.295402,2026-08-28
NGA-00354,geografia,toponimo,Arroyo Vinagrero,"Arroyo Vinagrero (Curso Fluvial) en Ronda. WGS84: 36.737255, -5.133974.",IECA — Nomenclátor Geográfico de Andalucía (WFS app:Entidad),https://www.ideandalucia.es/wfs-nga/services,alta,Cádiz,Ronda,36.737255,-5.133974,2026-08-28
NGA-00355,geografia,toponimo,Arroyo Viña del Indiano,"Arroyo Viña del Indiano (Curso Fluvial) en Jimena de la Frontera. WGS84: 36.442321, -5.382013.",IECA — Nomenclátor Geográfico de Andalucía (WFS app:Entidad),https://www.ideandalucia.es/wfs-nga/services,alta,Cádiz,Jimena de la Frontera,36.442321,-5.382013,2026-08-28
NGA-00356,geografia,toponimo,Arroyo Viñas,"Arroyo Viñas (Curso Fluvial) en Tarifa. WGS84: 36.035457, -5.544036.",IECA — Nomenclátor Geográfico de Andalucía (WFS app:Entidad),https://www.ideandalucia.es/wfs-nga/services,alta,Cádiz,Tarifa,36.035457,-5.544036,2026-08-28
NGA-00357,geografia,toponimo,Arroyo Zahara,"Arroyo Zahara (Curso Fluvial) en Olvera. WGS84: 36.923082, -5.307132.",IECA — Nomenclátor Geográfico de Andalucía (WFS app:Entidad),https://www.ideandalucia.es/wfs-nga/services,alta,Cádiz,Olvera,36.923082,-5.307132,2026-08-28
NGA-00358,geografia,toponimo,Arroyo Zamarra,"Arroyo Zamarra (Curso Fluvial) en Villamartín. WGS84: 36.911398, -5.656464.",IECA — Nomenclátor Geográfico de Andalucía (WFS app:Entidad),https://www.ideandalucia.es/wfs-nga/services,alta,Cádiz,Villamartín,36.911398,-5.656464,2026-08-28
NGA-00359,geografia,toponimo,Arroyo Zumajo,"Arroyo Zumajo (Curso Fluvial) en Vejer de la Frontera. WGS84: 36.310588, -5.986472.",IECA — Nomenclátor Geográfico de Andalucía (WFS app:Entidad),https://www.ideandalucia.es/wfs-nga/services,alta,Cádiz,Vejer de la Frontera,36.310588,-5.986472,2026-08-28
NGA-00360,geografia,toponimo,Arroyo de Aguirre,"Arroyo de Aguirre (Curso Fluvial) en Los Barrios. WGS84: 36.187088, -5.529169.",IECA — Nomenclátor Geográfico de Andalucía (WFS app:Entidad),https://www.ideandalucia.es/wfs-nga/services,alta,Cádiz,Los Barrios,36.187088,-5.529169,2026-08-28
NGA-00361,geografia,toponimo,Arroyo de Ahogaratones,"Arroyo de Ahogaratones (Curso Fluvial) en Chiclana de la Frontera. WGS84: 36.366743, -6.138029.",IECA — Nomenclátor Geográfico de Andalucía (WFS app:Entidad),https://www.ideandalucia.es/wfs-nga/services,alta,Cádiz,Chiclana de la Frontera,36.366743,-6.138029,2026-08-28
NGA-00362,geografia,toponimo,Arroyo de Ahoreada,"Arroyo de Ahoreada (Curso Fluvial) en Montellano. WGS84: 37.022513, -5.55889.",IECA — Nomenclátor Geográfico de Andalucía (WFS app:Entidad),https://www.ideandalucia.es/wfs-nga/services,alta,Cádiz,Montellano,37.022513,-5.55889,2026-08-28
NGA-00363,geografia,toponimo,Arroyo de Albalá,"Arroyo de Albalá (Curso Fluvial) en Arcos de la Frontera. WGS84: 36.792991, -5.692268.",IECA — Nomenclátor Geográfico de Andalucía (WFS app:Entidad),https://www.ideandalucia.es/wfs-nga/services,alta,Cádiz,Arcos de la Frontera,36.792991,-5.692268,2026-08-28
NGA-00364,geografia,toponimo,Arroyo de Alberite,"Arroyo de Alberite (Curso Fluvial) en Arcos de la Frontera. WGS84: 36.817574, -5.693073.",IECA — Nomenclátor Geográfico de Andalucía (WFS app:Entidad),https://www.ideandalucia.es/wfs-nga/services,alta,Cádiz,Arcos de la Frontera,36.817574,-5.693073,2026-08-28
NGA-00365,geografia,toponimo,Arroyo de Alcorrín,"Arroyo de Alcorrín (Curso Fluvial) en Manilva. WGS84: 36.344301, -5.253931.",IECA — Nomenclátor Geográfico de Andalucía (WFS app:Entidad),https://www.ideandalucia.es/wfs-nga/services,alta,Cádiz,Manilva,36.344301,-5.253931,2026-08-28
NGA-00366,geografia,toponimo,Arroyo de Algarejo,"Arroyo de Algarejo (Curso Fluvial) en Medina Sidonia. WGS84: 36.371448, -5.907033.",IECA — Nomenclátor Geográfico de Andalucía (WFS app:Entidad),https://www.ideandalucia.es/wfs-nga/services,alta,Cádiz,Medina Sidonia,36.371448,-5.907033,2026-08-28
NGA-00367,geografia,toponimo,Arroyo de Algatocín,"Arroyo de Algatocín (Curso Fluvial) en Algatocín. WGS84: 36.568709, -5.25629.",IECA — Nomenclátor Geográfico de Andalucía (WFS app:Entidad),https://www.ideandalucia.es/wfs-nga/services,alta,Cádiz,Algatocín,36.568709,-5.25629,2026-08-28
NGA-00368,geografia,toponimo,Arroyo de Alhaja,"Arroyo de Alhaja (Curso Fluvial) en San Roque. WGS84: 36.232675, -5.399185.",IECA — Nomenclátor Geográfico de Andalucía (WFS app:Entidad),https://www.ideandalucia.es/wfs-nga/services,alta,Cádiz,San Roque,36.232675,-5.399185,2026-08-28
NGA-00369,geografia,toponimo,Arroyo de Aljarán,"Arroyo de Aljarán (Curso Fluvial) en Genalguacil. WGS84: 36.51775, -5.257797.",IECA — Nomenclátor Geográfico de Andalucía (WFS app:Entidad),https://www.ideandalucia.es/wfs-nga/services,alta,Cádiz,Genalguacil,36.51775,-5.257797,2026-08-28
NGA-00370,geografia,toponimo,Arroyo de Almargen,"Arroyo de Almargen (Curso Fluvial) en Parauta. WGS84: 36.663365, -5.129288.",IECA — Nomenclátor Geográfico de Andalucía (WFS app:Entidad),https://www.ideandalucia.es/wfs-nga/services,alta,Cádiz,Parauta,36.663365,-5.129288,2026-08-28
NGA-00371,geografia,toponimo,Arroyo de Alocaz,"Arroyo de Alocaz (Curso Fluvial) en Utrera. WGS84: 37.031939, -5.8788.",IECA — Nomenclátor Geográfico de Andalucía (WFS app:Entidad),https://www.ideandalucia.es/wfs-nga/services,alta,Cádiz,Utrera,37.031939,-5.8788,2026-08-28
NGA-00372,geografia,toponimo,Arroyo de Alonso,"Arroyo de Alonso (Curso Fluvial) en Olvera. WGS84: 36.904636, -5.306892.",IECA — Nomenclátor Geográfico de Andalucía (WFS app:Entidad),https://www.ideandalucia.es/wfs-nga/services,alta,Cádiz,Olvera,36.904636,-5.306892,2026-08-28
NGA-00373,geografia,toponimo,Arroyo de Alpariate,"Arroyo de Alpariate (Curso Fluvial) en Tarifa. WGS84: 36.093928, -5.76666.",IECA — Nomenclátor Geográfico de Andalucía (WFS app:Entidad),https://www.ideandalucia.es/wfs-nga/services,alta,Cádiz,Tarifa,36.093928,-5.76666,2026-08-28
NGA-00374,geografia,toponimo,Arroyo de Andagamazán,"Arroyo de Andagamazán (Curso Fluvial) en Júzcar. WGS84: 36.611498, -5.177075.",IECA — Nomenclátor Geográfico de Andalucía (WFS app:Entidad),https://www.ideandalucia.es/wfs-nga/services,alta,Cádiz,Júzcar,36.611498,-5.177075,2026-08-28
NGA-00375,geografia,toponimo,Arroyo de Anicarrón,"Arroyo de Anicarrón (Curso Fluvial) en Igualeja. WGS84: 36.632245, -5.110289.",IECA — Nomenclátor Geográfico de Andalucía (WFS app:Entidad),https://www.ideandalucia.es/wfs-nga/services,alta,Cádiz,Igualeja,36.632245,-5.110289,2026-08-28
NGA-00376,geografia,toponimo,Arroyo de Arcaría,"Arroyo de Arcaría (Curso Fluvial) en Jerez de la Frontera. WGS84: 36.626889, -5.544839.",IECA — Nomenclátor Geográfico de Andalucía (WFS app:Entidad),https://www.ideandalucia.es/wfs-nga/services,alta,Cádiz,Jerez de la Frontera,36.626889,-5.544839,2026-08-28
NGA-00377,geografia,toponimo,Arroyo de Armaña,"Arroyo de Armaña (Curso Fluvial) en Gaucín. WGS84: 36.491982, -5.367068.",IECA — Nomenclátor Geográfico de Andalucía (WFS app:Entidad),https://www.ideandalucia.es/wfs-nga/services,alta,Cádiz,Gaucín,36.491982,-5.367068,2026-08-28
NGA-00378,geografia,toponimo,Arroyo de Armenta,"Arroyo de Armenta (Curso Fluvial) en Alcalá de los Gazules. WGS84: 36.367679, -5.692083.",IECA — Nomenclátor Geográfico de Andalucía (WFS app:Entidad),https://www.ideandalucia.es/wfs-nga/services,alta,Cádiz,Alcalá de los Gazules,36.367679,-5.692083,2026-08-28
NGA-00379,geografia,toponimo,Arroyo de Atajate de Molinilla,"Arroyo de Atajate de Molinilla (Curso Fluvial) en Jimera de Líbar. WGS84: 36.645005, -5.282079.",IECA — Nomenclátor Geográfico de Andalucía (WFS app:Entidad),https://www.ideandalucia.es/wfs-nga/services,alta,Cádiz,Jimera de Líbar,36.645005,-5.282079,2026-08-28
NGA-00380,geografia,toponimo,Arroyo de Atrera,"Arroyo de Atrera (Curso Fluvial) en Arcos de la Frontera. WGS84: 36.717473, -5.546304.",IECA — Nomenclátor Geográfico de Andalucía (WFS app:Entidad),https://www.ideandalucia.es/wfs-nga/services,alta,Cádiz,Arcos de la Frontera,36.717473,-5.546304,2026-08-28
NGA-00381,geografia,toponimo,Arroyo de Audalaz,"Arroyo de Audalaz (Curso Fluvial) en Alpandeire. WGS84: 36.643881, -5.222803.",IECA — Nomenclátor Geográfico de Andalucía (WFS app:Entidad),https://www.ideandalucia.es/wfs-nga/services,alta,Cádiz,Alpandeire,36.643881,-5.222803,2026-08-28
NGA-00382,geografia,toponimo,Arroyo de Azufre,"Arroyo de Azufre (Curso Fluvial) en Jimena de la Frontera. WGS84: 36.410237, -5.370299.",IECA — Nomenclátor Geográfico de Andalucía (WFS app:Entidad),https://www.ideandalucia.es/wfs-nga/services,alta,Cádiz,Jimena de la Frontera,36.410237,-5.370299,2026-08-28
NGA-00383,geografia,toponimo,Arroyo de Balapala,"Arroyo de Balapala (Curso Fluvial) en Ubrique. WGS84: 36.679737, -5.507164.",IECA — Nomenclátor Geográfico de Andalucía (WFS app:Entidad),https://www.ideandalucia.es/wfs-nga/services,alta,Cádiz,Ubrique,36.679737,-5.507164,2026-08-28
NGA-00384,geografia,toponimo,Arroyo de Balastaz,"Arroyo de Balastaz (Curso Fluvial) en Faraján. WGS84: 36.618267, -5.199089.",IECA — Nomenclátor Geográfico de Andalucía (WFS app:Entidad),https://www.ideandalucia.es/wfs-nga/services,alta,Cádiz,Faraján,36.618267,-5.199089,2026-08-28
NGA-00385,geografia,toponimo,Arroyo de Ballesteros,"Arroyo de Ballesteros (Curso Fluvial) en Algámitas. WGS84: 37.032446, -5.142549.",IECA — Nomenclátor Geográfico de Andalucía (WFS app:Entidad),https://www.ideandalucia.es/wfs-nga/services,alta,Cádiz,Algámitas,37.032446,-5.142549,2026-08-28
NGA-00386,geografia,toponimo,Arroyo de Barcillo,"Arroyo de Barcillo (Curso Fluvial) en Jimena de la Frontera. WGS84: 36.36238, -5.435269.",IECA — Nomenclátor Geográfico de Andalucía (WFS app:Entidad),https://www.ideandalucia.es/wfs-nga/services,alta,Cádiz,Jimena de la Frontera,36.36238,-5.435269,2026-08-28
NGA-00387,geografia,toponimo,Arroyo de Barranco Hondo,"Arroyo de Barranco Hondo (Curso Fluvial) en Pujerra. WGS84: 36.592125, -5.122461.",IECA — Nomenclátor Geográfico de Andalucía (WFS app:Entidad),https://www.ideandalucia.es/wfs-nga/services,alta,Cádiz,Pujerra,36.592125,-5.122461,2026-08-28
NGA-00388,geografia,toponimo,Arroyo de Benaharas,"Arroyo de Benaharas (Curso Fluvial) en Los Barrios. WGS84: 36.177726, -5.502119.",IECA — Nomenclátor Geográfico de Andalucía (WFS app:Entidad),https://www.ideandalucia.es/wfs-nga/services,alta,Cádiz,Los Barrios,36.177726,-5.502119,2026-08-28
NGA-00389,geografia,toponimo,Arroyo de Benajamuz,"Arroyo de Benajamuz (Curso Fluvial) en Algatocín. WGS84: 36.579248, -5.257925.",IECA — Nomenclátor Geográfico de Andalucía (WFS app:Entidad),https://www.ideandalucia.es/wfs-nga/services,alta,Cádiz,Algatocín,36.579248,-5.257925,2026-08-28
NGA-00390,geografia,toponimo,Arroyo de Benajima,"Arroyo de Benajima (Curso Fluvial) en Algar. WGS84: 36.675186, -5.675783.",IECA — Nomenclátor Geográfico de Andalucía (WFS app:Entidad),https://www.ideandalucia.es/wfs-nga/services,alta,Cádiz,Algar,36.675186,-5.675783,2026-08-28
NGA-00391,geografia,toponimo,Arroyo de Benalup,"Arroyo de Benalup (Curso Fluvial) en Alcalá de los Gazules. WGS84: 36.378542, -5.783338.",IECA — Nomenclátor Geográfico de Andalucía (WFS app:Entidad),https://www.ideandalucia.es/wfs-nga/services,alta,Cádiz,Alcalá de los Gazules,36.378542,-5.783338,2026-08-28
NGA-00392,geografia,toponimo,Arroyo de Benalup de Sidonia,"Arroyo de Benalup de Sidonia (Curso Fluvial) en Medina Sidonia. WGS84: 36.503071, -6.002388.",IECA — Nomenclátor Geográfico de Andalucía (WFS app:Entidad),https://www.ideandalucia.es/wfs-nga/services,alta,Cádiz,Medina Sidonia,36.503071,-6.002388,2026-08-28
NGA-00393,geografia,toponimo,Arroyo de Benamaya,"Arroyo de Benamaya (Curso Fluvial) en Benadalid. WGS84: 36.615725, -5.251289.",IECA — Nomenclátor Geográfico de Andalucía (WFS app:Entidad),https://www.ideandalucia.es/wfs-nga/services,alta,Cádiz,Benadalid,36.615725,-5.251289,2026-08-28
NGA-00394,geografia,toponimo,Arroyo de Benazaina,"Arroyo de Benazaina (Curso Fluvial) en Jimena de la Frontera. WGS84: 36.479199, -5.489327.",IECA — Nomenclátor Geográfico de Andalucía (WFS app:Entidad),https://www.ideandalucia.es/wfs-nga/services,alta,Cádiz,Jimena de la Frontera,36.479199,-5.489327,2026-08-28
NGA-00395,geografia,toponimo,Arroyo de Bermejo,"Arroyo de Bermejo (Curso Fluvial) en Tarifa. WGS84: 36.115505, -5.715601.",IECA — Nomenclátor Geográfico de Andalucía (WFS app:Entidad),https://www.ideandalucia.es/wfs-nga/services,alta,Cádiz,Tarifa,36.115505,-5.715601,2026-08-28
NGA-00396,geografia,toponimo,Arroyo de Bernadirno,"Arroyo de Bernadirno (Curso Fluvial) en Alcalá de los Gazules. WGS84: 36.435264, -5.64269.",IECA — Nomenclátor Geográfico de Andalucía (WFS app:Entidad),https://www.ideandalucia.es/wfs-nga/services,alta,Cádiz,Alcalá de los Gazules,36.435264,-5.64269,2026-08-28
NGA-00397,geografia,toponimo,Arroyo de Bernardino,"Arroyo de Bernardino (Curso Fluvial) en Ronda. WGS84: 36.804372, -5.224337.",IECA — Nomenclátor Geográfico de Andalucía (WFS app:Entidad),https://www.ideandalucia.es/wfs-nga/services,alta,Cádiz,Ronda,36.804372,-5.224337,2026-08-28
NGA-00398,geografia,toponimo,Arroyo de Bocaleones,"Arroyo de Bocaleones (Curso Fluvial) en Zahara. WGS84: 36.845694, -5.40883.",IECA — Nomenclátor Geográfico de Andalucía (WFS app:Entidad),https://www.ideandalucia.es/wfs-nga/services,alta,Cádiz,Zahara,36.845694,-5.40883,2026-08-28
NGA-00399,geografia,toponimo,Arroyo de Bocanegra,"Arroyo de Bocanegra (Curso Fluvial) en Jerez de la Frontera. WGS84: 36.600417, -6.081606.",IECA — Nomenclátor Geográfico de Andalucía (WFS app:Entidad),https://www.ideandalucia.es/wfs-nga/services,alta,Cádiz,Jerez de la Frontera,36.600417,-6.081606,2026-08-28
NGA-00400,geografia,toponimo,Arroyo de Bolones,"Arroyo de Bolones (Curso Fluvial) en Parauta. WGS84: 36.659663, -5.139966.",IECA — Nomenclátor Geográfico de Andalucía (WFS app:Entidad),https://www.ideandalucia.es/wfs-nga/services,alta,Cádiz,Parauta,36.659663,-5.139966,2026-08-28
NGA-00401,geografia,toponimo,Arroyo de Borondo,"Arroyo de Borondo (Curso Fluvial) en San Roque. WGS84: 36.251858, -5.319158.",IECA — Nomenclátor Geográfico de Andalucía (WFS app:Entidad),https://www.ideandalucia.es/wfs-nga/services,alta,Cádiz,San Roque,36.251858,-5.319158,2026-08-28
NGA-00402,geografia,toponimo,Arroyo de Botafuegos,"Arroyo de Botafuegos (Curso Fluvial) en Los Barrios. WGS84: 36.159292, -5.476899.",IECA — Nomenclátor Geográfico de Andalucía (WFS app:Entidad),https://www.ideandalucia.es/wfs-nga/services,alta,Cádiz,Los Barrios,36.159292,-5.476899,2026-08-28
NGA-00403,geografia,toponimo,Arroyo de Bujalame o los Toreros,"Arroyo de Bujalame o los Toreros (Curso Fluvial) en San José del Valle. WGS84: 36.594831, -5.774767.",IECA — Nomenclátor Geográfico de Andalucía (WFS app:Entidad),https://www.ideandalucia.es/wfs-nga/services,alta,Cádiz,San José del Valle,36.594831,-5.774767,2026-08-28
NGA-00404,geografia,toponimo,Arroyo de Cabañas,"Arroyo de Cabañas (Curso Fluvial) en San José del Valle. WGS84: 36.602395, -5.844868.",IECA — Nomenclátor Geográfico de Andalucía (WFS app:Entidad),https://www.ideandalucia.es/wfs-nga/services,alta,Cádiz,San José del Valle,36.602395,-5.844868,2026-08-28
NGA-00405,geografia,toponimo,Arroyo de Cagancha,"Arroyo de Cagancha (Curso Fluvial) en Tarifa. WGS84: 36.156759, -5.623404.",IECA — Nomenclátor Geográfico de Andalucía (WFS app:Entidad),https://www.ideandalucia.es/wfs-nga/services,alta,Cádiz,Tarifa,36.156759,-5.623404,2026-08-28
NGA-00406,geografia,toponimo,Arroyo de Calalarage,"Arroyo de Calalarage (Curso Fluvial) en Manilva. WGS84: 36.320249, -5.253602.",IECA — Nomenclátor Geográfico de Andalucía (WFS app:Entidad),https://www.ideandalucia.es/wfs-nga/services,alta,Cádiz,Manilva,36.320249,-5.253602,2026-08-28
NGA-00407,geografia,toponimo,Arroyo de Campín,"Arroyo de Campín (Curso Fluvial) en El Puerto de Santa María. WGS84: 36.701185, -6.296431.",IECA — Nomenclátor Geográfico de Andalucía (WFS app:Entidad),https://www.ideandalucia.es/wfs-nga/services,alta,Cádiz,El Puerto de Santa María,36.701185,-6.296431,2026-08-28
NGA-00408,geografia,toponimo,Arroyo de Cantoral,"Arroyo de Cantoral (Curso Fluvial) en Jerez de la Frontera. WGS84: 36.676384, -5.949116.",IECA — Nomenclátor Geográfico de Andalucía (WFS app:Entidad),https://www.ideandalucia.es/wfs-nga/services,alta,Cádiz,Jerez de la Frontera,36.676384,-5.949116,2026-08-28
NGA-00409,geografia,toponimo,Arroyo de Carajonilla,"Arroyo de Carajonilla (Curso Fluvial) en Chiclana de la Frontera. WGS84: 36.37922, -6.179622.",IECA — Nomenclátor Geográfico de Andalucía (WFS app:Entidad),https://www.ideandalucia.es/wfs-nga/services,alta,Cádiz,Chiclana de la Frontera,36.37922,-6.179622,2026-08-28
NGA-00410,geografia,toponimo,Arroyo de Carboneras o de la Venta,"Arroyo de Carboneras o de la Venta (Curso Fluvial) en Benarrabá. WGS84: 36.546022, -5.360444.",IECA — Nomenclátor Geográfico de Andalucía (WFS app:Entidad),https://www.ideandalucia.es/wfs-nga/services,alta,Cádiz,Benarrabá,36.546022,-5.360444,2026-08-28
NGA-00411,geografia,toponimo,Arroyo de Casas Caídas,"Arroyo de Casas Caídas (Curso Fluvial) en San Martín del Tesorillo. WGS84: 36.36833, -5.34424.",IECA — Nomenclátor Geográfico de Andalucía (WFS app:Entidad),https://www.ideandalucia.es/wfs-nga/services,alta,Cádiz,San Martín del Tesorillo,36.36833,-5.34424,2026-08-28
NGA-00412,geografia,toponimo,Arroyo de Castelo,"Arroyo de Castelo (Curso Fluvial) en Lebrija. WGS84: 36.864123, -5.962766.",IECA — Nomenclátor Geográfico de Andalucía (WFS app:Entidad),https://www.ideandalucia.es/wfs-nga/services,alta,Cádiz,Lebrija,36.864123,-5.962766,2026-08-28
NGA-00413,geografia,toponimo,Arroyo de Castilla o Lobera,"Arroyo de Castilla o Lobera (Curso Fluvial) en Cortes de la Frontera. WGS84: 36.537398, -5.427928.",IECA — Nomenclátor Geográfico de Andalucía (WFS app:Entidad),https://www.ideandalucia.es/wfs-nga/services,alta,Cádiz,Cortes de la Frontera,36.537398,-5.427928,2026-08-28
NGA-00414,geografia,toponimo,Arroyo de Cañada Honda,"Arroyo de Cañada Honda (Curso Fluvial) en Medina Sidonia. WGS84: 36.51026, -5.876263.",IECA — Nomenclátor Geográfico de Andalucía (WFS app:Entidad),https://www.ideandalucia.es/wfs-nga/services,alta,Cádiz,Medina Sidonia,36.51026,-5.876263,2026-08-28
NGA-00415,geografia,toponimo,Arroyo de Cañada Honda,"Arroyo de Cañada Honda (Curso Fluvial) en Vejer de la Frontera. WGS84: 36.336336, -5.988526.",IECA — Nomenclátor Geográfico de Andalucía (WFS app:Entidad),https://www.ideandalucia.es/wfs-nga/services,alta,Cádiz,Vejer de la Frontera,36.336336,-5.988526,2026-08-28
NGA-00416,geografia,toponimo,Arroyo de Cañada Honda,"Arroyo de Cañada Honda (Curso Fluvial) en Alpandeire. WGS84: 36.642361, -5.228755.",IECA — Nomenclátor Geográfico de Andalucía (WFS app:Entidad),https://www.ideandalucia.es/wfs-nga/services,alta,Cádiz,Alpandeire,36.642361,-5.228755,2026-08-28
NGA-00417,geografia,toponimo,Arroyo de Cañaveral,"Arroyo de Cañaveral (Curso Fluvial) en Montellano. WGS84: 37.023885, -5.547188.",IECA — Nomenclátor Geográfico de Andalucía (WFS app:Entidad),https://www.ideandalucia.es/wfs-nga/services,alta,Cádiz,Montellano,37.023885,-5.547188,2026-08-28
NGA-00418,geografia,toponimo,Arroyo de Caño Dorado,"Arroyo de Caño Dorado (Curso Fluvial) en Barbate. WGS84: 36.152877, -5.860853.",IECA — Nomenclátor Geográfico de Andalucía (WFS app:Entidad),https://www.ideandalucia.es/wfs-nga/services,alta,Cádiz,Barbate,36.152877,-5.860853,2026-08-28
NGA-00419,geografia,toponimo,Arroyo de Cebrilla,"Arroyo de Cebrilla (Curso Fluvial) en Los Barrios. WGS84: 36.136257, -5.587966.",IECA — Nomenclátor Geográfico de Andalucía (WFS app:Entidad),https://www.ideandalucia.es/wfs-nga/services,alta,Cádiz,Los Barrios,36.136257,-5.587966,2026-08-28
NGA-00420,geografia,toponimo,Arroyo de Cepera,"Arroyo de Cepera (Curso Fluvial) en Arcos de la Frontera. WGS84: 36.806012, -5.901306.",IECA — Nomenclátor Geográfico de Andalucía (WFS app:Entidad),https://www.ideandalucia.es/wfs-nga/services,alta,Cádiz,Arcos de la Frontera,36.806012,-5.901306,2026-08-28
NGA-00421,geografia,toponimo,Arroyo de Charcadulce,"Arroyo de Charcadulce (Curso Fluvial) en Medina Sidonia. WGS84: 36.385784, -5.882657.",IECA — Nomenclátor Geográfico de Andalucía (WFS app:Entidad),https://www.ideandalucia.es/wfs-nga/services,alta,Cádiz,Medina Sidonia,36.385784,-5.882657,2026-08-28
NGA-00422,geografia,toponimo,Arroyo de Charcón,"Arroyo de Charcón (Curso Fluvial) en Ronda. WGS84: 36.866986, -5.281092.",IECA — Nomenclátor Geográfico de Andalucía (WFS app:Entidad),https://www.ideandalucia.es/wfs-nga/services,alta,Cádiz,Ronda,36.866986,-5.281092,2026-08-28
NGA-00423,geografia,toponimo,Arroyo de Chipipi,"Arroyo de Chipipi (Curso Fluvial) en Jerez de la Frontera. WGS84: 36.636151, -6.024675.",IECA — Nomenclátor Geográfico de Andalucía (WFS app:Entidad),https://www.ideandalucia.es/wfs-nga/services,alta,Cádiz,Jerez de la Frontera,36.636151,-6.024675,2026-08-28
NGA-00424,geografia,toponimo,Arroyo de Chorrillo Palomo,"Arroyo de Chorrillo Palomo (Curso Fluvial) en Jubrique. WGS84: 36.54977, -5.17857.",IECA — Nomenclátor Geográfico de Andalucía (WFS app:Entidad),https://www.ideandalucia.es/wfs-nga/services,alta,Cádiz,Jubrique,36.54977,-5.17857,2026-08-28
NGA-00425,geografia,toponimo,Arroyo de Comares,"Arroyo de Comares (Curso Fluvial) en Villamartín. WGS84: 36.869858, -5.528895.",IECA — Nomenclátor Geográfico de Andalucía (WFS app:Entidad),https://www.ideandalucia.es/wfs-nga/services,alta,Cádiz,Villamartín,36.869858,-5.528895,2026-08-28
NGA-00426,geografia,toponimo,Arroyo de Conilete,"Arroyo de Conilete (Curso Fluvial) en Vejer de la Frontera. WGS84: 36.24409, -6.07855.",IECA — Nomenclátor Geográfico de Andalucía (WFS app:Entidad),https://www.ideandalucia.es/wfs-nga/services,alta,Cádiz,Vejer de la Frontera,36.24409,-6.07855,2026-08-28
NGA-00427,geografia,toponimo,Arroyo de Contreras,"Arroyo de Contreras (Curso Fluvial) en Montellano. WGS84: 37.036509, -5.524671.",IECA — Nomenclátor Geográfico de Andalucía (WFS app:Entidad),https://www.ideandalucia.es/wfs-nga/services,alta,Cádiz,Montellano,37.036509,-5.524671,2026-08-28
NGA-00428,geografia,toponimo,Arroyo de Cortegana,"Arroyo de Cortegana (Curso Fluvial) en Olvera. WGS84: 36.990284, -5.304472.",IECA — Nomenclátor Geográfico de Andalucía (WFS app:Entidad),https://www.ideandalucia.es/wfs-nga/services,alta,Cádiz,Olvera,36.990284,-5.304472,2026-08-28
NGA-00429,geografia,toponimo,Arroyo de Cortés,"Arroyo de Cortés (Curso Fluvial) en Tarifa. WGS84: 36.099523, -5.713698.",IECA — Nomenclátor Geográfico de Andalucía (WFS app:Entidad),https://www.ideandalucia.es/wfs-nga/services,alta,Cádiz,Tarifa,36.099523,-5.713698,2026-08-28
NGA-00430,geografia,toponimo,Arroyo de Cote,"Arroyo de Cote (Curso Fluvial) en Montellano. WGS84: 36.976525, -5.560105.",IECA — Nomenclátor Geográfico de Andalucía (WFS app:Entidad),https://www.ideandalucia.es/wfs-nga/services,alta,Cádiz,Montellano,36.976525,-5.560105,2026-08-28
NGA-00431,geografia,toponimo,Arroyo de Covachones,"Arroyo de Covachones (Curso Fluvial) en Grazalema. WGS84: 36.799746, -5.372684.",IECA — Nomenclátor Geográfico de Andalucía (WFS app:Entidad),https://www.ideandalucia.es/wfs-nga/services,alta,Cádiz,Grazalema,36.799746,-5.372684,2026-08-28
NGA-00432,geografia,toponimo,Arroyo de Cuevas del Marqués,"Arroyo de Cuevas del Marqués (Curso Fluvial) en Ronda. WGS84: 36.81973, -5.197083.",IECA — Nomenclátor Geográfico de Andalucía (WFS app:Entidad),https://www.ideandalucia.es/wfs-nga/services,alta,Cádiz,Ronda,36.81973,-5.197083,2026-08-28
NGA-00433,geografia,toponimo,Arroyo de Cupil,"Arroyo de Cupil (Curso Fluvial) en Ronda. WGS84: 36.765106, -5.223625.",IECA — Nomenclátor Geográfico de Andalucía (WFS app:Entidad),https://www.ideandalucia.es/wfs-nga/services,alta,Cádiz,Ronda,36.765106,-5.223625,2026-08-28
NGA-00434,geografia,toponimo,Arroyo de D. Pablo,"Arroyo de D. Pablo (Curso Fluvial) en Jimena de la Frontera. WGS84: 36.475792, -5.40262.",IECA — Nomenclátor Geográfico de Andalucía (WFS app:Entidad),https://www.ideandalucia.es/wfs-nga/services,alta,Cádiz,Jimena de la Frontera,36.475792,-5.40262,2026-08-28
NGA-00435,geografia,toponimo,Arroyo de Donadío,"Arroyo de Donadío (Curso Fluvial) en Vejer de la Frontera. WGS84: 36.28309, -5.954255.",IECA — Nomenclátor Geográfico de Andalucía (WFS app:Entidad),https://www.ideandalucia.es/wfs-nga/services,alta,Cádiz,Vejer de la Frontera,36.28309,-5.954255,2026-08-28
NGA-00436,geografia,toponimo,Arroyo de Dorada,"Arroyo de Dorada (Curso Fluvial) en San José del Valle. WGS84: 36.560195, -5.791661.",IECA — Nomenclátor Geográfico de Andalucía (WFS app:Entidad),https://www.ideandalucia.es/wfs-nga/services,alta,Cádiz,San José del Valle,36.560195,-5.791661,2026-08-28
NGA-00437,geografia,toponimo,Arroyo de Doña Benita,"Arroyo de Doña Benita (Obra Hidráulica) en Jerez de la Frontera. WGS84: 36.602045, -5.965325.",IECA — Nomenclátor Geográfico de Andalucía (WFS app:Entidad),https://www.ideandalucia.es/wfs-nga/services,alta,Cádiz,Jerez de la Frontera,36.602045,-5.965325,2026-08-28
NGA-00438,geografia,toponimo,Arroyo de Doña Juana,"Arroyo de Doña Juana (Curso Fluvial) en Vejer de la Frontera. WGS84: 36.231472, -5.962329.",IECA — Nomenclátor Geográfico de Andalucía (WFS app:Entidad),https://www.ideandalucia.es/wfs-nga/services,alta,Cádiz,Vejer de la Frontera,36.231472,-5.962329,2026-08-28
NGA-00439,geografia,toponimo,Arroyo de Ducha,"Arroyo de Ducha (Curso Fluvial) en Jerez de la Frontera. WGS84: 36.759213, -6.099197.",IECA — Nomenclátor Geográfico de Andalucía (WFS app:Entidad),https://www.ideandalucia.es/wfs-nga/services,alta,Cádiz,Jerez de la Frontera,36.759213,-6.099197,2026-08-28
NGA-00440,geografia,toponimo,Arroyo de Encinilla,"Arroyo de Encinilla (Curso Fluvial) en Utrera. WGS84: 36.982455, -5.73878.",IECA — Nomenclátor Geográfico de Andalucía (WFS app:Entidad),https://www.ideandalucia.es/wfs-nga/services,alta,Cádiz,Utrera,36.982455,-5.73878,2026-08-28
NGA-00441,geografia,toponimo,Arroyo de Enmedio,"Arroyo de Enmedio (Curso Fluvial) en Estepona. WGS84: 36.409377, -5.193696.",IECA — Nomenclátor Geográfico de Andalucía (WFS app:Entidad),https://www.ideandalucia.es/wfs-nga/services,alta,Cádiz,Estepona,36.409377,-5.193696,2026-08-28
NGA-00442,geografia,toponimo,Arroyo de Enmedio,"Arroyo de Enmedio (Curso Fluvial) en Jubrique. WGS84: 36.542857, -5.194518.",IECA — Nomenclátor Geográfico de Andalucía (WFS app:Entidad),https://www.ideandalucia.es/wfs-nga/services,alta,Cádiz,Jubrique,36.542857,-5.194518,2026-08-28
NGA-00443,geografia,toponimo,Arroyo de Escudetes,"Arroyo de Escudetes (Curso Fluvial) en San Roque. WGS84: 36.261239, -5.348044.",IECA — Nomenclátor Geográfico de Andalucía (WFS app:Entidad),https://www.ideandalucia.es/wfs-nga/services,alta,Cádiz,San Roque,36.261239,-5.348044,2026-08-28
NGA-00444,geografia,toponimo,Arroyo de Espantaperros,"Arroyo de Espantaperros (Curso Fluvial) en Utrera. WGS84: 37.017422, -5.686655.",IECA — Nomenclátor Geográfico de Andalucía (WFS app:Entidad),https://www.ideandalucia.es/wfs-nga/services,alta,Cádiz,Utrera,37.017422,-5.686655,2026-08-28
NGA-00445,geografia,toponimo,Arroyo de Espejo,"Arroyo de Espejo (Curso Fluvial) en Ronda. WGS84: 36.781092, -5.155131.",IECA — Nomenclátor Geográfico de Andalucía (WFS app:Entidad),https://www.ideandalucia.es/wfs-nga/services,alta,Cádiz,Ronda,36.781092,-5.155131,2026-08-28
NGA-00446,geografia,toponimo,Arroyo de Faranguillo,"Arroyo de Faranguillo (Curso Fluvial) en Utrera. WGS84: 37.014717, -5.659055.",IECA — Nomenclátor Geográfico de Andalucía (WFS app:Entidad),https://www.ideandalucia.es/wfs-nga/services,alta,Cádiz,Utrera,37.014717,-5.659055,2026-08-28
NGA-00447,geografia,toponimo,Arroyo de Fates,"Arroyo de Fates (Curso Fluvial) en Tarifa. WGS84: 36.075379, -5.689685.",IECA — Nomenclátor Geográfico de Andalucía (WFS app:Entidad),https://www.ideandalucia.es/wfs-nga/services,alta,Cádiz,Tarifa,36.075379,-5.689685,2026-08-28
NGA-00448,geografia,toponimo,Arroyo de Faín,"Arroyo de Faín (Curso Fluvial) en Arcos de la Frontera. WGS84: 36.718145, -5.790094.",IECA — Nomenclátor Geográfico de Andalucía (WFS app:Entidad),https://www.ideandalucia.es/wfs-nga/services,alta,Cádiz,Arcos de la Frontera,36.718145,-5.790094,2026-08-28
NGA-00449,geografia,toponimo,Arroyo de Fronteta,"Arroyo de Fronteta (Curso Fluvial) en Arcos de la Frontera. WGS84: 36.786991, -5.815772.",IECA — Nomenclátor Geográfico de Andalucía (WFS app:Entidad),https://www.ideandalucia.es/wfs-nga/services,alta,Cádiz,Arcos de la Frontera,36.786991,-5.815772,2026-08-28
NGA-00450,geografia,toponimo,Arroyo de Fuenfría,"Arroyo de Fuenfría (Curso Fluvial) en Benaocaz. WGS84: 36.697902, -5.512549.",IECA — Nomenclátor Geográfico de Andalucía (WFS app:Entidad),https://www.ideandalucia.es/wfs-nga/services,alta,Cádiz,Benaocaz,36.697902,-5.512549,2026-08-28
NGA-00451,geografia,toponimo,Arroyo de Fuente Bermeja,"Arroyo de Fuente Bermeja (Curso Fluvial) en Jerez de la Frontera. WGS84: 36.609515, -6.038271.",IECA — Nomenclátor Geográfico de Andalucía (WFS app:Entidad),https://www.ideandalucia.es/wfs-nga/services,alta,Cádiz,Jerez de la Frontera,36.609515,-6.038271,2026-08-28
NGA-00452,geografia,toponimo,Arroyo de Fuente Cubierta,"Arroyo de Fuente Cubierta (Curso Fluvial) en Vejer de la Frontera. WGS84: 36.220322, -6.00906.",IECA — Nomenclátor Geográfico de Andalucía (WFS app:Entidad),https://www.ideandalucia.es/wfs-nga/services,alta,Cádiz,Vejer de la Frontera,36.220322,-6.00906,2026-08-28
NGA-00453,geografia,toponimo,Arroyo de Fuenteprieto,"Arroyo de Fuenteprieto (Curso Fluvial) en Algámitas. WGS84: 37.024056, -5.156412.",IECA — Nomenclátor Geográfico de Andalucía (WFS app:Entidad),https://www.ideandalucia.es/wfs-nga/services,alta,Cádiz,Algámitas,37.024056,-5.156412,2026-08-28
NGA-00454,geografia,toponimo,Arroyo de Galapagar,"Arroyo de Galapagar (Curso Fluvial) en Setenil de las Bodegas. WGS84: 36.884803, -5.231705.",IECA — Nomenclátor Geográfico de Andalucía (WFS app:Entidad),https://www.ideandalucia.es/wfs-nga/services,alta,Cádiz,Setenil de las Bodegas,36.884803,-5.231705,2026-08-28
NGA-00455,geografia,toponimo,Arroyo de Gallardo,"Arroyo de Gallardo (Curso Fluvial) en Benalup-Casas Viejas. WGS84: 36.331377, -5.756536.",IECA — Nomenclátor Geográfico de Andalucía (WFS app:Entidad),https://www.ideandalucia.es/wfs-nga/services,alta,Cádiz,Benalup-Casas Viejas,36.331377,-5.756536,2026-08-28
NGA-00456,geografia,toponimo,Arroyo de Garabito,"Arroyo de Garabito (Curso Fluvial) en Casares. WGS84: 36.425114, -5.339075.",IECA — Nomenclátor Geográfico de Andalucía (WFS app:Entidad),https://www.ideandalucia.es/wfs-nga/services,alta,Cádiz,Casares,36.425114,-5.339075,2026-08-28
NGA-00457,geografia,toponimo,Arroyo de Garcilechuga,"Arroyo de Garcilechuga (Curso Fluvial) en Villamartín. WGS84: 36.901663, -5.647755.",IECA — Nomenclátor Geográfico de Andalucía (WFS app:Entidad),https://www.ideandalucia.es/wfs-nga/services,alta,Cádiz,Villamartín,36.901663,-5.647755,2026-08-28
NGA-00458,geografia,toponimo,Arroyo de García Bravo,"Arroyo de García Bravo (Curso Fluvial) en Jimena de la Frontera. WGS84: 36.445147, -5.451574.",IECA — Nomenclátor Geográfico de Andalucía (WFS app:Entidad),https://www.ideandalucia.es/wfs-nga/services,alta,Cádiz,Jimena de la Frontera,36.445147,-5.451574,2026-08-28
NGA-00459,geografia,toponimo,Arroyo de Garganta de San Francisco,"Arroyo de Garganta de San Francisco (Curso Fluvial) en Tarifa. WGS84: 36.067986, -5.688462.",IECA — Nomenclátor Geográfico de Andalucía (WFS app:Entidad),https://www.ideandalucia.es/wfs-nga/services,alta,Cádiz,Tarifa,36.067986,-5.688462,2026-08-28
NGA-00460,geografia,toponimo,Arroyo de Gartitos,"Arroyo de Gartitos (Curso Fluvial) en Los Barrios. WGS84: 36.257063, -5.584152.",IECA — Nomenclátor Geográfico de Andalucía (WFS app:Entidad),https://www.ideandalucia.es/wfs-nga/services,alta,Cádiz,Los Barrios,36.257063,-5.584152,2026-08-28
NGA-00461,geografia,toponimo,Arroyo de Gaznate,"Arroyo de Gaznate (Curso Fluvial) en Benalup-Casas Viejas. WGS84: 36.317201, -5.747304.",IECA — Nomenclátor Geográfico de Andalucía (WFS app:Entidad),https://www.ideandalucia.es/wfs-nga/services,alta,Cádiz,Benalup-Casas Viejas,36.317201,-5.747304,2026-08-28
NGA-00462,geografia,toponimo,Arroyo de Gilete,"Arroyo de Gilete (Curso Fluvial) en Puerto Serrano. WGS84: 36.951986, -5.472821.",IECA — Nomenclátor Geográfico de Andalucía (WFS app:Entidad),https://www.ideandalucia.es/wfs-nga/services,alta,Cádiz,Puerto Serrano,36.951986,-5.472821,2026-08-28
NGA-00463,geografia,toponimo,Arroyo de Girón,"Arroyo de Girón (Curso Fluvial) en Zahara. WGS84: 36.817613, -5.485335.",IECA — Nomenclátor Geográfico de Andalucía (WFS app:Entidad),https://www.ideandalucia.es/wfs-nga/services,alta,Cádiz,Zahara,36.817613,-5.485335,2026-08-28
NGA-00464,geografia,toponimo,Arroyo de Gorgote,"Arroyo de Gorgote (Curso Fluvial) en Benadalid. WGS84: 36.611497, -5.243257.",IECA — Nomenclátor Geográfico de Andalucía (WFS app:Entidad),https://www.ideandalucia.es/wfs-nga/services,alta,Cádiz,Benadalid,36.611497,-5.243257,2026-08-28
NGA-00465,geografia,toponimo,Arroyo de Grajales,"Arroyo de Grajales (Curso Fluvial) en Jerez de la Frontera. WGS84: 36.696895, -5.948098.",IECA — Nomenclátor Geográfico de Andalucía (WFS app:Entidad),https://www.ideandalucia.es/wfs-nga/services,alta,Cádiz,Jerez de la Frontera,36.696895,-5.948098,2026-08-28
NGA-00466,geografia,toponimo,Arroyo de Granadilla,"Arroyo de Granadilla (Curso Fluvial) en Arcos de la Frontera. WGS84: 36.811368, -5.897369.",IECA — Nomenclátor Geográfico de Andalucía (WFS app:Entidad),https://www.ideandalucia.es/wfs-nga/services,alta,Cádiz,Arcos de la Frontera,36.811368,-5.897369,2026-08-28
NGA-00467,geografia,toponimo,Arroyo de Grande,"Arroyo de Grande (Curso Fluvial) en Júzcar. WGS84: 36.547481, -5.141944.",IECA — Nomenclátor Geográfico de Andalucía (WFS app:Entidad),https://www.ideandalucia.es/wfs-nga/services,alta,Cádiz,Júzcar,36.547481,-5.141944,2026-08-28
NGA-00468,geografia,toponimo,Arroyo de Granito de Oro,"Arroyo de Granito de Oro (Curso Fluvial) en Tarifa. WGS84: 36.171827, -5.784082.",IECA — Nomenclátor Geográfico de Andalucía (WFS app:Entidad),https://www.ideandalucia.es/wfs-nga/services,alta,Cádiz,Tarifa,36.171827,-5.784082,2026-08-28
NGA-00469,geografia,toponimo,Arroyo de Guadalabón,"Arroyo de Guadalabón (Curso Fluvial) en Estepona. WGS84: 36.416267, -5.177342.",IECA — Nomenclátor Geográfico de Andalucía (WFS app:Entidad),https://www.ideandalucia.es/wfs-nga/services,alta,Cádiz,Estepona,36.416267,-5.177342,2026-08-28
NGA-00470,geografia,toponimo,Arroyo de Guadalmedino,"Arroyo de Guadalmedino (Curso Fluvial) en Jimena de la Frontera. WGS84: 36.428323, -5.397193.",IECA — Nomenclátor Geográfico de Andalucía (WFS app:Entidad),https://www.ideandalucia.es/wfs-nga/services,alta,Cádiz,Jimena de la Frontera,36.428323,-5.397193,2026-08-28
NGA-00471,geografia,toponimo,Arroyo de Guadalquitón,"Arroyo de Guadalquitón (Curso Fluvial) en San Roque. WGS84: 36.261387, -5.31326.",IECA — Nomenclátor Geográfico de Andalucía (WFS app:Entidad),https://www.ideandalucia.es/wfs-nga/services,alta,Cádiz,San Roque,36.261387,-5.31326,2026-08-28
NGA-00472,geografia,toponimo,Arroyo de Guerra o de Zurraque,"Arroyo de Guerra o de Zurraque (Curso Fluvial) en Puerto Real. WGS84: 36.483171, -6.121888.",IECA — Nomenclátor Geográfico de Andalucía (WFS app:Entidad),https://www.ideandalucia.es/wfs-nga/services,alta,Cádiz,Puerto Real,36.483171,-6.121888,2026-08-28
NGA-00473,geografia,toponimo,Arroyo de Gálvez,"Arroyo de Gálvez (Curso Fluvial) en Gaucín. WGS84: 36.532781, -5.335108.",IECA — Nomenclátor Geográfico de Andalucía (WFS app:Entidad),https://www.ideandalucia.es/wfs-nga/services,alta,Cádiz,Gaucín,36.532781,-5.335108,2026-08-28
NGA-00474,geografia,toponimo,Arroyo de Higueroba,"Arroyo de Higueroba (Curso Fluvial) en Zahara. WGS84: 36.825839, -5.374366.",IECA — Nomenclátor Geográfico de Andalucía (WFS app:Entidad),https://www.ideandalucia.es/wfs-nga/services,alta,Cádiz,Zahara,36.825839,-5.374366,2026-08-28
NGA-00475,geografia,toponimo,Arroyo de Honda Cavá,"Arroyo de Honda Cavá (Curso Fluvial) en Casares. WGS84: 36.337305, -5.309553.",IECA — Nomenclátor Geográfico de Andalucía (WFS app:Entidad),https://www.ideandalucia.es/wfs-nga/services,alta,Cádiz,Casares,36.337305,-5.309553,2026-08-28
NGA-00476,geografia,toponimo,Arroyo de Hondo,"Arroyo de Hondo (Curso Fluvial) en Medina Sidonia. WGS84: 36.447013, -5.815913.",IECA — Nomenclátor Geográfico de Andalucía (WFS app:Entidad),https://www.ideandalucia.es/wfs-nga/services,alta,Cádiz,Medina Sidonia,36.447013,-5.815913,2026-08-28
NGA-00477,geografia,toponimo,Arroyo de Horcajo,"Arroyo de Horcajo (Curso Fluvial) en Jubrique. WGS84: 36.555495, -5.212518.",IECA — Nomenclátor Geográfico de Andalucía (WFS app:Entidad),https://www.ideandalucia.es/wfs-nga/services,alta,Cádiz,Jubrique,36.555495,-5.212518,2026-08-28
NGA-00478,geografia,toponimo,Arroyo de Hornacinos,"Arroyo de Hornacinos (Curso Fluvial) en Estepona. WGS84: 36.43735, -5.125492.",IECA — Nomenclátor Geográfico de Andalucía (WFS app:Entidad),https://www.ideandalucia.es/wfs-nga/services,alta,Cádiz,Estepona,36.43735,-5.125492,2026-08-28
NGA-00479,geografia,toponimo,Arroyo de Hortezuelos,"Arroyo de Hortezuelos (Curso Fluvial) en Montellano. WGS84: 36.989506, -5.515104.",IECA — Nomenclátor Geográfico de Andalucía (WFS app:Entidad),https://www.ideandalucia.es/wfs-nga/services,alta,Cádiz,Montellano,36.989506,-5.515104,2026-08-28
NGA-00480,geografia,toponimo,Arroyo de Janacino,"Arroyo de Janacino (Curso Fluvial) en Estepona. WGS84: 36.416324, -5.173919.",IECA — Nomenclátor Geográfico de Andalucía (WFS app:Entidad),https://www.ideandalucia.es/wfs-nga/services,alta,Cádiz,Estepona,36.416324,-5.173919,2026-08-28
NGA-00481,geografia,toponimo,Arroyo de Jedulilla,"Arroyo de Jedulilla (Curso Fluvial) en Arcos de la Frontera. WGS84: 36.730729, -5.914008.",IECA — Nomenclátor Geográfico de Andalucía (WFS app:Entidad),https://www.ideandalucia.es/wfs-nga/services,alta,Cádiz,Arcos de la Frontera,36.730729,-5.914008,2026-08-28
NGA-00482,geografia,toponimo,Arroyo de Juan Benítez,"Arroyo de Juan Benítez (Curso Fluvial) en Estepona. WGS84: 36.441863, -5.154621.",IECA — Nomenclátor Geográfico de Andalucía (WFS app:Entidad),https://www.ideandalucia.es/wfs-nga/services,alta,Cádiz,Estepona,36.441863,-5.154621,2026-08-28
NGA-00483,geografia,toponimo,Arroyo de Juan Medina,"Arroyo de Juan Medina (Curso Fluvial) en Los Barrios. WGS84: 36.215785, -5.662672.",IECA — Nomenclátor Geográfico de Andalucía (WFS app:Entidad),https://www.ideandalucia.es/wfs-nga/services,alta,Cádiz,Los Barrios,36.215785,-5.662672,2026-08-28
NGA-00484,geografia,toponimo,Arroyo de Juan Prieto,"Arroyo de Juan Prieto (Curso Fluvial) en Estepona. WGS84: 36.46543, -5.095574.",IECA — Nomenclátor Geográfico de Andalucía (WFS app:Entidad),https://www.ideandalucia.es/wfs-nga/services,alta,Cádiz,Estepona,36.46543,-5.095574,2026-08-28
NGA-00485,geografia,toponimo,Arroyo de Juan Pérez,"Arroyo de Juan Pérez (Curso Fluvial) en Los Barrios. WGS84: 36.26508, -5.533458.",IECA — Nomenclátor Geográfico de Andalucía (WFS app:Entidad),https://www.ideandalucia.es/wfs-nga/services,alta,Cádiz,Los Barrios,36.26508,-5.533458,2026-08-28
NGA-00486,geografia,toponimo,Arroyo de Juan Sevilla,"Arroyo de Juan Sevilla (Curso Fluvial) en Medina Sidonia. WGS84: 36.263396, -5.784845.",IECA — Nomenclátor Geográfico de Andalucía (WFS app:Entidad),https://www.ideandalucia.es/wfs-nga/services,alta,Cádiz,Medina Sidonia,36.263396,-5.784845,2026-08-28
NGA-00487,geografia,toponimo,Arroyo de Juan Vela,"Arroyo de Juan Vela (Curso Fluvial) en Alcalá de los Gazules. WGS84: 36.513118, -5.642269.",IECA — Nomenclátor Geográfico de Andalucía (WFS app:Entidad),https://www.ideandalucia.es/wfs-nga/services,alta,Cádiz,Alcalá de los Gazules,36.513118,-5.642269,2026-08-28
NGA-00488,geografia,toponimo,Arroyo de Juan de Sevilla,"Arroyo de Juan de Sevilla (Curso Fluvial) en Castellar de la Frontera. WGS84: 36.290388, -5.515148.",IECA — Nomenclátor Geográfico de Andalucía (WFS app:Entidad),https://www.ideandalucia.es/wfs-nga/services,alta,Cádiz,Castellar de la Frontera,36.290388,-5.515148,2026-08-28
NGA-00489,geografia,toponimo,Arroyo de Jucilla,"Arroyo de Jucilla (Curso Fluvial) en Montellano. WGS84: 37.030333, -5.523893.",IECA — Nomenclátor Geográfico de Andalucía (WFS app:Entidad),https://www.ideandalucia.es/wfs-nga/services,alta,Cádiz,Montellano,37.030333,-5.523893,2026-08-28
NGA-00490,geografia,toponimo,Arroyo de Júdas,"Arroyo de Júdas (Curso Fluvial) en Montellano. WGS84: 36.953179, -5.525818.",IECA — Nomenclátor Geográfico de Andalucía (WFS app:Entidad),https://www.ideandalucia.es/wfs-nga/services,alta,Cádiz,Montellano,36.953179,-5.525818,2026-08-28
NGA-00491,geografia,toponimo,Arroyo de Laja,"Arroyo de Laja (Curso Fluvial) en Prado del Rey. WGS84: 36.765836, -5.549458.",IECA — Nomenclátor Geográfico de Andalucía (WFS app:Entidad),https://www.ideandalucia.es/wfs-nga/services,alta,Cádiz,Prado del Rey,36.765836,-5.549458,2026-08-28
NGA-00492,geografia,toponimo,Arroyo de Lesma del Valle,"Arroyo de Lesma del Valle (Curso Fluvial) en Alcalá de los Gazules. WGS84: 36.448487, -5.730384.",IECA — Nomenclátor Geográfico de Andalucía (WFS app:Entidad),https://www.ideandalucia.es/wfs-nga/services,alta,Cádiz,Alcalá de los Gazules,36.448487,-5.730384,2026-08-28
NGA-00493,geografia,toponimo,Arroyo de Linarejos,"Arroyo de Linarejos (Curso Fluvial) en Ronda. WGS84: 36.731148, -5.142752.",IECA — Nomenclátor Geográfico de Andalucía (WFS app:Entidad),https://www.ideandalucia.es/wfs-nga/services,alta,Cádiz,Ronda,36.731148,-5.142752,2026-08-28
NGA-00494,geografia,toponimo,Arroyo de Linares,"Arroyo de Linares (Curso Fluvial) en Casares. WGS84: 36.38962, -5.2348.",IECA — Nomenclátor Geográfico de Andalucía (WFS app:Entidad),https://www.ideandalucia.es/wfs-nga/services,alta,Cádiz,Casares,36.38962,-5.2348,2026-08-28
NGA-00495,geografia,toponimo,Arroyo de Macharracao,"Arroyo de Macharracao (Curso Fluvial) en Arcos de la Frontera. WGS84: 36.817049, -5.652487.",IECA — Nomenclátor Geográfico de Andalucía (WFS app:Entidad),https://www.ideandalucia.es/wfs-nga/services,alta,Cádiz,Arcos de la Frontera,36.817049,-5.652487,2026-08-28
NGA-00496,geografia,toponimo,Arroyo de Madre Vieja,"Arroyo de Madre Vieja (Curso Fluvial) en Alcalá de los Gazules. WGS84: 36.396664, -5.780841.",IECA — Nomenclátor Geográfico de Andalucía (WFS app:Entidad),https://www.ideandalucia.es/wfs-nga/services,alta,Cádiz,Alcalá de los Gazules,36.396664,-5.780841,2026-08-28
NGA-00497,geografia,toponimo,Arroyo de Maina,"Arroyo de Maina (Curso Fluvial) en Alcalá de los Gazules. WGS84: 36.472577, -5.774213.",IECA — Nomenclátor Geográfico de Andalucía (WFS app:Entidad),https://www.ideandalucia.es/wfs-nga/services,alta,Cádiz,Alcalá de los Gazules,36.472577,-5.774213,2026-08-28
NGA-00498,geografia,toponimo,Arroyo de Majalén,"Arroyo de Majalén (Curso Fluvial) en El Coronil. WGS84: 36.970086, -5.583171.",IECA — Nomenclátor Geográfico de Andalucía (WFS app:Entidad),https://www.ideandalucia.es/wfs-nga/services,alta,Cádiz,El Coronil,36.970086,-5.583171,2026-08-28
NGA-00499,geografia,toponimo,Arroyo de Malabrigo,"Arroyo de Malabrigo (Curso Fluvial) en Arcos de la Frontera. WGS84: 36.791643, -5.897132.",IECA — Nomenclátor Geográfico de Andalucía (WFS app:Entidad),https://www.ideandalucia.es/wfs-nga/services,alta,Cádiz,Arcos de la Frontera,36.791643,-5.897132,2026-08-28
NGA-00500,geografia,toponimo,Arroyo de Malas Noches,"Arroyo de Malas Noches (Curso Fluvial) en Puerto Real. WGS84: 36.491272, -6.084328.",IECA — Nomenclátor Geográfico de Andalucía (WFS app:Entidad),https://www.ideandalucia.es/wfs-nga/services,alta,Cádiz,Puerto Real,36.491272,-6.084328,2026-08-28
NGA-00501,geografia,toponimo,Arroyo de Malas Pasadas,"Arroyo de Malas Pasadas (Curso Fluvial) en Jimena de la Frontera. WGS84: 36.349645, -5.323172.",IECA — Nomenclátor Geográfico de Andalucía (WFS app:Entidad),https://www.ideandalucia.es/wfs-nga/services,alta,Cádiz,Jimena de la Frontera,36.349645,-5.323172,2026-08-28
NGA-00502,geografia,toponimo,Arroyo de Malaño,"Arroyo de Malaño (Curso Fluvial) en Jerez de la Frontera. WGS84: 36.747341, -5.962768.",IECA — Nomenclátor Geográfico de Andalucía (WFS app:Entidad),https://www.ideandalucia.es/wfs-nga/services,alta,Cádiz,Jerez de la Frontera,36.747341,-5.962768,2026-08-28
NGA-00503,geografia,toponimo,Arroyo de Manigua,"Arroyo de Manigua (Curso Fluvial) en Jerez de la Frontera. WGS84: 36.652066, -5.901015.",IECA — Nomenclátor Geográfico de Andalucía (WFS app:Entidad),https://www.ideandalucia.es/wfs-nga/services,alta,Cádiz,Jerez de la Frontera,36.652066,-5.901015,2026-08-28
NGA-00504,geografia,toponimo,Arroyo de Maraber,"Arroyo de Maraber (Curso Fluvial) en Algeciras. WGS84: 36.055786, -5.494404.",IECA — Nomenclátor Geográfico de Andalucía (WFS app:Entidad),https://www.ideandalucia.es/wfs-nga/services,alta,Cádiz,Algeciras,36.055786,-5.494404,2026-08-28
NGA-00505,geografia,toponimo,Arroyo de Marimacho,"Arroyo de Marimacho (Curso Fluvial) en Estepona. WGS84: 36.446737, -5.149407.",IECA — Nomenclátor Geográfico de Andalucía (WFS app:Entidad),https://www.ideandalucia.es/wfs-nga/services,alta,Cádiz,Estepona,36.446737,-5.149407,2026-08-28
NGA-00506,geografia,toponimo,Arroyo de Martagina,"Arroyo de Martagina (Curso Fluvial) en Manilva. WGS84: 36.331294, -5.241785.",IECA — Nomenclátor Geográfico de Andalucía (WFS app:Entidad),https://www.ideandalucia.es/wfs-nga/services,alta,Cádiz,Manilva,36.331294,-5.241785,2026-08-28
NGA-00507,geografia,toponimo,Arroyo de Martín,"Arroyo de Martín (Curso Fluvial) en Setenil de las Bodegas. WGS84: 36.876956, -5.228873.",IECA — Nomenclátor Geográfico de Andalucía (WFS app:Entidad),https://www.ideandalucia.es/wfs-nga/services,alta,Cádiz,Setenil de las Bodegas,36.876956,-5.228873,2026-08-28
NGA-00508,geografia,toponimo,Arroyo de Matabuey,"Arroyo de Matabuey (Curso Fluvial) en Utrera. WGS84: 36.965774, -5.699232.",IECA — Nomenclátor Geográfico de Andalucía (WFS app:Entidad),https://www.ideandalucia.es/wfs-nga/services,alta,Cádiz,Utrera,36.965774,-5.699232,2026-08-28
NGA-00509,geografia,toponimo,Arroyo de Matavaca,"Arroyo de Matavaca (Curso Fluvial) en Algodonales. WGS84: 36.902778, -5.514285.",IECA — Nomenclátor Geográfico de Andalucía (WFS app:Entidad),https://www.ideandalucia.es/wfs-nga/services,alta,Cádiz,Algodonales,36.902778,-5.514285,2026-08-28
NGA-00510,geografia,toponimo,Arroyo de Matavacas,"Arroyo de Matavacas (Curso Fluvial) en Villamartín. WGS84: 36.89471, -5.547275.",IECA — Nomenclátor Geográfico de Andalucía (WFS app:Entidad),https://www.ideandalucia.es/wfs-nga/services,alta,Cádiz,Villamartín,36.89471,-5.547275,2026-08-28
NGA-00511,geografia,toponimo,Arroyo de Matite,"Arroyo de Matite (Curso Fluvial) en Arcos de la Frontera. WGS84: 36.703553, -5.726103.",IECA — Nomenclátor Geográfico de Andalucía (WFS app:Entidad),https://www.ideandalucia.es/wfs-nga/services,alta,Cádiz,Arcos de la Frontera,36.703553,-5.726103,2026-08-28
NGA-00512,geografia,toponimo,Arroyo de Mediana,"Arroyo de Mediana (Curso Fluvial) en Villamartín. WGS84: 36.875484, -5.62157.",IECA — Nomenclátor Geográfico de Andalucía (WFS app:Entidad),https://www.ideandalucia.es/wfs-nga/services,alta,Cádiz,Villamartín,36.875484,-5.62157,2026-08-28
NGA-00513,geografia,toponimo,Arroyo de Minas,"Arroyo de Minas (Curso Fluvial) en Ronda. WGS84: 36.861913, -5.239141.",IECA — Nomenclátor Geográfico de Andalucía (WFS app:Entidad),https://www.ideandalucia.es/wfs-nga/services,alta,Cádiz,Ronda,36.861913,-5.239141,2026-08-28
NGA-00514,geografia,toponimo,Arroyo de Minas,"Arroyo de Minas (Obra Hidráulica) en Parauta. WGS84: 36.657198, -5.111668.",IECA — Nomenclátor Geográfico de Andalucía (WFS app:Entidad),https://www.ideandalucia.es/wfs-nga/services,alta,Cádiz,Parauta,36.657198,-5.111668,2026-08-28
NGA-00515,geografia,toponimo,Arroyo de Mirabel,"Arroyo de Mirabel (Curso Fluvial) en Jerez de la Frontera. WGS84: 36.653231, -6.183791.",IECA — Nomenclátor Geográfico de Andalucía (WFS app:Entidad),https://www.ideandalucia.es/wfs-nga/services,alta,Cádiz,Jerez de la Frontera,36.653231,-6.183791,2026-08-28
NGA-00516,geografia,toponimo,Arroyo de Miraflores,"Arroyo de Miraflores (Curso Fluvial) en San Roque. WGS84: 36.226178, -5.421126.",IECA — Nomenclátor Geográfico de Andalucía (WFS app:Entidad),https://www.ideandalucia.es/wfs-nga/services,alta,Cádiz,San Roque,36.226178,-5.421126,2026-08-28
NGA-00517,geografia,toponimo,Arroyo de Mojón Alto,"Arroyo de Mojón Alto (Curso Fluvial) en Alcalá de los Gazules. WGS84: 36.529068, -5.771322.",IECA — Nomenclátor Geográfico de Andalucía (WFS app:Entidad),https://www.ideandalucia.es/wfs-nga/services,alta,Cádiz,Alcalá de los Gazules,36.529068,-5.771322,2026-08-28
NGA-00518,geografia,toponimo,Arroyo de Mojón Blanco,"Arroyo de Mojón Blanco (Curso Fluvial) en Lebrija. WGS84: 36.860554, -5.90497.",IECA — Nomenclátor Geográfico de Andalucía (WFS app:Entidad),https://www.ideandalucia.es/wfs-nga/services,alta,Cádiz,Lebrija,36.860554,-5.90497,2026-08-28
NGA-00519,geografia,toponimo,Arroyo de Molineta,"Arroyo de Molineta (Curso Fluvial) en Arcos de la Frontera. WGS84: 36.675895, -5.824778.",IECA — Nomenclátor Geográfico de Andalucía (WFS app:Entidad),https://www.ideandalucia.es/wfs-nga/services,alta,Cádiz,Arcos de la Frontera,36.675895,-5.824778,2026-08-28
NGA-00520,geografia,toponimo,Arroyo de Monarda,"Arroyo de Monarda (Curso Fluvial) en Jubrique. WGS84: 36.562887, -5.192784.",IECA — Nomenclátor Geográfico de Andalucía (WFS app:Entidad),https://www.ideandalucia.es/wfs-nga/services,alta,Cádiz,Jubrique,36.562887,-5.192784,2026-08-28
NGA-00521,geografia,toponimo,Arroyo de Mondragón,"Arroyo de Mondragón (Curso Fluvial) en Barbate. WGS84: 36.211853, -5.941678.",IECA — Nomenclátor Geográfico de Andalucía (WFS app:Entidad),https://www.ideandalucia.es/wfs-nga/services,alta,Cádiz,Barbate,36.211853,-5.941678,2026-08-28
NGA-00522,geografia,toponimo,Arroyo de Monte Corto Alto,"Arroyo de Monte Corto Alto (Curso Fluvial) en Jerez de la Frontera. WGS84: 36.728026, -5.98522.",IECA — Nomenclátor Geográfico de Andalucía (WFS app:Entidad),https://www.ideandalucia.es/wfs-nga/services,alta,Cádiz,Jerez de la Frontera,36.728026,-5.98522,2026-08-28
NGA-00523,geografia,toponimo,Arroyo de Monte Corto Bajo,"Arroyo de Monte Corto Bajo (Curso Fluvial) en Jerez de la Frontera. WGS84: 36.730189, -5.959206.",IECA — Nomenclátor Geográfico de Andalucía (WFS app:Entidad),https://www.ideandalucia.es/wfs-nga/services,alta,Cádiz,Jerez de la Frontera,36.730189,-5.959206,2026-08-28
NGA-00524,geografia,toponimo,Arroyo de Montecorto,"Arroyo de Montecorto (Curso Fluvial) en Montecorto. WGS84: 36.818581, -5.334152.",IECA — Nomenclátor Geográfico de Andalucía (WFS app:Entidad),https://www.ideandalucia.es/wfs-nga/services,alta,Cádiz,Montecorto,36.818581,-5.334152,2026-08-28
NGA-00525,geografia,toponimo,Arroyo de Montecote,"Arroyo de Montecote (Curso Fluvial) en Vejer de la Frontera. WGS84: 36.259129, -5.976955.",IECA — Nomenclátor Geográfico de Andalucía (WFS app:Entidad),https://www.ideandalucia.es/wfs-nga/services,alta,Cádiz,Vejer de la Frontera,36.259129,-5.976955,2026-08-28
NGA-00526,geografia,toponimo,Arroyo de Monterroso,"Arroyo de Monterroso (Curso Fluvial) en Estepona. WGS84: 36.442334, -5.16804.",IECA — Nomenclátor Geográfico de Andalucía (WFS app:Entidad),https://www.ideandalucia.es/wfs-nga/services,alta,Cádiz,Estepona,36.442334,-5.16804,2026-08-28
NGA-00527,geografia,toponimo,Arroyo de Montilla,"Arroyo de Montilla (Curso Fluvial) en San Roque. WGS84: 36.290858, -5.279394.",IECA — Nomenclátor Geográfico de Andalucía (WFS app:Entidad),https://www.ideandalucia.es/wfs-nga/services,alta,Cádiz,San Roque,36.290858,-5.279394,2026-08-28
NGA-00528,geografia,toponimo,Arroyo de Moral,"Arroyo de Moral (Curso Fluvial) en Tarifa. WGS84: 36.114594, -5.819927.",IECA — Nomenclátor Geográfico de Andalucía (WFS app:Entidad),https://www.ideandalucia.es/wfs-nga/services,alta,Cádiz,Tarifa,36.114594,-5.819927,2026-08-28
NGA-00529,geografia,toponimo,Arroyo de Morales,"Arroyo de Morales (Curso Fluvial) en Arcos de la Frontera. WGS84: 36.793916, -5.911596.",IECA — Nomenclátor Geográfico de Andalucía (WFS app:Entidad),https://www.ideandalucia.es/wfs-nga/services,alta,Cádiz,Arcos de la Frontera,36.793916,-5.911596,2026-08-28
NGA-00530,geografia,toponimo,Arroyo de Morieta,"Arroyo de Morieta (Curso Fluvial) en Montellano. WGS84: 37.023356, -5.535305.",IECA — Nomenclátor Geográfico de Andalucía (WFS app:Entidad),https://www.ideandalucia.es/wfs-nga/services,alta,Cádiz,Montellano,37.023356,-5.535305,2026-08-28
NGA-00531,geografia,toponimo,Arroyo de Moriscas,"Arroyo de Moriscas (Curso Fluvial) en Jimena de la Frontera. WGS84: 36.382791, -5.404109.",IECA — Nomenclátor Geográfico de Andalucía (WFS app:Entidad),https://www.ideandalucia.es/wfs-nga/services,alta,Cádiz,Jimena de la Frontera,36.382791,-5.404109,2026-08-28
NGA-00532,geografia,toponimo,Arroyo de Morra,"Arroyo de Morra (Curso Fluvial) en San Roque. WGS84: 36.291033, -5.315264.",IECA — Nomenclátor Geográfico de Andalucía (WFS app:Entidad),https://www.ideandalucia.es/wfs-nga/services,alta,Cádiz,San Roque,36.291033,-5.315264,2026-08-28
NGA-00533,geografia,toponimo,Arroyo de Mostaza,"Arroyo de Mostaza (Curso Fluvial) en Vejer de la Frontera. WGS84: 36.330818, -5.944071.",IECA — Nomenclátor Geográfico de Andalucía (WFS app:Entidad),https://www.ideandalucia.es/wfs-nga/services,alta,Cádiz,Vejer de la Frontera,36.330818,-5.944071,2026-08-28
NGA-00534,geografia,toponimo,Arroyo de Multa,"Arroyo de Multa (Curso Fluvial) en Los Barrios. WGS84: 36.315249, -5.583498.",IECA — Nomenclátor Geográfico de Andalucía (WFS app:Entidad),https://www.ideandalucia.es/wfs-nga/services,alta,Cádiz,Los Barrios,36.315249,-5.583498,2026-08-28
NGA-00535,geografia,toponimo,Arroyo de Murta,"Arroyo de Murta (Curso Fluvial) en Tarifa. WGS84: 36.168723, -5.818677.",IECA — Nomenclátor Geográfico de Andalucía (WFS app:Entidad),https://www.ideandalucia.es/wfs-nga/services,alta,Cádiz,Tarifa,36.168723,-5.818677,2026-08-28
NGA-00536,geografia,toponimo,Arroyo de Navafría,"Arroyo de Navafría (Curso Fluvial) en Tarifa. WGS84: 36.241787, -5.740335.",IECA — Nomenclátor Geográfico de Andalucía (WFS app:Entidad),https://www.ideandalucia.es/wfs-nga/services,alta,Cádiz,Tarifa,36.241787,-5.740335,2026-08-28
NGA-00537,geografia,toponimo,Arroyo de Navahermoso,"Arroyo de Navahermoso (Curso Fluvial) en Castellar de la Frontera. WGS84: 36.274309, -5.500956.",IECA — Nomenclátor Geográfico de Andalucía (WFS app:Entidad),https://www.ideandalucia.es/wfs-nga/services,alta,Cádiz,Castellar de la Frontera,36.274309,-5.500956,2026-08-28
NGA-00538,geografia,toponimo,Arroyo de Navahonda,"Arroyo de Navahonda (Curso Fluvial) en Espera. WGS84: 36.919312, -5.772069.",IECA — Nomenclátor Geográfico de Andalucía (WFS app:Entidad),https://www.ideandalucia.es/wfs-nga/services,alta,Cádiz,Espera,36.919312,-5.772069,2026-08-28
NGA-00539,geografia,toponimo,Arroyo de Nicaela,"Arroyo de Nicaela (Curso Fluvial) en San Roque. WGS84: 36.311959, -5.293489.",IECA — Nomenclátor Geográfico de Andalucía (WFS app:Entidad),https://www.ideandalucia.es/wfs-nga/services,alta,Cádiz,San Roque,36.311959,-5.293489,2026-08-28
NGA-00540,geografia,toponimo,Arroyo de Ojén,"Arroyo de Ojén (Curso Fluvial) en Los Barrios. WGS84: 36.13575, -5.559896.",IECA — Nomenclátor Geográfico de Andalucía (WFS app:Entidad),https://www.ideandalucia.es/wfs-nga/services,alta,Cádiz,Los Barrios,36.13575,-5.559896,2026-08-28
NGA-00541,geografia,toponimo,Arroyo de Oratorio,"Arroyo de Oratorio (Curso Fluvial) en Jimena de la Frontera. WGS84: 36.459107, -5.409318.",IECA — Nomenclátor Geográfico de Andalucía (WFS app:Entidad),https://www.ideandalucia.es/wfs-nga/services,alta,Cádiz,Jimena de la Frontera,36.459107,-5.409318,2026-08-28
NGA-00542,geografia,toponimo,Arroyo de Overa,"Arroyo de Overa (Curso Fluvial) en Conil de la Frontera. WGS84: 36.2838, -6.066954.",IECA — Nomenclátor Geográfico de Andalucía (WFS app:Entidad),https://www.ideandalucia.es/wfs-nga/services,alta,Cádiz,Conil de la Frontera,36.2838,-6.066954,2026-08-28
NGA-00543,geografia,toponimo,Arroyo de Padilla,"Arroyo de Padilla (Curso Fluvial) en Jerez de la Frontera. WGS84: 36.760616, -6.212925.",IECA — Nomenclátor Geográfico de Andalucía (WFS app:Entidad),https://www.ideandalucia.es/wfs-nga/services,alta,Cádiz,Jerez de la Frontera,36.760616,-6.212925,2026-08-28
NGA-00544,geografia,toponimo,Arroyo de Padilla,"Arroyo de Padilla (Curso Fluvial) en Igualeja. WGS84: 36.596695, -5.096299.",IECA — Nomenclátor Geográfico de Andalucía (WFS app:Entidad),https://www.ideandalucia.es/wfs-nga/services,alta,Cádiz,Igualeja,36.596695,-5.096299,2026-08-28
NGA-00545,geografia,toponimo,Arroyo de Pajarete,"Arroyo de Pajarete (Curso Fluvial) en Jerez de la Frontera. WGS84: 36.551273, -5.795328.",IECA — Nomenclátor Geográfico de Andalucía (WFS app:Entidad),https://www.ideandalucia.es/wfs-nga/services,alta,Cádiz,Jerez de la Frontera,36.551273,-5.795328,2026-08-28
NGA-00546,geografia,toponimo,Arroyo de Pajarito,"Arroyo de Pajarito (Curso Fluvial) en Parauta. WGS84: 36.654015, -5.123634.",IECA — Nomenclátor Geográfico de Andalucía (WFS app:Entidad),https://www.ideandalucia.es/wfs-nga/services,alta,Cádiz,Parauta,36.654015,-5.123634,2026-08-28
NGA-00547,geografia,toponimo,Arroyo de Palmetín,"Arroyo de Palmetín (Curso Fluvial) en Chiclana de la Frontera. WGS84: 36.412003, -6.045018.",IECA — Nomenclátor Geográfico de Andalucía (WFS app:Entidad),https://www.ideandalucia.es/wfs-nga/services,alta,Cádiz,Chiclana de la Frontera,36.412003,-6.045018,2026-08-28
NGA-00548,geografia,toponimo,Arroyo de Panta,"Arroyo de Panta (Curso Fluvial) en Ronda. WGS84: 36.804688, -5.200962.",IECA — Nomenclátor Geográfico de Andalucía (WFS app:Entidad),https://www.ideandalucia.es/wfs-nga/services,alta,Cádiz,Ronda,36.804688,-5.200962,2026-08-28
NGA-00549,geografia,toponimo,Arroyo de Pantoja,"Arroyo de Pantoja (Curso Fluvial) en Estepona. WGS84: 36.44308, -5.162695.",IECA — Nomenclátor Geográfico de Andalucía (WFS app:Entidad),https://www.ideandalucia.es/wfs-nga/services,alta,Cádiz,Estepona,36.44308,-5.162695,2026-08-28
NGA-00550,geografia,toponimo,Arroyo de Parralejo,"Arroyo de Parralejo (Curso Fluvial) en Zahara. WGS84: 36.829152, -5.434233.",IECA — Nomenclátor Geográfico de Andalucía (WFS app:Entidad),https://www.ideandalucia.es/wfs-nga/services,alta,Cádiz,Zahara,36.829152,-5.434233,2026-08-28
NGA-00551,geografia,toponimo,Arroyo de Parrilla,"Arroyo de Parrilla (Curso Fluvial) en Casares. WGS84: 36.387705, -5.225646.",IECA — Nomenclátor Geográfico de Andalucía (WFS app:Entidad),https://www.ideandalucia.es/wfs-nga/services,alta,Cádiz,Casares,36.387705,-5.225646,2026-08-28
NGA-00552,geografia,toponimo,Arroyo de Pasada Blanca,"Arroyo de Pasada Blanca (Curso Fluvial) en Jerez de la Frontera. WGS84: 36.535901, -5.525682.",IECA — Nomenclátor Geográfico de Andalucía (WFS app:Entidad),https://www.ideandalucia.es/wfs-nga/services,alta,Cádiz,Jerez de la Frontera,36.535901,-5.525682,2026-08-28
NGA-00553,geografia,toponimo,Arroyo de Pastrana,"Arroyo de Pastrana (Curso Fluvial) en Sanlúcar de Barrameda. WGS84: 36.742015, -6.306107.",IECA — Nomenclátor Geográfico de Andalucía (WFS app:Entidad),https://www.ideandalucia.es/wfs-nga/services,alta,Cádiz,Sanlúcar de Barrameda,36.742015,-6.306107,2026-08-28
NGA-00554,geografia,toponimo,Arroyo de Pecas,"Arroyo de Pecas (Curso Fluvial) en Casares. WGS84: 36.411233, -5.249169.",IECA — Nomenclátor Geográfico de Andalucía (WFS app:Entidad),https://www.ideandalucia.es/wfs-nga/services,alta,Cádiz,Casares,36.411233,-5.249169,2026-08-28
NGA-00555,geografia,toponimo,Arroyo de Perales,"Arroyo de Perales (Curso Fluvial) en Puerto Real. WGS84: 36.525357, -6.023931.",IECA — Nomenclátor Geográfico de Andalucía (WFS app:Entidad),https://www.ideandalucia.es/wfs-nga/services,alta,Cádiz,Puerto Real,36.525357,-6.023931,2026-08-28
NGA-00556,geografia,toponimo,Arroyo de Peña Gargate,"Arroyo de Peña Gargate (Curso Fluvial) en Algar. WGS84: 36.65239, -5.619908.",IECA — Nomenclátor Geográfico de Andalucía (WFS app:Entidad),https://www.ideandalucia.es/wfs-nga/services,alta,Cádiz,Algar,36.65239,-5.619908,2026-08-28
NGA-00557,geografia,toponimo,Arroyo de Picos,"Arroyo de Picos (Curso Fluvial) en Espera. WGS84: 36.843582, -5.805245.",IECA — Nomenclátor Geográfico de Andalucía (WFS app:Entidad),https://www.ideandalucia.es/wfs-nga/services,alta,Cádiz,Espera,36.843582,-5.805245,2026-08-28
NGA-00558,geografia,toponimo,Arroyo de Piedra Hincada,"Arroyo de Piedra Hincada (Curso Fluvial) en Alcalá de los Gazules. WGS84: 36.413303, -5.667325.",IECA — Nomenclátor Geográfico de Andalucía (WFS app:Entidad),https://www.ideandalucia.es/wfs-nga/services,alta,Cádiz,Alcalá de los Gazules,36.413303,-5.667325,2026-08-28
NGA-00559,geografia,toponimo,Arroyo de Piedraplato,"Arroyo de Piedraplato (Curso Fluvial) en Medina Sidonia. WGS84: 36.404792, -5.919385.",IECA — Nomenclátor Geográfico de Andalucía (WFS app:Entidad),https://www.ideandalucia.es/wfs-nga/services,alta,Cádiz,Medina Sidonia,36.404792,-5.919385,2026-08-28
NGA-00560,geografia,toponimo,Arroyo de Planel,"Arroyo de Planel (Curso Fluvial) en Jerez de la Frontera. WGS84: 36.674833, -5.985875.",IECA — Nomenclátor Geográfico de Andalucía (WFS app:Entidad),https://www.ideandalucia.es/wfs-nga/services,alta,Cádiz,Jerez de la Frontera,36.674833,-5.985875,2026-08-28
NGA-00561,geografia,toponimo,Arroyo de Pocas,"Arroyo de Pocas (Curso Fluvial) en Casares. WGS84: 36.411095, -5.253999.",IECA — Nomenclátor Geográfico de Andalucía (WFS app:Entidad),https://www.ideandalucia.es/wfs-nga/services,alta,Cádiz,Casares,36.411095,-5.253999,2026-08-28
NGA-00562,geografia,toponimo,Arroyo de Pocas Libras,"Arroyo de Pocas Libras (Curso Fluvial) en Casares. WGS84: 36.39662, -5.249257.",IECA — Nomenclátor Geográfico de Andalucía (WFS app:Entidad),https://www.ideandalucia.es/wfs-nga/services,alta,Cádiz,Casares,36.39662,-5.249257,2026-08-28
NGA-00563,geografia,toponimo,Arroyo de Poco Provecho,"Arroyo de Poco Provecho (Curso Fluvial) en Alcalá de los Gazules. WGS84: 36.440006, -5.663888.",IECA — Nomenclátor Geográfico de Andalucía (WFS app:Entidad),https://www.ideandalucia.es/wfs-nga/services,alta,Cádiz,Alcalá de los Gazules,36.440006,-5.663888,2026-08-28
NGA-00564,geografia,toponimo,Arroyo de Polvitos,"Arroyo de Polvitos (Curso Fluvial) en Estepona. WGS84: 36.446705, -5.185665.",IECA — Nomenclátor Geográfico de Andalucía (WFS app:Entidad),https://www.ideandalucia.es/wfs-nga/services,alta,Cádiz,Estepona,36.446705,-5.185665,2026-08-28
NGA-00565,geografia,toponimo,Arroyo de Pozo Gallego,"Arroyo de Pozo Gallego (Curso Fluvial) en Barbate. WGS84: 36.187881, -5.818429.",IECA — Nomenclátor Geográfico de Andalucía (WFS app:Entidad),https://www.ideandalucia.es/wfs-nga/services,alta,Cádiz,Barbate,36.187881,-5.818429,2026-08-28
NGA-00566,geografia,toponimo,Arroyo de Pozo Medina,"Arroyo de Pozo Medina (Curso Fluvial) en Medina Sidonia. WGS84: 36.52746, -5.892475.",IECA — Nomenclátor Geográfico de Andalucía (WFS app:Entidad),https://www.ideandalucia.es/wfs-nga/services,alta,Cádiz,Medina Sidonia,36.52746,-5.892475,2026-08-28
NGA-00567,geografia,toponimo,Arroyo de Puertabajo,"Arroyo de Puertabajo (Curso Fluvial) en Tarifa. WGS84: 36.080386, -5.742473.",IECA — Nomenclátor Geográfico de Andalucía (WFS app:Entidad),https://www.ideandalucia.es/wfs-nga/services,alta,Cádiz,Tarifa,36.080386,-5.742473,2026-08-28
NGA-00568,geografia,toponimo,Arroyo de Puertallanilla,"Arroyo de Puertallanilla (Curso Fluvial) en Espera. WGS84: 36.893961, -5.739306.",IECA — Nomenclátor Geográfico de Andalucía (WFS app:Entidad),https://www.ideandalucia.es/wfs-nga/services,alta,Cádiz,Espera,36.893961,-5.739306,2026-08-28
NGA-00569,geografia,toponimo,Arroyo de Puerto Frontino,"Arroyo de Puerto Frontino (Curso Fluvial) en Alcalá de los Gazules. WGS84: 36.551148, -5.708664.",IECA — Nomenclátor Geográfico de Andalucía (WFS app:Entidad),https://www.ideandalucia.es/wfs-nga/services,alta,Cádiz,Alcalá de los Gazules,36.551148,-5.708664,2026-08-28
NGA-00570,geografia,toponimo,Arroyo de Puerto de las Palomas,"Arroyo de Puerto de las Palomas (Curso Fluvial) en Alcalá de los Gazules. WGS84: 36.531577, -5.682459.",IECA — Nomenclátor Geográfico de Andalucía (WFS app:Entidad),https://www.ideandalucia.es/wfs-nga/services,alta,Cádiz,Alcalá de los Gazules,36.531577,-5.682459,2026-08-28
NGA-00571,geografia,toponimo,Arroyo de Quejido,"Arroyo de Quejido (Curso Fluvial) en Jimera de Líbar. WGS84: 36.684758, -5.247373.",IECA — Nomenclátor Geográfico de Andalucía (WFS app:Entidad),https://www.ideandalucia.es/wfs-nga/services,alta,Cádiz,Jimera de Líbar,36.684758,-5.247373,2026-08-28
NGA-00572,geografia,toponimo,Arroyo de Quejigos,"Arroyo de Quejigos (Curso Fluvial) en San José del Valle. WGS84: 36.616945, -5.785895.",IECA — Nomenclátor Geográfico de Andalucía (WFS app:Entidad),https://www.ideandalucia.es/wfs-nga/services,alta,Cádiz,San José del Valle,36.616945,-5.785895,2026-08-28
NGA-00573,geografia,toponimo,Arroyo de Quejigos,"Arroyo de Quejigos (Curso Fluvial) en Pujerra. WGS84: 36.598816, -5.153927.",IECA — Nomenclátor Geográfico de Andalucía (WFS app:Entidad),https://www.ideandalucia.es/wfs-nga/services,alta,Cádiz,Pujerra,36.598816,-5.153927,2026-08-28
NGA-00574,geografia,toponimo,Arroyo de Quintanilla,"Arroyo de Quintanilla (Curso Fluvial) en Tarifa. WGS84: 36.204765, -5.769884.",IECA — Nomenclátor Geográfico de Andalucía (WFS app:Entidad),https://www.ideandalucia.es/wfs-nga/services,alta,Cádiz,Tarifa,36.204765,-5.769884,2026-08-28
NGA-00575,geografia,toponimo,Arroyo de Quirós,"Arroyo de Quirós (Curso Fluvial) en San Martín del Tesorillo. WGS84: 36.343353, -5.37596.",IECA — Nomenclátor Geográfico de Andalucía (WFS app:Entidad),https://www.ideandalucia.es/wfs-nga/services,alta,Cádiz,San Martín del Tesorillo,36.343353,-5.37596,2026-08-28
NGA-00576,geografia,toponimo,Arroyo de Ramos,"Arroyo de Ramos (Curso Fluvial) en Tarifa. WGS84: 36.064122, -5.615585.",IECA — Nomenclátor Geográfico de Andalucía (WFS app:Entidad),https://www.ideandalucia.es/wfs-nga/services,alta,Cádiz,Tarifa,36.064122,-5.615585,2026-08-28
NGA-00577,geografia,toponimo,Arroyo de Ranchiles,"Arroyo de Ranchiles (Curso Fluvial) en Algodonales. WGS84: 36.878667, -5.453827.",IECA — Nomenclátor Geográfico de Andalucía (WFS app:Entidad),https://www.ideandalucia.es/wfs-nga/services,alta,Cádiz,Algodonales,36.878667,-5.453827,2026-08-28
NGA-00578,geografia,toponimo,Arroyo de Rancho Frío,"Arroyo de Rancho Frío (Curso Fluvial) en Júzcar. WGS84: 36.556428, -5.151377.",IECA — Nomenclátor Geográfico de Andalucía (WFS app:Entidad),https://www.ideandalucia.es/wfs-nga/services,alta,Cádiz,Júzcar,36.556428,-5.151377,2026-08-28
NGA-00579,geografia,toponimo,Arroyo de Recolerra,"Arroyo de Recolerra (Curso Fluvial) en Alcalá de los Gazules. WGS84: 36.440998, -5.755724.",IECA — Nomenclátor Geográfico de Andalucía (WFS app:Entidad),https://www.ideandalucia.es/wfs-nga/services,alta,Cádiz,Alcalá de los Gazules,36.440998,-5.755724,2026-08-28
NGA-00580,geografia,toponimo,Arroyo de Roa la Bota,"Arroyo de Roa la Bota (Curso Fluvial) en Jerez de la Frontera. WGS84: 36.61237, -6.112476.",IECA — Nomenclátor Geográfico de Andalucía (WFS app:Entidad),https://www.ideandalucia.es/wfs-nga/services,alta,Cádiz,Jerez de la Frontera,36.61237,-6.112476,2026-08-28
NGA-00581,geografia,toponimo,Arroyo de Romanitos,"Arroyo de Romanitos (Curso Fluvial) en Jerez de la Frontera. WGS84: 36.766707, -6.140191.",IECA — Nomenclátor Geográfico de Andalucía (WFS app:Entidad),https://www.ideandalucia.es/wfs-nga/services,alta,Cádiz,Jerez de la Frontera,36.766707,-6.140191,2026-08-28
NGA-00582,geografia,toponimo,Arroyo de Ronda,"Arroyo de Ronda (Curso Fluvial) en Torre Alháquime. WGS84: 36.915012, -5.239386.",IECA — Nomenclátor Geográfico de Andalucía (WFS app:Entidad),https://www.ideandalucia.es/wfs-nga/services,alta,Cádiz,Torre Alháquime,36.915012,-5.239386,2026-08-28
NGA-00583,geografia,toponimo,Arroyo de Rosalejo,"Arroyo de Rosalejo (Curso Fluvial) en Tarifa. WGS84: 36.096458, -5.693505.",IECA — Nomenclátor Geográfico de Andalucía (WFS app:Entidad),https://www.ideandalucia.es/wfs-nga/services,alta,Cádiz,Tarifa,36.096458,-5.693505,2026-08-28
NGA-00584,geografia,toponimo,Arroyo de Sadres,"Arroyo de Sadres (Curso Fluvial) en Los Barrios. WGS84: 36.176385, -5.514056.",IECA — Nomenclátor Geográfico de Andalucía (WFS app:Entidad),https://www.ideandalucia.es/wfs-nga/services,alta,Cádiz,Los Barrios,36.176385,-5.514056,2026-08-28
NGA-00585,geografia,toponimo,Arroyo de Saladillo,"Arroyo de Saladillo (Curso Fluvial) en Las Cabezas de San Juan. WGS84: 36.908339, -5.853711.",IECA — Nomenclátor Geográfico de Andalucía (WFS app:Entidad),https://www.ideandalucia.es/wfs-nga/services,alta,Cádiz,Las Cabezas de San Juan,36.908339,-5.853711,2026-08-28
NGA-00586,geografia,toponimo,Arroyo de Salinilla,"Arroyo de Salinilla (Curso Fluvial) en Chiclana de la Frontera. WGS84: 36.386221, -6.022827.",IECA — Nomenclátor Geográfico de Andalucía (WFS app:Entidad),https://www.ideandalucia.es/wfs-nga/services,alta,Cádiz,Chiclana de la Frontera,36.386221,-6.022827,2026-08-28
NGA-00587,geografia,toponimo,Arroyo de San Ambrosio,"Arroyo de San Ambrosio (Curso Fluvial) en Barbate. WGS84: 36.206659, -6.052113.",IECA — Nomenclátor Geográfico de Andalucía (WFS app:Entidad),https://www.ideandalucia.es/wfs-nga/services,alta,Cádiz,Barbate,36.206659,-6.052113,2026-08-28
NGA-00588,geografia,toponimo,Arroyo de San Andrés,"Arroyo de San Andrés (Curso Fluvial) en Arcos de la Frontera. WGS84: 36.79648, -5.808536.",IECA — Nomenclátor Geográfico de Andalucía (WFS app:Entidad),https://www.ideandalucia.es/wfs-nga/services,alta,Cádiz,Arcos de la Frontera,36.79648,-5.808536,2026-08-28
NGA-00589,geografia,toponimo,Arroyo de San Antonio,"Arroyo de San Antonio (Curso Fluvial) en Arcos de la Frontera. WGS84: 36.780412, -5.661118.",IECA — Nomenclátor Geográfico de Andalucía (WFS app:Entidad),https://www.ideandalucia.es/wfs-nga/services,alta,Cádiz,Arcos de la Frontera,36.780412,-5.661118,2026-08-28
NGA-00590,geografia,toponimo,Arroyo de San Antón o de los Alamillos,"Arroyo de San Antón o de los Alamillos (Curso Fluvial) en Espera. WGS84: 36.861249, -5.825142.",IECA — Nomenclátor Geográfico de Andalucía (WFS app:Entidad),https://www.ideandalucia.es/wfs-nga/services,alta,Cádiz,Espera,36.861249,-5.825142,2026-08-28
NGA-00591,geografia,toponimo,Arroyo de San Juan,"Arroyo de San Juan (Curso Fluvial) en Olvera. WGS84: 36.985565, -5.360258.",IECA — Nomenclátor Geográfico de Andalucía (WFS app:Entidad),https://www.ideandalucia.es/wfs-nga/services,alta,Cádiz,Olvera,36.985565,-5.360258,2026-08-28
NGA-00592,geografia,toponimo,Arroyo de San Roque,"Arroyo de San Roque (Curso Fluvial) en Medina Sidonia. WGS84: 36.321318, -5.670872.",IECA — Nomenclátor Geográfico de Andalucía (WFS app:Entidad),https://www.ideandalucia.es/wfs-nga/services,alta,Cádiz,Medina Sidonia,36.321318,-5.670872,2026-08-28
NGA-00593,geografia,toponimo,Arroyo de Sanara,"Arroyo de Sanara (Curso Fluvial) en Pujerra. WGS84: 36.569719, -5.116813.",IECA — Nomenclátor Geográfico de Andalucía (WFS app:Entidad),https://www.ideandalucia.es/wfs-nga/services,alta,Cádiz,Pujerra,36.569719,-5.116813,2026-08-28
NGA-00594,geografia,toponimo,Arroyo de Sanguijuela,"Arroyo de Sanguijuela (Curso Fluvial) en San José del Valle. WGS84: 36.655294, -5.782015.",IECA — Nomenclátor Geográfico de Andalucía (WFS app:Entidad),https://www.ideandalucia.es/wfs-nga/services,alta,Cádiz,San José del Valle,36.655294,-5.782015,2026-08-28
NGA-00595,geografia,toponimo,Arroyo de Santa María,"Arroyo de Santa María (Curso Fluvial) en Lebrija. WGS84: 36.896727, -6.003752.",IECA — Nomenclátor Geográfico de Andalucía (WFS app:Entidad),https://www.ideandalucia.es/wfs-nga/services,alta,Cádiz,Lebrija,36.896727,-6.003752,2026-08-28
NGA-00596,geografia,toponimo,Arroyo de Santa María,"Arroyo de Santa María (Curso Fluvial) en Jerez de la Frontera. WGS84: 36.580892, -5.924672.",IECA — Nomenclátor Geográfico de Andalucía (WFS app:Entidad),https://www.ideandalucia.es/wfs-nga/services,alta,Cádiz,Jerez de la Frontera,36.580892,-5.924672,2026-08-28
NGA-00597,geografia,toponimo,Arroyo de Santiago,"Arroyo de Santiago (Curso Fluvial) en Jerez de la Frontera. WGS84: 36.741548, -5.995504.",IECA — Nomenclátor Geográfico de Andalucía (WFS app:Entidad),https://www.ideandalucia.es/wfs-nga/services,alta,Cádiz,Jerez de la Frontera,36.741548,-5.995504,2026-08-28
NGA-00598,geografia,toponimo,Arroyo de Santiago,"Arroyo de Santiago (Curso Fluvial) en Utrera. WGS84: 36.978901, -5.724714.",IECA — Nomenclátor Geográfico de Andalucía (WFS app:Entidad),https://www.ideandalucia.es/wfs-nga/services,alta,Cádiz,Utrera,36.978901,-5.724714,2026-08-28
NGA-00599,geografia,toponimo,Arroyo de Sasa,"Arroyo de Sasa (Curso Fluvial) en Puerto Serrano. WGS84: 36.939652, -5.489047.",IECA — Nomenclátor Geográfico de Andalucía (WFS app:Entidad),https://www.ideandalucia.es/wfs-nga/services,alta,Cádiz,Puerto Serrano,36.939652,-5.489047,2026-08-28
NGA-00600,geografia,toponimo,Arroyo de Sila,"Arroyo de Sila (Curso Fluvial) en Medina Sidonia. WGS84: 36.416543, -5.83936.",IECA — Nomenclátor Geográfico de Andalucía (WFS app:Entidad),https://www.ideandalucia.es/wfs-nga/services,alta,Cádiz,Medina Sidonia,36.416543,-5.83936,2026-08-28
NGA-00601,geografia,toponimo,Arroyo de Simón,"Arroyo de Simón (Curso Fluvial) en Prado del Rey. WGS84: 36.765798, -5.546864.",IECA — Nomenclátor Geográfico de Andalucía (WFS app:Entidad),https://www.ideandalucia.es/wfs-nga/services,alta,Cádiz,Prado del Rey,36.765798,-5.546864,2026-08-28
NGA-00602,geografia,toponimo,Arroyo de Tabajete,"Arroyo de Tabajete (Curso Fluvial) en Jerez de la Frontera. WGS84: 36.751437, -6.199361.",IECA — Nomenclátor Geográfico de Andalucía (WFS app:Entidad),https://www.ideandalucia.es/wfs-nga/services,alta,Cádiz,Jerez de la Frontera,36.751437,-6.199361,2026-08-28
NGA-00603,geografia,toponimo,Arroyo de Talancón,"Arroyo de Talancón (Curso Fluvial) en Villamartín. WGS84: 36.861481, -5.538174.",IECA — Nomenclátor Geográfico de Andalucía (WFS app:Entidad),https://www.ideandalucia.es/wfs-nga/services,alta,Cádiz,Villamartín,36.861481,-5.538174,2026-08-28
NGA-00604,geografia,toponimo,Arroyo de Talavera,"Arroyo de Talavera (Curso Fluvial) en Puerto Serrano. WGS84: 37.039922, -5.430802.",IECA — Nomenclátor Geográfico de Andalucía (WFS app:Entidad),https://www.ideandalucia.es/wfs-nga/services,alta,Cádiz,Puerto Serrano,37.039922,-5.430802,2026-08-28
NGA-00605,geografia,toponimo,Arroyo de Tapatana,"Arroyo de Tapatana (Curso Fluvial) en Tarifa. WGS84: 36.180361, -5.794942.",IECA — Nomenclátor Geográfico de Andalucía (WFS app:Entidad),https://www.ideandalucia.es/wfs-nga/services,alta,Cádiz,Tarifa,36.180361,-5.794942,2026-08-28
NGA-00606,geografia,toponimo,Arroyo de Taraja,"Arroyo de Taraja (Curso Fluvial) en Vejer de la Frontera. WGS84: 36.345245, -6.000343.",IECA — Nomenclátor Geográfico de Andalucía (WFS app:Entidad),https://www.ideandalucia.es/wfs-nga/services,alta,Cádiz,Vejer de la Frontera,36.345245,-6.000343,2026-08-28
NGA-00607,geografia,toponimo,Arroyo de Toro,"Arroyo de Toro (Curso Fluvial) en Vejer de la Frontera. WGS84: 36.286162, -5.931531.",IECA — Nomenclátor Geográfico de Andalucía (WFS app:Entidad),https://www.ideandalucia.es/wfs-nga/services,alta,Cádiz,Vejer de la Frontera,36.286162,-5.931531,2026-08-28
NGA-00608,geografia,toponimo,Arroyo de Tortas,"Arroyo de Tortas (Curso Fluvial) en Chiclana de la Frontera. WGS84: 36.428648, -6.09258.",IECA — Nomenclátor Geográfico de Andalucía (WFS app:Entidad),https://www.ideandalucia.es/wfs-nga/services,alta,Cádiz,Chiclana de la Frontera,36.428648,-6.09258,2026-08-28
NGA-00609,geografia,toponimo,Arroyo de Urdiales,"Arroyo de Urdiales (Curso Fluvial) en Vejer de la Frontera. WGS84: 36.248976, -6.028096.",IECA — Nomenclátor Geográfico de Andalucía (WFS app:Entidad),https://www.ideandalucia.es/wfs-nga/services,alta,Cádiz,Vejer de la Frontera,36.248976,-6.028096,2026-08-28
NGA-00610,geografia,toponimo,Arroyo de Valcargado,"Arroyo de Valcargado (Curso Fluvial) en Medina Sidonia. WGS84: 36.389849, -5.863606.",IECA — Nomenclátor Geográfico de Andalucía (WFS app:Entidad),https://www.ideandalucia.es/wfs-nga/services,alta,Cádiz,Medina Sidonia,36.389849,-5.863606,2026-08-28
NGA-00611,geografia,toponimo,Arroyo de Valdecarretas,"Arroyo de Valdecarretas (Curso Fluvial) en Rota. WGS84: 36.647647, -6.3356.",IECA — Nomenclátor Geográfico de Andalucía (WFS app:Entidad),https://www.ideandalucia.es/wfs-nga/services,alta,Cádiz,Rota,36.647647,-6.3356,2026-08-28
NGA-00612,geografia,toponimo,Arroyo de Valdeinfierno,"Arroyo de Valdeinfierno (Curso Fluvial) en Los Barrios. WGS84: 36.232147, -5.635886.",IECA — Nomenclátor Geográfico de Andalucía (WFS app:Entidad),https://www.ideandalucia.es/wfs-nga/services,alta,Cádiz,Los Barrios,36.232147,-5.635886,2026-08-28
NGA-00613,geografia,toponimo,Arroyo de Valdeperros,"Arroyo de Valdeperros (Obra Hidráulica) en Las Cabezas de San Juan. WGS84: 36.965237, -5.960601.",IECA — Nomenclátor Geográfico de Andalucía (WFS app:Entidad),https://www.ideandalucia.es/wfs-nga/services,alta,Cádiz,Las Cabezas de San Juan,36.965237,-5.960601,2026-08-28
NGA-00614,geografia,toponimo,Arroyo de Vallehondo,"Arroyo de Vallehondo (Curso Fluvial) en Villamartín. WGS84: 36.929882, -5.613184.",IECA — Nomenclátor Geográfico de Andalucía (WFS app:Entidad),https://www.ideandalucia.es/wfs-nga/services,alta,Cádiz,Villamartín,36.929882,-5.613184,2026-08-28
NGA-00615,geografia,toponimo,Arroyo de Valsequillo,"Arroyo de Valsequillo (Curso Fluvial) en Medina Sidonia. WGS84: 36.439926, -6.028536.",IECA — Nomenclátor Geográfico de Andalucía (WFS app:Entidad),https://www.ideandalucia.es/wfs-nga/services,alta,Cádiz,Medina Sidonia,36.439926,-6.028536,2026-08-28
NGA-00616,geografia,toponimo,Arroyo de Veranil,"Arroyo de Veranil (Curso Fluvial) en Benarrabá. WGS84: 36.552013, -5.3291.",IECA — Nomenclátor Geográfico de Andalucía (WFS app:Entidad),https://www.ideandalucia.es/wfs-nga/services,alta,Cádiz,Benarrabá,36.552013,-5.3291,2026-08-28
NGA-00617,geografia,toponimo,Arroyo de Verdegana,"Arroyo de Verdegana (Curso Fluvial) en Alcalá de los Gazules. WGS84: 36.509099, -5.718037.",IECA — Nomenclátor Geográfico de Andalucía (WFS app:Entidad),https://www.ideandalucia.es/wfs-nga/services,alta,Cádiz,Alcalá de los Gazules,36.509099,-5.718037,2026-08-28
NGA-00618,geografia,toponimo,Arroyo de Vico,"Arroyo de Vico (Curso Fluvial) en Jerez de la Frontera. WGS84: 36.638027, -5.933931.",IECA — Nomenclátor Geográfico de Andalucía (WFS app:Entidad),https://www.ideandalucia.es/wfs-nga/services,alta,Cádiz,Jerez de la Frontera,36.638027,-5.933931,2026-08-28
NGA-00619,geografia,toponimo,Arroyo de Villaharta,"Arroyo de Villaharta (Curso Fluvial) en Algatocín. WGS84: 36.56591, -5.269163.",IECA — Nomenclátor Geográfico de Andalucía (WFS app:Entidad),https://www.ideandalucia.es/wfs-nga/services,alta,Cádiz,Algatocín,36.56591,-5.269163,2026-08-28
NGA-00620,geografia,toponimo,Arroyo de Villalba,"Arroyo de Villalba (Curso Fluvial) en Espera. WGS84: 36.882568, -5.755459.",IECA — Nomenclátor Geográfico de Andalucía (WFS app:Entidad),https://www.ideandalucia.es/wfs-nga/services,alta,Cádiz,Espera,36.882568,-5.755459,2026-08-28
NGA-00621,geografia,toponimo,Arroyo de Villalonga,"Arroyo de Villalonga (Curso Fluvial) en Pruna. WGS84: 36.957797, -5.217878.",IECA — Nomenclátor Geográfico de Andalucía (WFS app:Entidad),https://www.ideandalucia.es/wfs-nga/services,alta,Cádiz,Pruna,36.957797,-5.217878,2026-08-28
NGA-00622,geografia,toponimo,Arroyo de Villanueva,"Arroyo de Villanueva (Curso Fluvial) en Medina Sidonia. WGS84: 36.387564, -5.92311.",IECA — Nomenclátor Geográfico de Andalucía (WFS app:Entidad),https://www.ideandalucia.es/wfs-nga/services,alta,Cádiz,Medina Sidonia,36.387564,-5.92311,2026-08-28
NGA-00623,geografia,toponimo,Arroyo de Villarana,"Arroyo de Villarana (Curso Fluvial) en El Puerto de Santa María. WGS84: 36.641287, -6.280052.",IECA — Nomenclátor Geográfico de Andalucía (WFS app:Entidad),https://www.ideandalucia.es/wfs-nga/services,alta,Cádiz,El Puerto de Santa María,36.641287,-6.280052,2026-08-28
NGA-00626,geografia,toponimo,Arroyo de Zamora,"Arroyo de Zamora (Curso Fluvial) en Coripe. WGS84: 36.981418, -5.423297.",IECA — Nomenclátor Geográfico de Andalucía (WFS app:Entidad),https://www.ideandalucia.es/wfs-nga/services,alta,Cádiz,Coripe,36.981418,-5.423297,2026-08-28
NGA-00627,geografia,toponimo,Arroyo de Zarabanda,"Arroyo de Zarabanda (Curso Fluvial) en Casares. WGS84: 36.372976, -5.308158.",IECA — Nomenclátor Geográfico de Andalucía (WFS app:Entidad),https://www.ideandalucia.es/wfs-nga/services,alta,Cádiz,Casares,36.372976,-5.308158,2026-08-28
NGA-00628,geografia,toponimo,Arroyo de Zorrilla,"Arroyo de Zorrilla (Curso Fluvial) en Arcos de la Frontera. WGS84: 36.806508, -5.807671.",IECA — Nomenclátor Geográfico de Andalucía (WFS app:Entidad),https://www.ideandalucia.es/wfs-nga/services,alta,Cádiz,Arcos de la Frontera,36.806508,-5.807671,2026-08-28
NGA-00629,geografia,toponimo,Arroyo de Zumajo o de Olivar,"Arroyo de Zumajo o de Olivar (Curso Fluvial) en Jerez de la Frontera. WGS84: 36.651829, -5.884152.",IECA — Nomenclátor Geográfico de Andalucía (WFS app:Entidad),https://www.ideandalucia.es/wfs-nga/services,alta,Cádiz,Jerez de la Frontera,36.651829,-5.884152,2026-08-28
NGA-00630,geografia,toponimo,Arroyo de la Abejera,"Arroyo de la Abejera (Curso Fluvial) en Benalauría. WGS84: 36.567991, -5.33883.",IECA — Nomenclátor Geográfico de Andalucía (WFS app:Entidad),https://www.ideandalucia.es/wfs-nga/services,alta,Cádiz,Benalauría,36.567991,-5.33883,2026-08-28
NGA-00631,geografia,toponimo,Arroyo de la Aguzadera,"Arroyo de la Aguzadera (Curso Fluvial) en Utrera. WGS84: 37.016149, -5.674316.",IECA — Nomenclátor Geográfico de Andalucía (WFS app:Entidad),https://www.ideandalucia.es/wfs-nga/services,alta,Cádiz,Utrera,37.016149,-5.674316,2026-08-28
NGA-00632,geografia,toponimo,Arroyo de la Alcaría,"Arroyo de la Alcaría (Curso Fluvial) en Medina Sidonia. WGS84: 36.422661, -5.817938.",IECA — Nomenclátor Geográfico de Andalucía (WFS app:Entidad),https://www.ideandalucia.es/wfs-nga/services,alta,Cádiz,Medina Sidonia,36.422661,-5.817938,2026-08-28
NGA-00633,geografia,toponimo,Arroyo de la Alcaría,"Arroyo de la Alcaría (Curso Fluvial) en Jerez de la Frontera. WGS84: 36.563926, -5.735543.",IECA — Nomenclátor Geográfico de Andalucía (WFS app:Entidad),https://www.ideandalucia.es/wfs-nga/services,alta,Cádiz,Jerez de la Frontera,36.563926,-5.735543,2026-08-28
NGA-00634,geografia,toponimo,Arroyo de la Alegría,"Arroyo de la Alegría (Curso Fluvial) en San Roque. WGS84: 36.200358, -5.378413.",IECA — Nomenclátor Geográfico de Andalucía (WFS app:Entidad),https://www.ideandalucia.es/wfs-nga/services,alta,Cádiz,San Roque,36.200358,-5.378413,2026-08-28
NGA-00635,geografia,toponimo,Arroyo de la Alfacara,"Arroyo de la Alfacara (Curso Fluvial) en Benadalid. WGS84: 36.620292, -5.297332.",IECA — Nomenclátor Geográfico de Andalucía (WFS app:Entidad),https://www.ideandalucia.es/wfs-nga/services,alta,Cádiz,Benadalid,36.620292,-5.297332,2026-08-28
NGA-00636,geografia,toponimo,Arroyo de la Alhaia,"Arroyo de la Alhaia (Curso Fluvial) en Ronda. WGS84: 36.755536, -5.203888.",IECA — Nomenclátor Geográfico de Andalucía (WFS app:Entidad),https://www.ideandalucia.es/wfs-nga/services,alta,Cádiz,Ronda,36.755536,-5.203888,2026-08-28
NGA-00637,geografia,toponimo,Arroyo de la Almadraba,"Arroyo de la Almadraba (Curso Fluvial) en La Línea de la Concepción. WGS84: 36.230058, -5.32979.",IECA — Nomenclátor Geográfico de Andalucía (WFS app:Entidad),https://www.ideandalucia.es/wfs-nga/services,alta,Cádiz,La Línea de la Concepción,36.230058,-5.32979,2026-08-28
NGA-00638,geografia,toponimo,Arroyo de la Almaja,"Arroyo de la Almaja (Curso Fluvial) en El Bosque. WGS84: 36.768926, -5.515386.",IECA — Nomenclátor Geográfico de Andalucía (WFS app:Entidad),https://www.ideandalucia.es/wfs-nga/services,alta,Cádiz,El Bosque,36.768926,-5.515386,2026-08-28
NGA-00639,geografia,toponimo,Arroyo de la Anea,"Arroyo de la Anea (Curso Fluvial) en Utrera. WGS84: 36.938739, -5.830961.",IECA — Nomenclátor Geográfico de Andalucía (WFS app:Entidad),https://www.ideandalucia.es/wfs-nga/services,alta,Cádiz,Utrera,36.938739,-5.830961,2026-08-28
NGA-00640,geografia,toponimo,Arroyo de la Angostura,"Arroyo de la Angostura (Curso Fluvial) en Montecorto. WGS84: 36.827451, -5.32594.",IECA — Nomenclátor Geográfico de Andalucía (WFS app:Entidad),https://www.ideandalucia.es/wfs-nga/services,alta,Cádiz,Montecorto,36.827451,-5.32594,2026-08-28
NGA-00641,geografia,toponimo,Arroyo de la Angula,"Arroyo de la Angula (Curso Fluvial) en Castellar de la Frontera. WGS84: 36.32772, -5.429922.",IECA — Nomenclátor Geográfico de Andalucía (WFS app:Entidad),https://www.ideandalucia.es/wfs-nga/services,alta,Cádiz,Castellar de la Frontera,36.32772,-5.429922,2026-08-28
NGA-00642,geografia,toponimo,Arroyo de la Arandilla,"Arroyo de la Arandilla (Curso Fluvial) en Castellar de la Frontera. WGS84: 36.313703, -5.449288.",IECA — Nomenclátor Geográfico de Andalucía (WFS app:Entidad),https://www.ideandalucia.es/wfs-nga/services,alta,Cádiz,Castellar de la Frontera,36.313703,-5.449288,2026-08-28
NGA-00643,geografia,toponimo,Arroyo de la Arena,"Arroyo de la Arena (Curso Fluvial) en Las Cabezas de San Juan. WGS84: 37.002534, -5.911989.",IECA — Nomenclátor Geográfico de Andalucía (WFS app:Entidad),https://www.ideandalucia.es/wfs-nga/services,alta,Cádiz,Las Cabezas de San Juan,37.002534,-5.911989,2026-08-28
NGA-00644,geografia,toponimo,Arroyo de la Armada,"Arroyo de la Armada (Curso Fluvial) en Puerto Serrano. WGS84: 36.933299, -5.465592.",IECA — Nomenclátor Geográfico de Andalucía (WFS app:Entidad),https://www.ideandalucia.es/wfs-nga/services,alta,Cádiz,Puerto Serrano,36.933299,-5.465592,2026-08-28
NGA-00645,geografia,toponimo,Arroyo de la Arnea,"Arroyo de la Arnea (Curso Fluvial) en Alcalá de los Gazules. WGS84: 36.438009, -5.793218.",IECA — Nomenclátor Geográfico de Andalucía (WFS app:Entidad),https://www.ideandalucia.es/wfs-nga/services,alta,Cádiz,Alcalá de los Gazules,36.438009,-5.793218,2026-08-28
NGA-00646,geografia,toponimo,Arroyo de la Atalaya,"Arroyo de la Atalaya (Curso Fluvial) en Algodonales. WGS84: 36.879674, -5.524687.",IECA — Nomenclátor Geográfico de Andalucía (WFS app:Entidad),https://www.ideandalucia.es/wfs-nga/services,alta,Cádiz,Algodonales,36.879674,-5.524687,2026-08-28
NGA-00647,geografia,toponimo,Arroyo de la Ballena,"Arroyo de la Ballena (Curso Fluvial) en Rota. WGS84: 36.68951, -6.397819.",IECA — Nomenclátor Geográfico de Andalucía (WFS app:Entidad),https://www.ideandalucia.es/wfs-nga/services,alta,Cádiz,Rota,36.68951,-6.397819,2026-08-28
NGA-00648,geografia,toponimo,Arroyo de la Basurta,"Arroyo de la Basurta (Curso Fluvial) en Jerez de la Frontera. WGS84: 36.749148, -6.012292.",IECA — Nomenclátor Geográfico de Andalucía (WFS app:Entidad),https://www.ideandalucia.es/wfs-nga/services,alta,Cádiz,Jerez de la Frontera,36.749148,-6.012292,2026-08-28
NGA-00649,geografia,toponimo,Arroyo de la Boca de la Fé,"Arroyo de la Boca de la Fé (Curso Fluvial) en Lebrija. WGS84: 36.87928, -5.927734.",IECA — Nomenclátor Geográfico de Andalucía (WFS app:Entidad),https://www.ideandalucia.es/wfs-nga/services,alta,Cádiz,Lebrija,36.87928,-5.927734,2026-08-28
NGA-00650,geografia,toponimo,Arroyo de la Bola,"Arroyo de la Bola (Curso Fluvial) en Utrera. WGS84: 36.931155, -5.822538.",IECA — Nomenclátor Geográfico de Andalucía (WFS app:Entidad),https://www.ideandalucia.es/wfs-nga/services,alta,Cádiz,Utrera,36.931155,-5.822538,2026-08-28
NGA-00651,geografia,toponimo,Arroyo de la Bombaza,"Arroyo de la Bombaza (Curso Fluvial) en Jerez de la Frontera. WGS84: 36.782288, -5.92706.",IECA — Nomenclátor Geográfico de Andalucía (WFS app:Entidad),https://www.ideandalucia.es/wfs-nga/services,alta,Cádiz,Jerez de la Frontera,36.782288,-5.92706,2026-08-28
NGA-00652,geografia,toponimo,Arroyo de la Borracha,"Arroyo de la Borracha (Curso Fluvial) en Arcos de la Frontera. WGS84: 36.820312, -5.655381.",IECA — Nomenclátor Geográfico de Andalucía (WFS app:Entidad),https://www.ideandalucia.es/wfs-nga/services,alta,Cádiz,Arcos de la Frontera,36.820312,-5.655381,2026-08-28
NGA-00653,geografia,toponimo,Arroyo de la Bovedilla,"Arroyo de la Bovedilla (Curso Fluvial) en Benalauría. WGS84: 36.604841, -5.308336.",IECA — Nomenclátor Geográfico de Andalucía (WFS app:Entidad),https://www.ideandalucia.es/wfs-nga/services,alta,Cádiz,Benalauría,36.604841,-5.308336,2026-08-28
NGA-00654,geografia,toponimo,Arroyo de la Brava,"Arroyo de la Brava (Curso Fluvial) en San José del Valle. WGS84: 36.592423, -5.745314.",IECA — Nomenclátor Geográfico de Andalucía (WFS app:Entidad),https://www.ideandalucia.es/wfs-nga/services,alta,Cádiz,San José del Valle,36.592423,-5.745314,2026-08-28
NGA-00655,geografia,toponimo,Arroyo de la Breña del Agua,"Arroyo de la Breña del Agua (Curso Fluvial) en Grazalema. WGS84: 36.775835, -5.455757.",IECA — Nomenclátor Geográfico de Andalucía (WFS app:Entidad),https://www.ideandalucia.es/wfs-nga/services,alta,Cádiz,Grazalema,36.775835,-5.455757,2026-08-28
NGA-00656,geografia,toponimo,Arroyo de la Breña del Pilar,"Arroyo de la Breña del Pilar (Curso Fluvial) en Benaocaz. WGS84: 36.71604, -5.480368.",IECA — Nomenclátor Geográfico de Andalucía (WFS app:Entidad),https://www.ideandalucia.es/wfs-nga/services,alta,Cádiz,Benaocaz,36.71604,-5.480368,2026-08-28
NGA-00657,geografia,toponimo,Arroyo de la Cabeza,"Arroyo de la Cabeza (Curso Fluvial) en Medina Sidonia. WGS84: 36.46196, -5.846636.",IECA — Nomenclátor Geográfico de Andalucía (WFS app:Entidad),https://www.ideandalucia.es/wfs-nga/services,alta,Cádiz,Medina Sidonia,36.46196,-5.846636,2026-08-28
NGA-00658,geografia,toponimo,Arroyo de la Cabrilla,"Arroyo de la Cabrilla (Curso Fluvial) en Alcalá de los Gazules. WGS84: 36.54073, -5.739517.",IECA — Nomenclátor Geográfico de Andalucía (WFS app:Entidad),https://www.ideandalucia.es/wfs-nga/services,alta,Cádiz,Alcalá de los Gazules,36.54073,-5.739517,2026-08-28
NGA-00659,geografia,toponimo,Arroyo de la Calera,"Arroyo de la Calera (Curso Fluvial) en Tarifa. WGS84: 36.153188, -5.828831.",IECA — Nomenclátor Geográfico de Andalucía (WFS app:Entidad),https://www.ideandalucia.es/wfs-nga/services,alta,Cádiz,Tarifa,36.153188,-5.828831,2026-08-28
NGA-00660,geografia,toponimo,Arroyo de la Calma,"Arroyo de la Calma (Curso Fluvial) en El Gastor. WGS84: 36.825098, -5.346634.",IECA — Nomenclátor Geográfico de Andalucía (WFS app:Entidad),https://www.ideandalucia.es/wfs-nga/services,alta,Cádiz,El Gastor,36.825098,-5.346634,2026-08-28
NGA-00661,geografia,toponimo,Arroyo de la Cama de la Higuera,"Arroyo de la Cama de la Higuera (Curso Fluvial) en Alcalá de los Gazules. WGS84: 36.327981, -5.616365.",IECA — Nomenclátor Geográfico de Andalucía (WFS app:Entidad),https://www.ideandalucia.es/wfs-nga/services,alta,Cádiz,Alcalá de los Gazules,36.327981,-5.616365,2026-08-28
NGA-00662,geografia,toponimo,Arroyo de la Canaleja,"Arroyo de la Canaleja (Curso Fluvial) en Tarifa. WGS84: 36.082885, -5.629579.",IECA — Nomenclátor Geográfico de Andalucía (WFS app:Entidad),https://www.ideandalucia.es/wfs-nga/services,alta,Cádiz,Tarifa,36.082885,-5.629579,2026-08-28
NGA-00663,geografia,toponimo,Arroyo de la Candila,"Arroyo de la Candila (Curso Fluvial) en Tarifa. WGS84: 36.064996, -5.666336.",IECA — Nomenclátor Geográfico de Andalucía (WFS app:Entidad),https://www.ideandalucia.es/wfs-nga/services,alta,Cádiz,Tarifa,36.064996,-5.666336,2026-08-28
NGA-00664,geografia,toponimo,Arroyo de la Candila,"Arroyo de la Candila (Curso Fluvial) en Olvera. WGS84: 37.007605, -5.327198.",IECA — Nomenclátor Geográfico de Andalucía (WFS app:Entidad),https://www.ideandalucia.es/wfs-nga/services,alta,Cádiz,Olvera,37.007605,-5.327198,2026-08-28
NGA-00665,geografia,toponimo,Arroyo de la Cantora,"Arroyo de la Cantora (Curso Fluvial) en Medina Sidonia. WGS84: 36.414397, -5.900503.",IECA — Nomenclátor Geográfico de Andalucía (WFS app:Entidad),https://www.ideandalucia.es/wfs-nga/services,alta,Cádiz,Medina Sidonia,36.414397,-5.900503,2026-08-28
NGA-00666,geografia,toponimo,Arroyo de la Caracolera,"Arroyo de la Caracolera (Curso Fluvial) en San Roque. WGS84: 36.237292, -5.375287.",IECA — Nomenclátor Geográfico de Andalucía (WFS app:Entidad),https://www.ideandalucia.es/wfs-nga/services,alta,Cádiz,San Roque,36.237292,-5.375287,2026-08-28
NGA-00667,geografia,toponimo,Arroyo de la Carne,"Arroyo de la Carne (Curso Fluvial) en El Puerto de Santa María. WGS84: 36.648662, -6.192092.",IECA — Nomenclátor Geográfico de Andalucía (WFS app:Entidad),https://www.ideandalucia.es/wfs-nga/services,alta,Cádiz,El Puerto de Santa María,36.648662,-6.192092,2026-08-28
NGA-00668,geografia,toponimo,Arroyo de la Carrasca,"Arroyo de la Carrasca (Curso Fluvial) en Tarifa. WGS84: 36.160488, -5.783037.",IECA — Nomenclátor Geográfico de Andalucía (WFS app:Entidad),https://www.ideandalucia.es/wfs-nga/services,alta,Cádiz,Tarifa,36.160488,-5.783037,2026-08-28
NGA-00669,geografia,toponimo,Arroyo de la Carrascosa,"Arroyo de la Carrascosa (Curso Fluvial) en Algar. WGS84: 36.657028, -5.632022.",IECA — Nomenclátor Geográfico de Andalucía (WFS app:Entidad),https://www.ideandalucia.es/wfs-nga/services,alta,Cádiz,Algar,36.657028,-5.632022,2026-08-28
NGA-00670,geografia,toponimo,Arroyo de la Carrihuela,"Arroyo de la Carrihuela (Curso Fluvial) en Alcalá de los Gazules. WGS84: 36.383362, -5.666629.",IECA — Nomenclátor Geográfico de Andalucía (WFS app:Entidad),https://www.ideandalucia.es/wfs-nga/services,alta,Cádiz,Alcalá de los Gazules,36.383362,-5.666629,2026-08-28
NGA-00671,geografia,toponimo,Arroyo de la Carriona,"Arroyo de la Carriona (Curso Fluvial) en Medina Sidonia. WGS84: 36.508572, -5.985209.",IECA — Nomenclátor Geográfico de Andalucía (WFS app:Entidad),https://www.ideandalucia.es/wfs-nga/services,alta,Cádiz,Medina Sidonia,36.508572,-5.985209,2026-08-28
NGA-00672,geografia,toponimo,Arroyo de la Cartuja,"Arroyo de la Cartuja (Curso Fluvial) en Jerez de la Frontera. WGS84: 36.759049, -6.229865.",IECA — Nomenclátor Geográfico de Andalucía (WFS app:Entidad),https://www.ideandalucia.es/wfs-nga/services,alta,Cádiz,Jerez de la Frontera,36.759049,-6.229865,2026-08-28
NGA-00673,geografia,toponimo,Arroyo de la Casa,"Arroyo de la Casa (Curso Fluvial) en Medina Sidonia. WGS84: 36.410057, -5.843216.",IECA — Nomenclátor Geográfico de Andalucía (WFS app:Entidad),https://www.ideandalucia.es/wfs-nga/services,alta,Cádiz,Medina Sidonia,36.410057,-5.843216,2026-08-28
NGA-00674,geografia,toponimo,Arroyo de la Casilla,"Arroyo de la Casilla (Curso Fluvial) en Jerez de la Frontera. WGS84: 36.715644, -5.981926.",IECA — Nomenclátor Geográfico de Andalucía (WFS app:Entidad),https://www.ideandalucia.es/wfs-nga/services,alta,Cádiz,Jerez de la Frontera,36.715644,-5.981926,2026-08-28
NGA-00675,geografia,toponimo,Arroyo de la Castellana,"Arroyo de la Castellana (Curso Fluvial) en Puerto Real. WGS84: 36.518585, -6.071444.",IECA — Nomenclátor Geográfico de Andalucía (WFS app:Entidad),https://www.ideandalucia.es/wfs-nga/services,alta,Cádiz,Puerto Real,36.518585,-6.071444,2026-08-28
NGA-00676,geografia,toponimo,Arroyo de la Cava,"Arroyo de la Cava (Curso Fluvial) en Algeciras. WGS84: 36.146011, -5.481159.",IECA — Nomenclátor Geográfico de Andalucía (WFS app:Entidad),https://www.ideandalucia.es/wfs-nga/services,alta,Cádiz,Algeciras,36.146011,-5.481159,2026-08-28
NGA-00677,geografia,toponimo,Arroyo de la Cañada,"Arroyo de la Cañada (Curso Fluvial) en Sanlúcar de Barrameda. WGS84: 36.731808, -6.335556.",IECA — Nomenclátor Geográfico de Andalucía (WFS app:Entidad),https://www.ideandalucia.es/wfs-nga/services,alta,Cádiz,Sanlúcar de Barrameda,36.731808,-6.335556,2026-08-28
NGA-00678,geografia,toponimo,Arroyo de la Cañada,"Arroyo de la Cañada (Curso Fluvial) en Algodonales. WGS84: 36.870378, -5.503529.",IECA — Nomenclátor Geográfico de Andalucía (WFS app:Entidad),https://www.ideandalucia.es/wfs-nga/services,alta,Cádiz,Algodonales,36.870378,-5.503529,2026-08-28
NGA-00679,geografia,toponimo,Arroyo de la Cañada del Cordero,"Arroyo de la Cañada del Cordero (Curso Fluvial) en Grazalema. WGS84: 36.80809, -5.332088.",IECA — Nomenclátor Geográfico de Andalucía (WFS app:Entidad),https://www.ideandalucia.es/wfs-nga/services,alta,Cádiz,Grazalema,36.80809,-5.332088,2026-08-28
NGA-00680,geografia,toponimo,Arroyo de la Cepa,"Arroyo de la Cepa (Curso Fluvial) en Medina Sidonia. WGS84: 36.454016, -6.027226.",IECA — Nomenclátor Geográfico de Andalucía (WFS app:Entidad),https://www.ideandalucia.es/wfs-nga/services,alta,Cádiz,Medina Sidonia,36.454016,-6.027226,2026-08-28
NGA-00681,geografia,toponimo,Arroyo de la Cerona,"Arroyo de la Cerona (Curso Fluvial) en Tarifa. WGS84: 36.150573, -5.73083.",IECA — Nomenclátor Geográfico de Andalucía (WFS app:Entidad),https://www.ideandalucia.es/wfs-nga/services,alta,Cádiz,Tarifa,36.150573,-5.73083,2026-08-28
NGA-00682,geografia,toponimo,Arroyo de la Chaina,"Arroyo de la Chaina (Curso Fluvial) en Casares. WGS84: 36.422364, -5.299042.",IECA — Nomenclátor Geográfico de Andalucía (WFS app:Entidad),https://www.ideandalucia.es/wfs-nga/services,alta,Cádiz,Casares,36.422364,-5.299042,2026-08-28
NGA-00683,geografia,toponimo,Arroyo de la Churriana,"Arroyo de la Churriana (Curso Fluvial) en Tarifa. WGS84: 36.080657, -5.757048.",IECA — Nomenclátor Geográfico de Andalucía (WFS app:Entidad),https://www.ideandalucia.es/wfs-nga/services,alta,Cádiz,Tarifa,36.080657,-5.757048,2026-08-28
NGA-00684,geografia,toponimo,Arroyo de la Cigarra,"Arroyo de la Cigarra (Curso Fluvial) en Ronda. WGS84: 36.858684, -5.229108.",IECA — Nomenclátor Geográfico de Andalucía (WFS app:Entidad),https://www.ideandalucia.es/wfs-nga/services,alta,Cádiz,Ronda,36.858684,-5.229108,2026-08-28
NGA-00685,geografia,toponimo,Arroyo de la Colmena,"Arroyo de la Colmena (Curso Fluvial) en San Roque. WGS84: 36.216932, -5.389222.",IECA — Nomenclátor Geográfico de Andalucía (WFS app:Entidad),https://www.ideandalucia.es/wfs-nga/services,alta,Cádiz,San Roque,36.216932,-5.389222,2026-08-28
NGA-00686,geografia,toponimo,Arroyo de la Cornicabra,"Arroyo de la Cornicabra (Curso Fluvial) en Lebrija. WGS84: 36.850304, -5.9053.",IECA — Nomenclátor Geográfico de Andalucía (WFS app:Entidad),https://www.ideandalucia.es/wfs-nga/services,alta,Cádiz,Lebrija,36.850304,-5.9053,2026-08-28
NGA-00687,geografia,toponimo,Arroyo de la Cotilla,"Arroyo de la Cotilla (Curso Fluvial) en Castellar de la Frontera. WGS84: 36.244222, -5.440045.",IECA — Nomenclátor Geográfico de Andalucía (WFS app:Entidad),https://www.ideandalucia.es/wfs-nga/services,alta,Cádiz,Castellar de la Frontera,36.244222,-5.440045,2026-08-28
NGA-00688,geografia,toponimo,Arroyo de la Cuchillera,"Arroyo de la Cuchillera (Curso Fluvial) en Arcos de la Frontera. WGS84: 36.723155, -5.824805.",IECA — Nomenclátor Geográfico de Andalucía (WFS app:Entidad),https://www.ideandalucia.es/wfs-nga/services,alta,Cádiz,Arcos de la Frontera,36.723155,-5.824805,2026-08-28
NGA-00689,geografia,toponimo,Arroyo de la Cuesta Ajustada,"Arroyo de la Cuesta Ajustada (Curso Fluvial) en Vejer de la Frontera. WGS84: 36.294213, -6.015938.",IECA — Nomenclátor Geográfico de Andalucía (WFS app:Entidad),https://www.ideandalucia.es/wfs-nga/services,alta,Cádiz,Vejer de la Frontera,36.294213,-6.015938,2026-08-28
NGA-00690,geografia,toponimo,Arroyo de la Cueva,"Arroyo de la Cueva (Curso Fluvial) en Chiclana de la Frontera. WGS84: 36.417288, -6.100851.",IECA — Nomenclátor Geográfico de Andalucía (WFS app:Entidad),https://www.ideandalucia.es/wfs-nga/services,alta,Cádiz,Chiclana de la Frontera,36.417288,-6.100851,2026-08-28
NGA-00691,geografia,toponimo,Arroyo de la Cueva,"Arroyo de la Cueva (Curso Fluvial) en Genalguacil. WGS84: 36.513836, -5.221553.",IECA — Nomenclátor Geográfico de Andalucía (WFS app:Entidad),https://www.ideandalucia.es/wfs-nga/services,alta,Cádiz,Genalguacil,36.513836,-5.221553,2026-08-28
NGA-00692,geografia,toponimo,Arroyo de la Culebra,"Arroyo de la Culebra (Curso Fluvial) en Tarifa. WGS84: 36.178143, -5.750738.",IECA — Nomenclátor Geográfico de Andalucía (WFS app:Entidad),https://www.ideandalucia.es/wfs-nga/services,alta,Cádiz,Tarifa,36.178143,-5.750738,2026-08-28
NGA-00693,geografia,toponimo,Arroyo de la Cuna,"Arroyo de la Cuna (Curso Fluvial) en San José del Valle. WGS84: 36.592037, -5.831775.",IECA — Nomenclátor Geográfico de Andalucía (WFS app:Entidad),https://www.ideandalucia.es/wfs-nga/services,alta,Cádiz,San José del Valle,36.592037,-5.831775,2026-08-28
NGA-00694,geografia,toponimo,Arroyo de la Cuna,"Arroyo de la Cuna (Curso Fluvial) en Ronda. WGS84: 36.800708, -5.107502.",IECA — Nomenclátor Geográfico de Andalucía (WFS app:Entidad),https://www.ideandalucia.es/wfs-nga/services,alta,Cádiz,Ronda,36.800708,-5.107502,2026-08-28
NGA-00695,geografia,toponimo,Arroyo de la Dehesa,"Arroyo de la Dehesa (Curso Fluvial) en Algodonales. WGS84: 36.85494, -5.461132.",IECA — Nomenclátor Geográfico de Andalucía (WFS app:Entidad),https://www.ideandalucia.es/wfs-nga/services,alta,Cádiz,Algodonales,36.85494,-5.461132,2026-08-28
NGA-00696,geografia,toponimo,Arroyo de la Dehesa,"Arroyo de la Dehesa (Curso Fluvial) en Benaoján. WGS84: 36.704424, -5.238966.",IECA — Nomenclátor Geográfico de Andalucía (WFS app:Entidad),https://www.ideandalucia.es/wfs-nga/services,alta,Cádiz,Benaoján,36.704424,-5.238966,2026-08-28
NGA-00697,geografia,toponimo,Arroyo de la Doctora,"Arroyo de la Doctora (Curso Fluvial) en San Roque. WGS84: 36.231466, -5.367376.",IECA — Nomenclátor Geográfico de Andalucía (WFS app:Entidad),https://www.ideandalucia.es/wfs-nga/services,alta,Cádiz,San Roque,36.231466,-5.367376,2026-08-28
NGA-00698,geografia,toponimo,Arroyo de la Esparraguera,"Arroyo de la Esparraguera (Curso Fluvial) en Medina Sidonia. WGS84: 36.427185, -5.901824.",IECA — Nomenclátor Geográfico de Andalucía (WFS app:Entidad),https://www.ideandalucia.es/wfs-nga/services,alta,Cádiz,Medina Sidonia,36.427185,-5.901824,2026-08-28
NGA-00699,geografia,toponimo,Arroyo de la Fuensanta,"Arroyo de la Fuensanta (Curso Fluvial) en Benadalid. WGS84: 36.613257, -5.299602.",IECA — Nomenclátor Geográfico de Andalucía (WFS app:Entidad),https://www.ideandalucia.es/wfs-nga/services,alta,Cádiz,Benadalid,36.613257,-5.299602,2026-08-28
NGA-00700,geografia,toponimo,Arroyo de la Fuente,"Arroyo de la Fuente (Curso Fluvial) en El Coronil. WGS84: 36.977302, -5.593868.",IECA — Nomenclátor Geográfico de Andalucía (WFS app:Entidad),https://www.ideandalucia.es/wfs-nga/services,alta,Cádiz,El Coronil,36.977302,-5.593868,2026-08-28
NGA-00701,geografia,toponimo,Arroyo de la Fuente,"Arroyo de la Fuente (Curso Fluvial) en Alpandeire. WGS84: 36.641967, -5.197356.",IECA — Nomenclátor Geográfico de Andalucía (WFS app:Entidad),https://www.ideandalucia.es/wfs-nga/services,alta,Cádiz,Alpandeire,36.641967,-5.197356,2026-08-28
NGA-00702,geografia,toponimo,Arroyo de la Fuente Vieja,"Arroyo de la Fuente Vieja (Curso Fluvial) en Jimera de Líbar. WGS84: 36.663137, -5.276436.",IECA — Nomenclátor Geográfico de Andalucía (WFS app:Entidad),https://www.ideandalucia.es/wfs-nga/services,alta,Cádiz,Jimera de Líbar,36.663137,-5.276436,2026-08-28
NGA-00703,geografia,toponimo,Arroyo de la Fuente del Espino,"Arroyo de la Fuente del Espino (Curso Fluvial) en Alpandeire. WGS84: 36.666161, -5.216084.",IECA — Nomenclátor Geográfico de Andalucía (WFS app:Entidad),https://www.ideandalucia.es/wfs-nga/services,alta,Cádiz,Alpandeire,36.666161,-5.216084,2026-08-28
NGA-00704,geografia,toponimo,Arroyo de la Fuentecilla,"Arroyo de la Fuentecilla (Curso Fluvial) en Algatocín. WGS84: 36.568299, -5.268904.",IECA — Nomenclátor Geográfico de Andalucía (WFS app:Entidad),https://www.ideandalucia.es/wfs-nga/services,alta,Cádiz,Algatocín,36.568299,-5.268904,2026-08-28
NGA-00705,geografia,toponimo,Arroyo de la Galera,"Arroyo de la Galera (Curso Fluvial) en Estepona. WGS84: 36.401095, -5.209415.",IECA — Nomenclátor Geográfico de Andalucía (WFS app:Entidad),https://www.ideandalucia.es/wfs-nga/services,alta,Cádiz,Estepona,36.401095,-5.209415,2026-08-28
NGA-00706,geografia,toponimo,Arroyo de la Gallina,"Arroyo de la Gallina (Curso Fluvial) en San José del Valle. WGS84: 36.621234, -5.629353.",IECA — Nomenclátor Geográfico de Andalucía (WFS app:Entidad),https://www.ideandalucia.es/wfs-nga/services,alta,Cádiz,San José del Valle,36.621234,-5.629353,2026-08-28
NGA-00707,geografia,toponimo,Arroyo de la Garganta Cabea,"Arroyo de la Garganta Cabea (Curso Fluvial) en Barbate. WGS84: 36.194234, -5.876491.",IECA — Nomenclátor Geográfico de Andalucía (WFS app:Entidad),https://www.ideandalucia.es/wfs-nga/services,alta,Cádiz,Barbate,36.194234,-5.876491,2026-08-28
NGA-00708,geografia,toponimo,Arroyo de la Gargantilla,"Arroyo de la Gargantilla (Curso Fluvial) en Genalguacil. WGS84: 36.512369, -5.191957.",IECA — Nomenclátor Geográfico de Andalucía (WFS app:Entidad),https://www.ideandalucia.es/wfs-nga/services,alta,Cádiz,Genalguacil,36.512369,-5.191957,2026-08-28
NGA-00709,geografia,toponimo,Arroyo de la Garza,"Arroyo de la Garza (Curso Fluvial) en Algeciras. WGS84: 36.129143, -5.520046.",IECA — Nomenclátor Geográfico de Andalucía (WFS app:Entidad),https://www.ideandalucia.es/wfs-nga/services,alta,Cádiz,Algeciras,36.129143,-5.520046,2026-08-28
NGA-00710,geografia,toponimo,Arroyo de la Gatera,"Arroyo de la Gatera (Curso Fluvial) en Villamartín. WGS84: 36.897432, -5.623602.",IECA — Nomenclátor Geográfico de Andalucía (WFS app:Entidad),https://www.ideandalucia.es/wfs-nga/services,alta,Cádiz,Villamartín,36.897432,-5.623602,2026-08-28
NGA-00711,geografia,toponimo,Arroyo de la Golondrina,"Arroyo de la Golondrina (Curso Fluvial) en Medina Sidonia. WGS84: 36.41046, -5.904422.",IECA — Nomenclátor Geográfico de Andalucía (WFS app:Entidad),https://www.ideandalucia.es/wfs-nga/services,alta,Cádiz,Medina Sidonia,36.41046,-5.904422,2026-08-28
NGA-00712,geografia,toponimo,Arroyo de la Granja,"Arroyo de la Granja (Curso Fluvial) en Algodonales. WGS84: 36.864798, -5.480824.",IECA — Nomenclátor Geográfico de Andalucía (WFS app:Entidad),https://www.ideandalucia.es/wfs-nga/services,alta,Cádiz,Algodonales,36.864798,-5.480824,2026-08-28
NGA-00713,geografia,toponimo,Arroyo de la Graná,"Arroyo de la Graná (Curso Fluvial) en Medina Sidonia. WGS84: 36.315393, -5.680049.",IECA — Nomenclátor Geográfico de Andalucía (WFS app:Entidad),https://www.ideandalucia.es/wfs-nga/services,alta,Cádiz,Medina Sidonia,36.315393,-5.680049,2026-08-28
NGA-00714,geografia,toponimo,Arroyo de la Hacienda Arias,"Arroyo de la Hacienda Arias (Curso Fluvial) en El Cuervo de Sevilla. WGS84: 36.883411, -6.027724.",IECA — Nomenclátor Geográfico de Andalucía (WFS app:Entidad),https://www.ideandalucia.es/wfs-nga/services,alta,Cádiz,El Cuervo de Sevilla,36.883411,-6.027724,2026-08-28
NGA-00715,geografia,toponimo,Arroyo de la Hernandilla,"Arroyo de la Hernandilla (Curso Fluvial) en Utrera. WGS84: 36.952654, -5.637211.",IECA — Nomenclátor Geográfico de Andalucía (WFS app:Entidad),https://www.ideandalucia.es/wfs-nga/services,alta,Cádiz,Utrera,36.952654,-5.637211,2026-08-28
NGA-00716,geografia,toponimo,Arroyo de la Hiedra,"Arroyo de la Hiedra (Curso Fluvial) en Júzcar. WGS84: 36.606066, -5.160809.",IECA — Nomenclátor Geográfico de Andalucía (WFS app:Entidad),https://www.ideandalucia.es/wfs-nga/services,alta,Cádiz,Júzcar,36.606066,-5.160809,2026-08-28
NGA-00717,geografia,toponimo,Arroyo de la Higuera,"Arroyo de la Higuera (Curso Fluvial) en San Roque. WGS84: 36.266311, -5.347953.",IECA — Nomenclátor Geográfico de Andalucía (WFS app:Entidad),https://www.ideandalucia.es/wfs-nga/services,alta,Cádiz,San Roque,36.266311,-5.347953,2026-08-28
NGA-00718,geografia,toponimo,Arroyo de la Higuera,"Arroyo de la Higuera (Curso Fluvial) en Parauta. WGS84: 36.651789, -5.112196.",IECA — Nomenclátor Geográfico de Andalucía (WFS app:Entidad),https://www.ideandalucia.es/wfs-nga/services,alta,Cádiz,Parauta,36.651789,-5.112196,2026-08-28
NGA-00719,geografia,toponimo,Arroyo de la Higuera,"Arroyo de la Higuera (Curso Fluvial) en Estepona. WGS84: 36.522177, -5.15364.",IECA — Nomenclátor Geográfico de Andalucía (WFS app:Entidad),https://www.ideandalucia.es/wfs-nga/services,alta,Cádiz,Estepona,36.522177,-5.15364,2026-08-28
NGA-00720,geografia,toponimo,Arroyo de la Higuereta,"Arroyo de la Higuereta (Curso Fluvial) en Villaluenga del Rosario. WGS84: 36.664924, -5.382592.",IECA — Nomenclátor Geográfico de Andalucía (WFS app:Entidad),https://www.ideandalucia.es/wfs-nga/services,alta,Cádiz,Villaluenga del Rosario,36.664924,-5.382592,2026-08-28
NGA-00721,geografia,toponimo,Arroyo de la Hinojera,"Arroyo de la Hinojera (Curso Fluvial) en Rota. WGS84: 36.648053, -6.3002.",IECA — Nomenclátor Geográfico de Andalucía (WFS app:Entidad),https://www.ideandalucia.es/wfs-nga/services,alta,Cádiz,Rota,36.648053,-6.3002,2026-08-28
NGA-00722,geografia,toponimo,Arroyo de la Hoya,"Arroyo de la Hoya (Curso Fluvial) en Los Barrios. WGS84: 36.204252, -5.598236.",IECA — Nomenclátor Geográfico de Andalucía (WFS app:Entidad),https://www.ideandalucia.es/wfs-nga/services,alta,Cádiz,Los Barrios,36.204252,-5.598236,2026-08-28
NGA-00723,geografia,toponimo,Arroyo de la Huertezuela,"Arroyo de la Huertezuela (Curso Fluvial) en Jimena de la Frontera. WGS84: 36.417128, -5.445304.",IECA — Nomenclátor Geográfico de Andalucía (WFS app:Entidad),https://www.ideandalucia.es/wfs-nga/services,alta,Cádiz,Jimena de la Frontera,36.417128,-5.445304,2026-08-28
NGA-00724,geografia,toponimo,Arroyo de la Huesa,"Arroyo de la Huesa (Curso Fluvial) en Algodonales. WGS84: 36.882426, -5.343771.",IECA — Nomenclátor Geográfico de Andalucía (WFS app:Entidad),https://www.ideandalucia.es/wfs-nga/services,alta,Cádiz,Algodonales,36.882426,-5.343771,2026-08-28
NGA-00725,geografia,toponimo,Arroyo de la Jaba,"Arroyo de la Jaba (Curso Fluvial) en Tarifa. WGS84: 36.198958, -5.725602.",IECA — Nomenclátor Geográfico de Andalucía (WFS app:Entidad),https://www.ideandalucia.es/wfs-nga/services,alta,Cádiz,Tarifa,36.198958,-5.725602,2026-08-28
NGA-00726,geografia,toponimo,Arroyo de la Jordona,"Arroyo de la Jordona (Curso Fluvial) en Casares. WGS84: 36.399504, -5.220213.",IECA — Nomenclátor Geográfico de Andalucía (WFS app:Entidad),https://www.ideandalucia.es/wfs-nga/services,alta,Cádiz,Casares,36.399504,-5.220213,2026-08-28
NGA-00727,geografia,toponimo,Arroyo de la Laguneta,"Arroyo de la Laguneta (Curso Fluvial) en Castellar de la Frontera. WGS84: 36.36334, -5.564335.",IECA — Nomenclátor Geográfico de Andalucía (WFS app:Entidad),https://www.ideandalucia.es/wfs-nga/services,alta,Cádiz,Castellar de la Frontera,36.36334,-5.564335,2026-08-28
NGA-00728,geografia,toponimo,Arroyo de la Lagunilla,"Arroyo de la Lagunilla (Curso Fluvial) en Ubrique. WGS84: 36.696794, -5.519719.",IECA — Nomenclátor Geográfico de Andalucía (WFS app:Entidad),https://www.ideandalucia.es/wfs-nga/services,alta,Cádiz,Ubrique,36.696794,-5.519719,2026-08-28
NGA-00729,geografia,toponimo,Arroyo de la Lechuza,"Arroyo de la Lechuza (Curso Fluvial) en Las Cabezas de San Juan. WGS84: 36.916292, -5.857649.",IECA — Nomenclátor Geográfico de Andalucía (WFS app:Entidad),https://www.ideandalucia.es/wfs-nga/services,alta,Cádiz,Las Cabezas de San Juan,36.916292,-5.857649,2026-08-28
NGA-00730,geografia,toponimo,Arroyo de la Leona,"Arroyo de la Leona (Curso Fluvial) en Morón de la Frontera. WGS84: 37.017756, -5.33385.",IECA — Nomenclátor Geográfico de Andalucía (WFS app:Entidad),https://www.ideandalucia.es/wfs-nga/services,alta,Cádiz,Morón de la Frontera,37.017756,-5.33385,2026-08-28
NGA-00731,geografia,toponimo,Arroyo de la Linde,"Arroyo de la Linde (Curso Fluvial) en Alcalá de los Gazules. WGS84: 36.446508, -5.738164.",IECA — Nomenclátor Geográfico de Andalucía (WFS app:Entidad),https://www.ideandalucia.es/wfs-nga/services,alta,Cádiz,Alcalá de los Gazules,36.446508,-5.738164,2026-08-28
NGA-00732,geografia,toponimo,Arroyo de la Loba,"Arroyo de la Loba (Curso Fluvial) en Olvera. WGS84: 36.956667, -5.288318.",IECA — Nomenclátor Geográfico de Andalucía (WFS app:Entidad),https://www.ideandalucia.es/wfs-nga/services,alta,Cádiz,Olvera,36.956667,-5.288318,2026-08-28
NGA-00733,geografia,toponimo,Arroyo de la Madre Vieja,"Arroyo de la Madre Vieja (Obra Hidráulica) en Las Cabezas de San Juan. WGS84: 36.949466, -5.956364.",IECA — Nomenclátor Geográfico de Andalucía (WFS app:Entidad),https://www.ideandalucia.es/wfs-nga/services,alta,Cádiz,Las Cabezas de San Juan,36.949466,-5.956364,2026-08-28
NGA-00734,geografia,toponimo,Arroyo de la Madre Vieja,"Arroyo de la Madre Vieja (Curso Fluvial) en San Roque. WGS84: 36.266137, -5.391353.",IECA — Nomenclátor Geográfico de Andalucía (WFS app:Entidad),https://www.ideandalucia.es/wfs-nga/services,alta,Cádiz,San Roque,36.266137,-5.391353,2026-08-28
NGA-00735,geografia,toponimo,Arroyo de la Madre Vieja Alhaja,"Arroyo de la Madre Vieja Alhaja (Curso Fluvial) en San Roque. WGS84: 36.196104, -5.41011.",IECA — Nomenclátor Geográfico de Andalucía (WFS app:Entidad),https://www.ideandalucia.es/wfs-nga/services,alta,Cádiz,San Roque,36.196104,-5.41011,2026-08-28
NGA-00736,geografia,toponimo,Arroyo de la Mahoría,"Arroyo de la Mahoría (Curso Fluvial) en Tarifa. WGS84: 36.194641, -5.788333.",IECA — Nomenclátor Geográfico de Andalucía (WFS app:Entidad),https://www.ideandalucia.es/wfs-nga/services,alta,Cádiz,Tarifa,36.194641,-5.788333,2026-08-28
NGA-00737,geografia,toponimo,Arroyo de la Majada de Bustos,"Arroyo de la Majada de Bustos (Curso Fluvial) en Los Barrios. WGS84: 36.220316, -5.494883.",IECA — Nomenclátor Geográfico de Andalucía (WFS app:Entidad),https://www.ideandalucia.es/wfs-nga/services,alta,Cádiz,Los Barrios,36.220316,-5.494883,2026-08-28
NGA-00738,geografia,toponimo,Arroyo de la Malaquilla,"Arroyo de la Malaquilla (Curso Fluvial) en Jerez de la Frontera. WGS84: 36.798092, -5.935668.",IECA — Nomenclátor Geográfico de Andalucía (WFS app:Entidad),https://www.ideandalucia.es/wfs-nga/services,alta,Cádiz,Jerez de la Frontera,36.798092,-5.935668,2026-08-28
NGA-00739,geografia,toponimo,Arroyo de la Manceba,"Arroyo de la Manceba (Curso Fluvial) en Castellar de la Frontera. WGS84: 36.366961, -5.482985.",IECA — Nomenclátor Geográfico de Andalucía (WFS app:Entidad),https://www.ideandalucia.es/wfs-nga/services,alta,Cádiz,Castellar de la Frontera,36.366961,-5.482985,2026-08-28
NGA-00740,geografia,toponimo,Arroyo de la Mariscala,"Arroyo de la Mariscala (Curso Fluvial) en Jerez de la Frontera. WGS84: 36.803891, -6.18071.",IECA — Nomenclátor Geográfico de Andalucía (WFS app:Entidad),https://www.ideandalucia.es/wfs-nga/services,alta,Cádiz,Jerez de la Frontera,36.803891,-6.18071,2026-08-28
NGA-00741,geografia,toponimo,Arroyo de la Matancilla,"Arroyo de la Matancilla (Curso Fluvial) en Jerez de la Frontera. WGS84: 36.57097, -6.036359.",IECA — Nomenclátor Geográfico de Andalucía (WFS app:Entidad),https://www.ideandalucia.es/wfs-nga/services,alta,Cádiz,Jerez de la Frontera,36.57097,-6.036359,2026-08-28
NGA-00742,geografia,toponimo,Arroyo de la Materuela,"Arroyo de la Materuela (Curso Fluvial) en Alcalá de los Gazules. WGS84: 36.335919, -5.633498.",IECA — Nomenclátor Geográfico de Andalucía (WFS app:Entidad),https://www.ideandalucia.es/wfs-nga/services,alta,Cádiz,Alcalá de los Gazules,36.335919,-5.633498,2026-08-28
NGA-00743,geografia,toponimo,Arroyo de la Matilla,"Arroyo de la Matilla (Curso Fluvial) en Arcos de la Frontera. WGS84: 36.727855, -5.659693.",IECA — Nomenclátor Geográfico de Andalucía (WFS app:Entidad),https://www.ideandalucia.es/wfs-nga/services,alta,Cádiz,Arcos de la Frontera,36.727855,-5.659693,2026-08-28
NGA-00744,geografia,toponimo,Arroyo de la Mezquita,"Arroyo de la Mezquita (Curso Fluvial) en Lebrija. WGS84: 36.880993, -5.915762.",IECA — Nomenclátor Geográfico de Andalucía (WFS app:Entidad),https://www.ideandalucia.es/wfs-nga/services,alta,Cádiz,Lebrija,36.880993,-5.915762,2026-08-28
NGA-00745,geografia,toponimo,Arroyo de la Miel,"Arroyo de la Miel (Curso Fluvial) en Estepona. WGS84: 36.44721, -5.191589.",IECA — Nomenclátor Geográfico de Andalucía (WFS app:Entidad),https://www.ideandalucia.es/wfs-nga/services,alta,Cádiz,Estepona,36.44721,-5.191589,2026-08-28
NGA-00746,geografia,toponimo,Arroyo de la Mimbre,"Arroyo de la Mimbre (Curso Fluvial) en Jerez de la Frontera. WGS84: 36.59678, -5.983835.",IECA — Nomenclátor Geográfico de Andalucía (WFS app:Entidad),https://www.ideandalucia.es/wfs-nga/services,alta,Cádiz,Jerez de la Frontera,36.59678,-5.983835,2026-08-28
NGA-00747,geografia,toponimo,Arroyo de la Misericordia,"Arroyo de la Misericordia (Curso Fluvial) en Vejer de la Frontera. WGS84: 36.306067, -5.969259.",IECA — Nomenclátor Geográfico de Andalucía (WFS app:Entidad),https://www.ideandalucia.es/wfs-nga/services,alta,Cádiz,Vejer de la Frontera,36.306067,-5.969259,2026-08-28
NGA-00748,geografia,toponimo,Arroyo de la Misericordia,"Arroyo de la Misericordia (Curso Fluvial) en Los Barrios. WGS84: 36.20795, -5.516293.",IECA — Nomenclátor Geográfico de Andalucía (WFS app:Entidad),https://www.ideandalucia.es/wfs-nga/services,alta,Cádiz,Los Barrios,36.20795,-5.516293,2026-08-28
NGA-00749,geografia,toponimo,Arroyo de la Molineta,"Arroyo de la Molineta (Curso Fluvial) en Jerez de la Frontera. WGS84: 36.819231, -5.998521.",IECA — Nomenclátor Geográfico de Andalucía (WFS app:Entidad),https://www.ideandalucia.es/wfs-nga/services,alta,Cádiz,Jerez de la Frontera,36.819231,-5.998521,2026-08-28
NGA-00750,geografia,toponimo,Arroyo de la Molineta,"Arroyo de la Molineta (Curso Fluvial) en Alcalá de los Gazules. WGS84: 36.466104, -5.643664.",IECA — Nomenclátor Geográfico de Andalucía (WFS app:Entidad),https://www.ideandalucia.es/wfs-nga/services,alta,Cádiz,Alcalá de los Gazules,36.466104,-5.643664,2026-08-28
NGA-00751,geografia,toponimo,Arroyo de la Mora,"Arroyo de la Mora (Curso Fluvial) en Jerez de la Frontera. WGS84: 36.780479, -5.977131.",IECA — Nomenclátor Geográfico de Andalucía (WFS app:Entidad),https://www.ideandalucia.es/wfs-nga/services,alta,Cádiz,Jerez de la Frontera,36.780479,-5.977131,2026-08-28
NGA-00752,geografia,toponimo,Arroyo de la Mora,"Arroyo de la Mora (Curso Fluvial) en Gaucín. WGS84: 36.53464, -5.36564.",IECA — Nomenclátor Geográfico de Andalucía (WFS app:Entidad),https://www.ideandalucia.es/wfs-nga/services,alta,Cádiz,Gaucín,36.53464,-5.36564,2026-08-28
NGA-00753,geografia,toponimo,Arroyo de la Mota,"Arroyo de la Mota (Curso Fluvial) en Olvera. WGS84: 36.898593, -5.32486.",IECA — Nomenclátor Geográfico de Andalucía (WFS app:Entidad),https://www.ideandalucia.es/wfs-nga/services,alta,Cádiz,Olvera,36.898593,-5.32486,2026-08-28
NGA-00754,geografia,toponimo,Arroyo de la Muela,"Arroyo de la Muela (Curso Fluvial) en Olvera. WGS84: 36.943141, -5.387782.",IECA — Nomenclátor Geográfico de Andalucía (WFS app:Entidad),https://www.ideandalucia.es/wfs-nga/services,alta,Cádiz,Olvera,36.943141,-5.387782,2026-08-28
NGA-00755,geografia,toponimo,Arroyo de la Mujer,"Arroyo de la Mujer (Curso Fluvial) en Montellano. WGS84: 37.014837, -5.514585.",IECA — Nomenclátor Geográfico de Andalucía (WFS app:Entidad),https://www.ideandalucia.es/wfs-nga/services,alta,Cádiz,Montellano,37.014837,-5.514585,2026-08-28
NGA-00756,geografia,toponimo,Arroyo de la Nava,"Arroyo de la Nava (Curso Fluvial) en Algodonales. WGS84: 36.885135, -5.481681.",IECA — Nomenclátor Geográfico de Andalucía (WFS app:Entidad),https://www.ideandalucia.es/wfs-nga/services,alta,Cádiz,Algodonales,36.885135,-5.481681,2026-08-28
NGA-00757,geografia,toponimo,Arroyo de la Naveta,"Arroyo de la Naveta (Curso Fluvial) en Medina Sidonia. WGS84: 36.452266, -5.814882.",IECA — Nomenclátor Geográfico de Andalucía (WFS app:Entidad),https://www.ideandalucia.es/wfs-nga/services,alta,Cádiz,Medina Sidonia,36.452266,-5.814882,2026-08-28
NGA-00758,geografia,toponimo,Arroyo de la Norieta,"Arroyo de la Norieta (Curso Fluvial) en Bornos. WGS84: 36.885777, -5.683943.",IECA — Nomenclátor Geográfico de Andalucía (WFS app:Entidad),https://www.ideandalucia.es/wfs-nga/services,alta,Cádiz,Bornos,36.885777,-5.683943,2026-08-28
NGA-00759,geografia,toponimo,Arroyo de la Oscuridad,"Arroyo de la Oscuridad (Curso Fluvial) en Los Barrios. WGS84: 36.279099, -5.601897.",IECA — Nomenclátor Geográfico de Andalucía (WFS app:Entidad),https://www.ideandalucia.es/wfs-nga/services,alta,Cádiz,Los Barrios,36.279099,-5.601897,2026-08-28
NGA-00760,geografia,toponimo,Arroyo de la Panda,"Arroyo de la Panda (Curso Fluvial) en Alcalá de los Gazules. WGS84: 36.433535, -5.64877.",IECA — Nomenclátor Geográfico de Andalucía (WFS app:Entidad),https://www.ideandalucia.es/wfs-nga/services,alta,Cádiz,Alcalá de los Gazules,36.433535,-5.64877,2026-08-28
NGA-00761,geografia,toponimo,Arroyo de la Pandura,"Arroyo de la Pandura (Curso Fluvial) en Algodonales. WGS84: 36.866225, -5.387642.",IECA — Nomenclátor Geográfico de Andalucía (WFS app:Entidad),https://www.ideandalucia.es/wfs-nga/services,alta,Cádiz,Algodonales,36.866225,-5.387642,2026-08-28
NGA-00762,geografia,toponimo,Arroyo de la Paparrata,"Arroyo de la Paparrata (Curso Fluvial) en Los Barrios. WGS84: 36.216306, -5.507903.",IECA — Nomenclátor Geográfico de Andalucía (WFS app:Entidad),https://www.ideandalucia.es/wfs-nga/services,alta,Cádiz,Los Barrios,36.216306,-5.507903,2026-08-28
NGA-00763,geografia,toponimo,Arroyo de la Parra,"Arroyo de la Parra (Curso Fluvial) en Arcos de la Frontera. WGS84: 36.731269, -5.634862.",IECA — Nomenclátor Geográfico de Andalucía (WFS app:Entidad),https://www.ideandalucia.es/wfs-nga/services,alta,Cádiz,Arcos de la Frontera,36.731269,-5.634862,2026-08-28
NGA-00764,geografia,toponimo,Arroyo de la Parra,"Arroyo de la Parra (Curso Fluvial) en Tarifa. WGS84: 36.122924, -5.724134.",IECA — Nomenclátor Geográfico de Andalucía (WFS app:Entidad),https://www.ideandalucia.es/wfs-nga/services,alta,Cádiz,Tarifa,36.122924,-5.724134,2026-08-28
NGA-00765,geografia,toponimo,Arroyo de la Parrera,"Arroyo de la Parrera (Curso Fluvial) en Jimena de la Frontera. WGS84: 36.452723, -5.38768.",IECA — Nomenclátor Geográfico de Andalucía (WFS app:Entidad),https://www.ideandalucia.es/wfs-nga/services,alta,Cádiz,Jimena de la Frontera,36.452723,-5.38768,2026-08-28
NGA-00766,geografia,toponimo,Arroyo de la Parrilla,"Arroyo de la Parrilla (Curso Fluvial) en Jimena de la Frontera. WGS84: 36.455324, -5.38127.",IECA — Nomenclátor Geográfico de Andalucía (WFS app:Entidad),https://www.ideandalucia.es/wfs-nga/services,alta,Cádiz,Jimena de la Frontera,36.455324,-5.38127,2026-08-28
NGA-00767,geografia,toponimo,Arroyo de la Parrilla,"Arroyo de la Parrilla (Curso Fluvial) en Pujerra. WGS84: 36.569991, -5.126218.",IECA — Nomenclátor Geográfico de Andalucía (WFS app:Entidad),https://www.ideandalucia.es/wfs-nga/services,alta,Cádiz,Pujerra,36.569991,-5.126218,2026-08-28
NGA-00768,geografia,toponimo,Arroyo de la Pasada,"Arroyo de la Pasada (Curso Fluvial) en Genalguacil. WGS84: 36.541353, -5.233667.",IECA — Nomenclátor Geográfico de Andalucía (WFS app:Entidad),https://www.ideandalucia.es/wfs-nga/services,alta,Cádiz,Genalguacil,36.541353,-5.233667,2026-08-28
NGA-00769,geografia,toponimo,Arroyo de la Pelea,"Arroyo de la Pelea (Curso Fluvial) en Alcalá de los Gazules. WGS84: 36.415967, -5.720083.",IECA — Nomenclátor Geográfico de Andalucía (WFS app:Entidad),https://www.ideandalucia.es/wfs-nga/services,alta,Cádiz,Alcalá de los Gazules,36.415967,-5.720083,2026-08-28
NGA-00770,geografia,toponimo,Arroyo de la Peña,"Arroyo de la Peña (Curso Fluvial) en Medina Sidonia. WGS84: 36.474361, -5.840768.",IECA — Nomenclátor Geográfico de Andalucía (WFS app:Entidad),https://www.ideandalucia.es/wfs-nga/services,alta,Cádiz,Medina Sidonia,36.474361,-5.840768,2026-08-28
NGA-00771,geografia,toponimo,Arroyo de la Peñuela,"Arroyo de la Peñuela (Curso Fluvial) en Manilva. WGS84: 36.365066, -5.245972.",IECA — Nomenclátor Geográfico de Andalucía (WFS app:Entidad),https://www.ideandalucia.es/wfs-nga/services,alta,Cádiz,Manilva,36.365066,-5.245972,2026-08-28
NGA-00772,geografia,toponimo,Arroyo de la Pindolita o los Bujos o los Gatos,"Arroyo de la Pindolita o los Bujos o los Gatos (Curso Fluvial) en Casares. WGS84: 36.444309, -5.32144.",IECA — Nomenclátor Geográfico de Andalucía (WFS app:Entidad),https://www.ideandalucia.es/wfs-nga/services,alta,Cádiz,Casares,36.444309,-5.32144,2026-08-28
NGA-00773,geografia,toponimo,Arroyo de la Planilla,"Arroyo de la Planilla (Curso Fluvial) en Ronda. WGS84: 36.727461, -5.139717.",IECA — Nomenclátor Geográfico de Andalucía (WFS app:Entidad),https://www.ideandalucia.es/wfs-nga/services,alta,Cádiz,Ronda,36.727461,-5.139717,2026-08-28
NGA-00774,geografia,toponimo,Arroyo de la Plata,"Arroyo de la Plata (Curso Fluvial) en Jerez de la Frontera. WGS84: 36.797973, -5.928052.",IECA — Nomenclátor Geográfico de Andalucía (WFS app:Entidad),https://www.ideandalucia.es/wfs-nga/services,alta,Cádiz,Jerez de la Frontera,36.797973,-5.928052,2026-08-28
NGA-00775,geografia,toponimo,Arroyo de la Plata,"Arroyo de la Plata (Curso Fluvial) en Utrera. WGS84: 36.986689, -5.621618.",IECA — Nomenclátor Geográfico de Andalucía (WFS app:Entidad),https://www.ideandalucia.es/wfs-nga/services,alta,Cádiz,Utrera,36.986689,-5.621618,2026-08-28
NGA-00776,geografia,toponimo,Arroyo de la Plata,"Arroyo de la Plata (Curso Fluvial) en Medina Sidonia. WGS84: 36.298687, -5.651877.",IECA — Nomenclátor Geográfico de Andalucía (WFS app:Entidad),https://www.ideandalucia.es/wfs-nga/services,alta,Cádiz,Medina Sidonia,36.298687,-5.651877,2026-08-28
NGA-00777,geografia,toponimo,Arroyo de la Providencia,"Arroyo de la Providencia (Curso Fluvial) en Arcos de la Frontera. WGS84: 36.692884, -5.90257.",IECA — Nomenclátor Geográfico de Andalucía (WFS app:Entidad),https://www.ideandalucia.es/wfs-nga/services,alta,Cádiz,Arcos de la Frontera,36.692884,-5.90257,2026-08-28
NGA-00778,geografia,toponimo,Arroyo de la Purga,"Arroyo de la Purga (Curso Fluvial) en Jimena de la Frontera. WGS84: 36.457787, -5.412726.",IECA — Nomenclátor Geográfico de Andalucía (WFS app:Entidad),https://www.ideandalucia.es/wfs-nga/services,alta,Cádiz,Jimena de la Frontera,36.457787,-5.412726,2026-08-28
NGA-00779,geografia,toponimo,Arroyo de la Rana,"Arroyo de la Rana (Curso Fluvial) en Medina Sidonia. WGS84: 36.316657, -5.648238.",IECA — Nomenclátor Geográfico de Andalucía (WFS app:Entidad),https://www.ideandalucia.es/wfs-nga/services,alta,Cádiz,Medina Sidonia,36.316657,-5.648238,2026-08-28
NGA-00780,geografia,toponimo,Arroyo de la Reconera,"Arroyo de la Reconera (Curso Fluvial) en Benarrabá. WGS84: 36.559071, -5.318228.",IECA — Nomenclátor Geográfico de Andalucía (WFS app:Entidad),https://www.ideandalucia.es/wfs-nga/services,alta,Cádiz,Benarrabá,36.559071,-5.318228,2026-08-28
NGA-00781,geografia,toponimo,Arroyo de la Reguera,"Arroyo de la Reguera (Curso Fluvial) en Alcalá de los Gazules. WGS84: 36.370313, -5.641683.",IECA — Nomenclátor Geográfico de Andalucía (WFS app:Entidad),https://www.ideandalucia.es/wfs-nga/services,alta,Cádiz,Alcalá de los Gazules,36.370313,-5.641683,2026-08-28
NGA-00782,geografia,toponimo,Arroyo de la Renegada,"Arroyo de la Renegada (Curso Fluvial) en Villamartín. WGS84: 36.854976, -5.593824.",IECA — Nomenclátor Geográfico de Andalucía (WFS app:Entidad),https://www.ideandalucia.es/wfs-nga/services,alta,Cádiz,Villamartín,36.854976,-5.593824,2026-08-28
NGA-00783,geografia,toponimo,Arroyo de la Rigerta,"Arroyo de la Rigerta (Curso Fluvial) en Jubrique. WGS84: 36.592458, -5.227528.",IECA — Nomenclátor Geográfico de Andalucía (WFS app:Entidad),https://www.ideandalucia.es/wfs-nga/services,alta,Cádiz,Jubrique,36.592458,-5.227528,2026-08-28
NGA-00784,geografia,toponimo,Arroyo de la Rijana,"Arroyo de la Rijana (Curso Fluvial) en Júzcar. WGS84: 36.579164, -5.143742.",IECA — Nomenclátor Geográfico de Andalucía (WFS app:Entidad),https://www.ideandalucia.es/wfs-nga/services,alta,Cádiz,Júzcar,36.579164,-5.143742,2026-08-28
NGA-00785,geografia,toponimo,Arroyo de la Romera,"Arroyo de la Romera (Curso Fluvial) en Puerto Real. WGS84: 36.51242, -6.033134.",IECA — Nomenclátor Geográfico de Andalucía (WFS app:Entidad),https://www.ideandalucia.es/wfs-nga/services,alta,Cádiz,Puerto Real,36.51242,-6.033134,2026-08-28
NGA-00786,geografia,toponimo,Arroyo de la Sanguijuela,"Arroyo de la Sanguijuela (Curso Fluvial) en Ronda. WGS84: 36.771066, -5.211212.",IECA — Nomenclátor Geográfico de Andalucía (WFS app:Entidad),https://www.ideandalucia.es/wfs-nga/services,alta,Cádiz,Ronda,36.771066,-5.211212,2026-08-28
NGA-00787,geografia,toponimo,Arroyo de la Sauceda,"Arroyo de la Sauceda (Curso Fluvial) en Jerez de la Frontera. WGS84: 36.599678, -5.907922.",IECA — Nomenclátor Geográfico de Andalucía (WFS app:Entidad),https://www.ideandalucia.es/wfs-nga/services,alta,Cádiz,Jerez de la Frontera,36.599678,-5.907922,2026-08-28
NGA-00788,geografia,toponimo,Arroyo de la Sierra,"Arroyo de la Sierra (Curso Fluvial) en Jerez de la Frontera. WGS84: 36.674056, -5.971475.",IECA — Nomenclátor Geográfico de Andalucía (WFS app:Entidad),https://www.ideandalucia.es/wfs-nga/services,alta,Cádiz,Jerez de la Frontera,36.674056,-5.971475,2026-08-28
NGA-00789,geografia,toponimo,Arroyo de la Sierra,"Arroyo de la Sierra (Curso Fluvial) en Manilva. WGS84: 36.362123, -5.262292.",IECA — Nomenclátor Geográfico de Andalucía (WFS app:Entidad),https://www.ideandalucia.es/wfs-nga/services,alta,Cádiz,Manilva,36.362123,-5.262292,2026-08-28
NGA-00790,geografia,toponimo,Arroyo de la Sierra o de Cabañas,"Arroyo de la Sierra o de Cabañas (Curso Fluvial) en Jerez de la Frontera. WGS84: 36.640021, -5.90112.",IECA — Nomenclátor Geográfico de Andalucía (WFS app:Entidad),https://www.ideandalucia.es/wfs-nga/services,alta,Cádiz,Jerez de la Frontera,36.640021,-5.90112,2026-08-28
NGA-00791,geografia,toponimo,Arroyo de la Sijuela,"Arroyo de la Sijuela (Curso Fluvial) en Ronda. WGS84: 36.726486, -5.195287.",IECA — Nomenclátor Geográfico de Andalucía (WFS app:Entidad),https://www.ideandalucia.es/wfs-nga/services,alta,Cádiz,Ronda,36.726486,-5.195287,2026-08-28
NGA-00792,geografia,toponimo,Arroyo de la Silla,"Arroyo de la Silla (Curso Fluvial) en Jerez de la Frontera. WGS84: 36.776383, -5.949356.",IECA — Nomenclátor Geográfico de Andalucía (WFS app:Entidad),https://www.ideandalucia.es/wfs-nga/services,alta,Cádiz,Jerez de la Frontera,36.776383,-5.949356,2026-08-28
NGA-00793,geografia,toponimo,Arroyo de la Suara,"Arroyo de la Suara (Curso Fluvial) en Jerez de la Frontera. WGS84: 36.631149, -5.915479.",IECA — Nomenclátor Geográfico de Andalucía (WFS app:Entidad),https://www.ideandalucia.es/wfs-nga/services,alta,Cádiz,Jerez de la Frontera,36.631149,-5.915479,2026-08-28
NGA-00794,geografia,toponimo,Arroyo de la Tablellina,"Arroyo de la Tablellina (Curso Fluvial) en Arcos de la Frontera. WGS84: 36.713861, -5.822899.",IECA — Nomenclátor Geográfico de Andalucía (WFS app:Entidad),https://www.ideandalucia.es/wfs-nga/services,alta,Cádiz,Arcos de la Frontera,36.713861,-5.822899,2026-08-28
NGA-00795,geografia,toponimo,Arroyo de la Teja,"Arroyo de la Teja (Curso Fluvial) en Jerez de la Frontera. WGS84: 36.683805, -5.930793.",IECA — Nomenclátor Geográfico de Andalucía (WFS app:Entidad),https://www.ideandalucia.es/wfs-nga/services,alta,Cádiz,Jerez de la Frontera,36.683805,-5.930793,2026-08-28
NGA-00796,geografia,toponimo,Arroyo de la Teja,"Arroyo de la Teja (Curso Fluvial) en Prado del Rey. WGS84: 36.760359, -5.562619.",IECA — Nomenclátor Geográfico de Andalucía (WFS app:Entidad),https://www.ideandalucia.es/wfs-nga/services,alta,Cádiz,Prado del Rey,36.760359,-5.562619,2026-08-28
NGA-00797,geografia,toponimo,Arroyo de la Tejera,"Arroyo de la Tejera (Curso Fluvial) en Los Barrios. WGS84: 36.175446, -5.556584.",IECA — Nomenclátor Geográfico de Andalucía (WFS app:Entidad),https://www.ideandalucia.es/wfs-nga/services,alta,Cádiz,Los Barrios,36.175446,-5.556584,2026-08-28
NGA-00798,geografia,toponimo,Arroyo de la Tenería,"Arroyo de la Tenería (Curso Fluvial) en Villamartín. WGS84: 36.855873, -5.647216.",IECA — Nomenclátor Geográfico de Andalucía (WFS app:Entidad),https://www.ideandalucia.es/wfs-nga/services,alta,Cádiz,Villamartín,36.855873,-5.647216,2026-08-28
NGA-00799,geografia,toponimo,Arroyo de la Tiesa,"Arroyo de la Tiesa (Curso Fluvial) en Montellano. WGS84: 37.016068, -5.539256.",IECA — Nomenclátor Geográfico de Andalucía (WFS app:Entidad),https://www.ideandalucia.es/wfs-nga/services,alta,Cádiz,Montellano,37.016068,-5.539256,2026-08-28
NGA-00800,geografia,toponimo,Arroyo de la Toma,"Arroyo de la Toma (Curso Fluvial) en Alcalá de los Gazules. WGS84: 36.494374, -5.566727.",IECA — Nomenclátor Geográfico de Andalucía (WFS app:Entidad),https://www.ideandalucia.es/wfs-nga/services,alta,Cádiz,Alcalá de los Gazules,36.494374,-5.566727,2026-08-28
NGA-00801,geografia,toponimo,Arroyo de la Toma,"Arroyo de la Toma (Curso Fluvial) en Ronda. WGS84: 36.742071, -5.149626.",IECA — Nomenclátor Geográfico de Andalucía (WFS app:Entidad),https://www.ideandalucia.es/wfs-nga/services,alta,Cádiz,Ronda,36.742071,-5.149626,2026-08-28
NGA-00802,geografia,toponimo,Arroyo de la Torre,"Arroyo de la Torre (Curso Fluvial) en Jerez de la Frontera. WGS84: 36.580937, -5.914909.",IECA — Nomenclátor Geográfico de Andalucía (WFS app:Entidad),https://www.ideandalucia.es/wfs-nga/services,alta,Cádiz,Jerez de la Frontera,36.580937,-5.914909,2026-08-28
NGA-00804,geografia,toponimo,Arroyo de la Tosca,"Arroyo de la Tosca (Curso Fluvial) en Castellar de la Frontera. WGS84: 36.309426, -5.441308.",IECA — Nomenclátor Geográfico de Andalucía (WFS app:Entidad),https://www.ideandalucia.es/wfs-nga/services,alta,Cádiz,Castellar de la Frontera,36.309426,-5.441308,2026-08-28
NGA-00805,geografia,toponimo,Arroyo de la Vaquera,"Arroyo de la Vaquera (Curso Fluvial) en Las Cabezas de San Juan. WGS84: 36.980516, -5.929612.",IECA — Nomenclátor Geográfico de Andalucía (WFS app:Entidad),https://www.ideandalucia.es/wfs-nga/services,alta,Cádiz,Las Cabezas de San Juan,36.980516,-5.929612,2026-08-28
NGA-00806,geografia,toponimo,Arroyo de la Vega,"Arroyo de la Vega (Curso Fluvial) en Las Cabezas de San Juan. WGS84: 37.008788, -5.877559.",IECA — Nomenclátor Geográfico de Andalucía (WFS app:Entidad),https://www.ideandalucia.es/wfs-nga/services,alta,Cádiz,Las Cabezas de San Juan,37.008788,-5.877559,2026-08-28
NGA-00807,geografia,toponimo,Arroyo de la Vega,"Arroyo de la Vega (Curso Fluvial) en Benadalid. WGS84: 36.602341, -5.294991.",IECA — Nomenclátor Geográfico de Andalucía (WFS app:Entidad),https://www.ideandalucia.es/wfs-nga/services,alta,Cádiz,Benadalid,36.602341,-5.294991,2026-08-28
NGA-00808,geografia,toponimo,Arroyo de la Vega Salada,"Arroyo de la Vega Salada (Curso Fluvial) en Medina Sidonia. WGS84: 36.442405, -5.900491.",IECA — Nomenclátor Geográfico de Andalucía (WFS app:Entidad),https://www.ideandalucia.es/wfs-nga/services,alta,Cádiz,Medina Sidonia,36.442405,-5.900491,2026-08-28
NGA-00809,geografia,toponimo,Arroyo de la Venta,"Arroyo de la Venta (Curso Fluvial) en Utrera. WGS84: 36.977642, -5.716883.",IECA — Nomenclátor Geográfico de Andalucía (WFS app:Entidad),https://www.ideandalucia.es/wfs-nga/services,alta,Cádiz,Utrera,36.977642,-5.716883,2026-08-28
NGA-00810,geografia,toponimo,Arroyo de la Ventilla,"Arroyo de la Ventilla (Curso Fluvial) en Alcalá de los Gazules. WGS84: 36.536727, -5.664699.",IECA — Nomenclátor Geográfico de Andalucía (WFS app:Entidad),https://www.ideandalucia.es/wfs-nga/services,alta,Cádiz,Alcalá de los Gazules,36.536727,-5.664699,2026-08-28
NGA-00811,geografia,toponimo,Arroyo de la Ventilla,"Arroyo de la Ventilla (Curso Fluvial) en Arriate. WGS84: 36.799964, -5.134385.",IECA — Nomenclátor Geográfico de Andalucía (WFS app:Entidad),https://www.ideandalucia.es/wfs-nga/services,alta,Cádiz,Arriate,36.799964,-5.134385,2026-08-28
NGA-00812,geografia,toponimo,Arroyo de la Vicaría,"Arroyo de la Vicaría (Curso Fluvial) en Jimena de la Frontera. WGS84: 36.360139, -5.425692.",IECA — Nomenclátor Geográfico de Andalucía (WFS app:Entidad),https://www.ideandalucia.es/wfs-nga/services,alta,Cádiz,Jimena de la Frontera,36.360139,-5.425692,2026-08-28
NGA-00813,geografia,toponimo,Arroyo de la Vicuña,"Arroyo de la Vicuña (Curso Fluvial) en El Puerto de Santa María. WGS84: 36.649961, -6.215405.",IECA — Nomenclátor Geográfico de Andalucía (WFS app:Entidad),https://www.ideandalucia.es/wfs-nga/services,alta,Cádiz,El Puerto de Santa María,36.649961,-6.215405,2026-08-28
NGA-00814,geografia,toponimo,Arroyo de la Vidoria,"Arroyo de la Vidoria (Curso Fluvial) en Estepona. WGS84: 36.442029, -5.138727.",IECA — Nomenclátor Geográfico de Andalucía (WFS app:Entidad),https://www.ideandalucia.es/wfs-nga/services,alta,Cádiz,Estepona,36.442029,-5.138727,2026-08-28
NGA-00815,geografia,toponimo,Arroyo de la Viñuela,"Arroyo de la Viñuela (Curso Fluvial) en San Roque. WGS84: 36.317042, -5.331369.",IECA — Nomenclátor Geográfico de Andalucía (WFS app:Entidad),https://www.ideandalucia.es/wfs-nga/services,alta,Cádiz,San Roque,36.317042,-5.331369,2026-08-28
NGA-00816,geografia,toponimo,Arroyo de la Víbora,"Arroyo de la Víbora (Curso Fluvial) en Lebrija. WGS84: 36.875919, -5.915668.",IECA — Nomenclátor Geográfico de Andalucía (WFS app:Entidad),https://www.ideandalucia.es/wfs-nga/services,alta,Cádiz,Lebrija,36.875919,-5.915668,2026-08-28
NGA-00817,geografia,toponimo,Arroyo de la Víbora,"Arroyo de la Víbora (Curso Fluvial) en Jerez de la Frontera. WGS84: 36.559948, -5.69004.",IECA — Nomenclátor Geográfico de Andalucía (WFS app:Entidad),https://www.ideandalucia.es/wfs-nga/services,alta,Cádiz,Jerez de la Frontera,36.559948,-5.69004,2026-08-28
NGA-00818,geografia,toponimo,Arroyo de la Zahúrda,"Arroyo de la Zahúrda (Curso Fluvial) en Chiclana de la Frontera. WGS84: 36.38387, -6.03642.",IECA — Nomenclátor Geográfico de Andalucía (WFS app:Entidad),https://www.ideandalucia.es/wfs-nga/services,alta,Cádiz,Chiclana de la Frontera,36.38387,-6.03642,2026-08-28
NGA-00819,geografia,toponimo,Arroyo de la Zapata,"Arroyo de la Zapata (Curso Fluvial) en Jimena de la Frontera. WGS84: 36.391305, -5.535818.",IECA — Nomenclátor Geográfico de Andalucía (WFS app:Entidad),https://www.ideandalucia.es/wfs-nga/services,alta,Cádiz,Jimena de la Frontera,36.391305,-5.535818,2026-08-28
NGA-00820,geografia,toponimo,Arroyo de la Zarpa,"Arroyo de la Zarpa (Curso Fluvial) en Jerez de la Frontera. WGS84: 36.748284, -6.089443.",IECA — Nomenclátor Geográfico de Andalucía (WFS app:Entidad),https://www.ideandalucia.es/wfs-nga/services,alta,Cádiz,Jerez de la Frontera,36.748284,-6.089443,2026-08-28
NGA-00821,geografia,toponimo,Arroyo de la Zarza,"Arroyo de la Zarza (Curso Fluvial) en Puerto Real. WGS84: 36.555585, -6.097078.",IECA — Nomenclátor Geográfico de Andalucía (WFS app:Entidad),https://www.ideandalucia.es/wfs-nga/services,alta,Cádiz,Puerto Real,36.555585,-6.097078,2026-08-28
NGA-00822,geografia,toponimo,Arroyo de la Zarza,"Arroyo de la Zarza (Curso Fluvial) en Medina Sidonia. WGS84: 36.531236, -5.902726.",IECA — Nomenclátor Geográfico de Andalucía (WFS app:Entidad),https://www.ideandalucia.es/wfs-nga/services,alta,Cádiz,Medina Sidonia,36.531236,-5.902726,2026-08-28
NGA-00823,geografia,toponimo,Arroyo de la Zarza,"Arroyo de la Zarza (Curso Fluvial) en Vejer de la Frontera. WGS84: 36.224723, -6.040636.",IECA — Nomenclátor Geográfico de Andalucía (WFS app:Entidad),https://www.ideandalucia.es/wfs-nga/services,alta,Cádiz,Vejer de la Frontera,36.224723,-6.040636,2026-08-28
NGA-00824,geografia,toponimo,Arroyo de la Zarza,"Arroyo de la Zarza (Curso Fluvial) en Zahara. WGS84: 36.850488, -5.463756.",IECA — Nomenclátor Geográfico de Andalucía (WFS app:Entidad),https://www.ideandalucia.es/wfs-nga/services,alta,Cádiz,Zahara,36.850488,-5.463756,2026-08-28
NGA-00825,geografia,toponimo,Arroyo de la Zarza,"Arroyo de la Zarza (Curso Fluvial) en Benahavís. WGS84: 36.542143, -5.121927.",IECA — Nomenclátor Geográfico de Andalucía (WFS app:Entidad),https://www.ideandalucia.es/wfs-nga/services,alta,Cádiz,Benahavís,36.542143,-5.121927,2026-08-28
NGA-00826,geografia,toponimo,Arroyo de la Zarzalera,"Arroyo de la Zarzalera (Curso Fluvial) en Jerez de la Frontera. WGS84: 36.600693, -5.531031.",IECA — Nomenclátor Geográfico de Andalucía (WFS app:Entidad),https://www.ideandalucia.es/wfs-nga/services,alta,Cádiz,Jerez de la Frontera,36.600693,-5.531031,2026-08-28
NGA-00827,geografia,toponimo,Arroyo de la Zarzuela,"Arroyo de la Zarzuela (Curso Fluvial) en Barbate. WGS84: 36.140963, -5.836669.",IECA — Nomenclátor Geográfico de Andalucía (WFS app:Entidad),https://www.ideandalucia.es/wfs-nga/services,alta,Cádiz,Barbate,36.140963,-5.836669,2026-08-28
NGA-00828,geografia,toponimo,Arroyo de la Zorra,"Arroyo de la Zorra (Curso Fluvial) en Villamartín. WGS84: 36.883655, -5.576491.",IECA — Nomenclátor Geográfico de Andalucía (WFS app:Entidad),https://www.ideandalucia.es/wfs-nga/services,alta,Cádiz,Villamartín,36.883655,-5.576491,2026-08-28
NGA-00829,geografia,toponimo,Arroyo de la Zorra,"Arroyo de la Zorra (Curso Fluvial) en San José del Valle. WGS84: 36.637385, -5.758766.",IECA — Nomenclátor Geográfico de Andalucía (WFS app:Entidad),https://www.ideandalucia.es/wfs-nga/services,alta,Cádiz,San José del Valle,36.637385,-5.758766,2026-08-28
NGA-00830,geografia,toponimo,Arroyo de la Zorrilla,"Arroyo de la Zorrilla (Curso Fluvial) en Jimena de la Frontera. WGS84: 36.468833, -5.477978.",IECA — Nomenclátor Geográfico de Andalucía (WFS app:Entidad),https://www.ideandalucia.es/wfs-nga/services,alta,Cádiz,Jimena de la Frontera,36.468833,-5.477978,2026-08-28
NGA-00831,geografia,toponimo,Arroyo de las Abiertas,"Arroyo de las Abiertas (Curso Fluvial) en Gaucín. WGS84: 36.529747, -5.381485.",IECA — Nomenclátor Geográfico de Andalucía (WFS app:Entidad),https://www.ideandalucia.es/wfs-nga/services,alta,Cádiz,Gaucín,36.529747,-5.381485,2026-08-28
NGA-00832,geografia,toponimo,Arroyo de las Adelfas,"Arroyo de las Adelfas (Curso Fluvial) en Villaluenga del Rosario. WGS84: 36.715259, -5.344818.",IECA — Nomenclátor Geográfico de Andalucía (WFS app:Entidad),https://www.ideandalucia.es/wfs-nga/services,alta,Cádiz,Villaluenga del Rosario,36.715259,-5.344818,2026-08-28
NGA-00833,geografia,toponimo,Arroyo de las Aguzaderas,"Arroyo de las Aguzaderas (Curso Fluvial) en Jubrique. WGS84: 36.55914, -5.192773.",IECA — Nomenclátor Geográfico de Andalucía (WFS app:Entidad),https://www.ideandalucia.es/wfs-nga/services,alta,Cádiz,Jubrique,36.55914,-5.192773,2026-08-28
NGA-00834,geografia,toponimo,Arroyo de las Alfaguaras,"Arroyo de las Alfaguaras (Curso Fluvial) en Alpandeire. WGS84: 36.622769, -5.214173.",IECA — Nomenclátor Geográfico de Andalucía (WFS app:Entidad),https://www.ideandalucia.es/wfs-nga/services,alta,Cádiz,Alpandeire,36.622769,-5.214173,2026-08-28
NGA-00835,geografia,toponimo,Arroyo de las Alforjas,"Arroyo de las Alforjas (Curso Fluvial) en Tarifa. WGS84: 36.178911, -5.698499.",IECA — Nomenclátor Geográfico de Andalucía (WFS app:Entidad),https://www.ideandalucia.es/wfs-nga/services,alta,Cádiz,Tarifa,36.178911,-5.698499,2026-08-28
NGA-00836,geografia,toponimo,Arroyo de las Algámitas,"Arroyo de las Algámitas (Curso Fluvial) en Los Barrios. WGS84: 36.301492, -5.604279.",IECA — Nomenclátor Geográfico de Andalucía (WFS app:Entidad),https://www.ideandalucia.es/wfs-nga/services,alta,Cádiz,Los Barrios,36.301492,-5.604279,2026-08-28
NGA-00837,geografia,toponimo,Arroyo de las Anderas,"Arroyo de las Anderas (Curso Fluvial) en Arcos de la Frontera. WGS84: 36.794582, -5.711009.",IECA — Nomenclátor Geográfico de Andalucía (WFS app:Entidad),https://www.ideandalucia.es/wfs-nga/services,alta,Cádiz,Arcos de la Frontera,36.794582,-5.711009,2026-08-28
NGA-00838,geografia,toponimo,Arroyo de las Arenas,"Arroyo de las Arenas (Curso Fluvial) en Lebrija. WGS84: 36.900608, -6.04552.",IECA — Nomenclátor Geográfico de Andalucía (WFS app:Entidad),https://www.ideandalucia.es/wfs-nga/services,alta,Cádiz,Lebrija,36.900608,-6.04552,2026-08-28
NGA-00839,geografia,toponimo,Arroyo de las Arenillas,"Arroyo de las Arenillas (Curso Fluvial) en Algámitas. WGS84: 37.027745, -5.160888.",IECA — Nomenclátor Geográfico de Andalucía (WFS app:Entidad),https://www.ideandalucia.es/wfs-nga/services,alta,Cádiz,Algámitas,37.027745,-5.160888,2026-08-28
NGA-00840,geografia,toponimo,Arroyo de las Beatas,"Arroyo de las Beatas (Curso Fluvial) en Los Barrios. WGS84: 36.31518, -5.54444.",IECA — Nomenclátor Geográfico de Andalucía (WFS app:Entidad),https://www.ideandalucia.es/wfs-nga/services,alta,Cádiz,Los Barrios,36.31518,-5.54444,2026-08-28
NGA-00841,geografia,toponimo,Arroyo de las Brevas,"Arroyo de las Brevas (Curso Fluvial) en Sanlúcar de Barrameda. WGS84: 36.717516, -6.326975.",IECA — Nomenclátor Geográfico de Andalucía (WFS app:Entidad),https://www.ideandalucia.es/wfs-nga/services,alta,Cádiz,Sanlúcar de Barrameda,36.717516,-6.326975,2026-08-28
NGA-00842,geografia,toponimo,Arroyo de las Breñas,"Arroyo de las Breñas (Curso Fluvial) en Tarifa. WGS84: 36.098578, -5.776202.",IECA — Nomenclátor Geográfico de Andalucía (WFS app:Entidad),https://www.ideandalucia.es/wfs-nga/services,alta,Cádiz,Tarifa,36.098578,-5.776202,2026-08-28
NGA-00843,geografia,toponimo,Arroyo de las Caballerías,"Arroyo de las Caballerías (Curso Fluvial) en Jerez de la Frontera. WGS84: 36.593139, -6.028085.",IECA — Nomenclátor Geográfico de Andalucía (WFS app:Entidad),https://www.ideandalucia.es/wfs-nga/services,alta,Cádiz,Jerez de la Frontera,36.593139,-6.028085,2026-08-28
NGA-00844,geografia,toponimo,Arroyo de las Cabañuelas,"Arroyo de las Cabañuelas (Curso Fluvial) en Tarifa. WGS84: 36.105607, -5.719776.",IECA — Nomenclátor Geográfico de Andalucía (WFS app:Entidad),https://www.ideandalucia.es/wfs-nga/services,alta,Cádiz,Tarifa,36.105607,-5.719776,2026-08-28
NGA-00845,geografia,toponimo,Arroyo de las Cabezadas,"Arroyo de las Cabezadas (Curso Fluvial) en Jerez de la Frontera. WGS84: 36.800471, -6.035933.",IECA — Nomenclátor Geográfico de Andalucía (WFS app:Entidad),https://www.ideandalucia.es/wfs-nga/services,alta,Cádiz,Jerez de la Frontera,36.800471,-6.035933,2026-08-28
NGA-00846,geografia,toponimo,Arroyo de las Cabezas,"Arroyo de las Cabezas (Curso Fluvial) en Medina Sidonia. WGS84: 36.428762, -5.842856.",IECA — Nomenclátor Geográfico de Andalucía (WFS app:Entidad),https://www.ideandalucia.es/wfs-nga/services,alta,Cádiz,Medina Sidonia,36.428762,-5.842856,2026-08-28
NGA-00847,geografia,toponimo,Arroyo de las Calandrias,"Arroyo de las Calandrias (Curso Fluvial) en Jerez de la Frontera. WGS84: 36.599199, -6.114632.",IECA — Nomenclátor Geográfico de Andalucía (WFS app:Entidad),https://www.ideandalucia.es/wfs-nga/services,alta,Cádiz,Jerez de la Frontera,36.599199,-6.114632,2026-08-28
NGA-00848,geografia,toponimo,Arroyo de las Canillas,"Arroyo de las Canillas (Curso Fluvial) en Jerez de la Frontera. WGS84: 36.703951, -6.003662.",IECA — Nomenclátor Geográfico de Andalucía (WFS app:Entidad),https://www.ideandalucia.es/wfs-nga/services,alta,Cádiz,Jerez de la Frontera,36.703951,-6.003662,2026-08-28
NGA-00849,geografia,toponimo,Arroyo de las Canteras,"Arroyo de las Canteras (Curso Fluvial) en Jerez de la Frontera. WGS84: 36.651361, -6.175689.",IECA — Nomenclátor Geográfico de Andalucía (WFS app:Entidad),https://www.ideandalucia.es/wfs-nga/services,alta,Cádiz,Jerez de la Frontera,36.651361,-6.175689,2026-08-28
NGA-00850,geografia,toponimo,Arroyo de las Canteras,"Arroyo de las Canteras (Curso Fluvial) en San Roque. WGS84: 36.273535, -5.33795.",IECA — Nomenclátor Geográfico de Andalucía (WFS app:Entidad),https://www.ideandalucia.es/wfs-nga/services,alta,Cádiz,San Roque,36.273535,-5.33795,2026-08-28
NGA-00851,geografia,toponimo,Arroyo de las Carboneras,"Arroyo de las Carboneras (Curso Fluvial) en Gaucín. WGS84: 36.541496, -5.325012.",IECA — Nomenclátor Geográfico de Andalucía (WFS app:Entidad),https://www.ideandalucia.es/wfs-nga/services,alta,Cádiz,Gaucín,36.541496,-5.325012,2026-08-28
NGA-00852,geografia,toponimo,Arroyo de las Casas o la Pasada del Palo,"Arroyo de las Casas o la Pasada del Palo (Curso Fluvial) en Algodonales. WGS84: 36.856682, -5.477701.",IECA — Nomenclátor Geográfico de Andalucía (WFS app:Entidad),https://www.ideandalucia.es/wfs-nga/services,alta,Cádiz,Algodonales,36.856682,-5.477701,2026-08-28
NGA-00853,geografia,toponimo,Arroyo de las Cañas,"Arroyo de las Cañas (Curso Fluvial) en Arcos de la Frontera. WGS84: 36.783359, -5.848358.",IECA — Nomenclátor Geográfico de Andalucía (WFS app:Entidad),https://www.ideandalucia.es/wfs-nga/services,alta,Cádiz,Arcos de la Frontera,36.783359,-5.848358,2026-08-28
NGA-00854,geografia,toponimo,Arroyo de las Cañas,"Arroyo de las Cañas (Curso Fluvial) en Tarifa. WGS84: 36.205619, -5.707659.",IECA — Nomenclátor Geográfico de Andalucía (WFS app:Entidad),https://www.ideandalucia.es/wfs-nga/services,alta,Cádiz,Tarifa,36.205619,-5.707659,2026-08-28
NGA-00855,geografia,toponimo,Arroyo de las Cañas,"Arroyo de las Cañas (Curso Fluvial) en Castellar de la Frontera. WGS84: 36.357126, -5.494017.",IECA — Nomenclátor Geográfico de Andalucía (WFS app:Entidad),https://www.ideandalucia.es/wfs-nga/services,alta,Cádiz,Castellar de la Frontera,36.357126,-5.494017,2026-08-28
NGA-00856,geografia,toponimo,Arroyo de las Cañas,"Arroyo de las Cañas (Curso Fluvial) en San Roque. WGS84: 36.197059, -5.388189.",IECA — Nomenclátor Geográfico de Andalucía (WFS app:Entidad),https://www.ideandalucia.es/wfs-nga/services,alta,Cádiz,San Roque,36.197059,-5.388189,2026-08-28
NGA-00857,geografia,toponimo,Arroyo de las Cañas,"Arroyo de las Cañas (Curso Fluvial) en Estepona. WGS84: 36.489849, -5.087006.",IECA — Nomenclátor Geográfico de Andalucía (WFS app:Entidad),https://www.ideandalucia.es/wfs-nga/services,alta,Cádiz,Estepona,36.489849,-5.087006,2026-08-28
NGA-00858,geografia,toponimo,Arroyo de las Cebatillas,"Arroyo de las Cebatillas (Curso Fluvial) en Utrera. WGS84: 36.964324, -5.733197.",IECA — Nomenclátor Geográfico de Andalucía (WFS app:Entidad),https://www.ideandalucia.es/wfs-nga/services,alta,Cádiz,Utrera,36.964324,-5.733197,2026-08-28
NGA-00859,geografia,toponimo,Arroyo de las Cobatillas,"Arroyo de las Cobatillas (Curso Fluvial) en Benarrabá. WGS84: 36.537073, -5.265024.",IECA — Nomenclátor Geográfico de Andalucía (WFS app:Entidad),https://www.ideandalucia.es/wfs-nga/services,alta,Cádiz,Benarrabá,36.537073,-5.265024,2026-08-28
NGA-00860,geografia,toponimo,Arroyo de las Cruces,"Arroyo de las Cruces (Curso Fluvial) en Jerez de la Frontera. WGS84: 36.6399, -6.00082.",IECA — Nomenclátor Geográfico de Andalucía (WFS app:Entidad),https://www.ideandalucia.es/wfs-nga/services,alta,Cádiz,Jerez de la Frontera,36.6399,-6.00082,2026-08-28
NGA-00861,geografia,toponimo,Arroyo de las Cuevas,"Arroyo de las Cuevas (Curso Fluvial) en Grazalema. WGS84: 36.790223, -5.487218.",IECA — Nomenclátor Geográfico de Andalucía (WFS app:Entidad),https://www.ideandalucia.es/wfs-nga/services,alta,Cádiz,Grazalema,36.790223,-5.487218,2026-08-28
NGA-00862,geografia,toponimo,Arroyo de las Culebras,"Arroyo de las Culebras (Curso Fluvial) en Ronda. WGS84: 36.722872, -5.158885.",IECA — Nomenclátor Geográfico de Andalucía (WFS app:Entidad),https://www.ideandalucia.es/wfs-nga/services,alta,Cádiz,Ronda,36.722872,-5.158885,2026-08-28
NGA-00863,geografia,toponimo,Arroyo de las Erillas,"Arroyo de las Erillas (Curso Fluvial) en Grazalema. WGS84: 36.76534, -5.332798.",IECA — Nomenclátor Geográfico de Andalucía (WFS app:Entidad),https://www.ideandalucia.es/wfs-nga/services,alta,Cádiz,Grazalema,36.76534,-5.332798,2026-08-28
NGA-00864,geografia,toponimo,Arroyo de las Gaditanas,"Arroyo de las Gaditanas (Curso Fluvial) en Arcos de la Frontera. WGS84: 36.74315, -5.898206.",IECA — Nomenclátor Geográfico de Andalucía (WFS app:Entidad),https://www.ideandalucia.es/wfs-nga/services,alta,Cádiz,Arcos de la Frontera,36.74315,-5.898206,2026-08-28
NGA-00865,geografia,toponimo,Arroyo de las Garrapatas,"Arroyo de las Garrapatas (Curso Fluvial) en Villamartín. WGS84: 36.960254, -5.679624.",IECA — Nomenclátor Geográfico de Andalucía (WFS app:Entidad),https://www.ideandalucia.es/wfs-nga/services,alta,Cádiz,Villamartín,36.960254,-5.679624,2026-08-28
NGA-00867,geografia,toponimo,Arroyo de las Herrerías,"Arroyo de las Herrerías (Curso Fluvial) en Villamartín. WGS84: 36.896452, -5.674107.",IECA — Nomenclátor Geográfico de Andalucía (WFS app:Entidad),https://www.ideandalucia.es/wfs-nga/services,alta,Cádiz,Villamartín,36.896452,-5.674107,2026-08-28
NGA-00868,geografia,toponimo,Arroyo de las Higueras,"Arroyo de las Higueras (Curso Fluvial) en Jimera de Líbar. WGS84: 36.683968, -5.257477.",IECA — Nomenclátor Geográfico de Andalucía (WFS app:Entidad),https://www.ideandalucia.es/wfs-nga/services,alta,Cádiz,Jimera de Líbar,36.683968,-5.257477,2026-08-28
NGA-00869,geografia,toponimo,Arroyo de las Higueras,"Arroyo de las Higueras (Curso Fluvial) en Benahavís. WGS84: 36.529931, -5.098914.",IECA — Nomenclátor Geográfico de Andalucía (WFS app:Entidad),https://www.ideandalucia.es/wfs-nga/services,alta,Cádiz,Benahavís,36.529931,-5.098914,2026-08-28
NGA-00870,geografia,toponimo,Arroyo de las Hoyas,"Arroyo de las Hoyas (Curso Fluvial) en Casares. WGS84: 36.384435, -5.303857.",IECA — Nomenclátor Geográfico de Andalucía (WFS app:Entidad),https://www.ideandalucia.es/wfs-nga/services,alta,Cádiz,Casares,36.384435,-5.303857,2026-08-28
NGA-00871,geografia,toponimo,Arroyo de las Huertas,"Arroyo de las Huertas (Curso Fluvial) en Jerez de la Frontera. WGS84: 36.673639, -6.214402.",IECA — Nomenclátor Geográfico de Andalucía (WFS app:Entidad),https://www.ideandalucia.es/wfs-nga/services,alta,Cádiz,Jerez de la Frontera,36.673639,-6.214402,2026-08-28
NGA-00872,geografia,toponimo,Arroyo de las Lajas,"Arroyo de las Lajas (Curso Fluvial) en El Coronil. WGS84: 36.901417, -5.540588.",IECA — Nomenclátor Geográfico de Andalucía (WFS app:Entidad),https://www.ideandalucia.es/wfs-nga/services,alta,Cádiz,El Coronil,36.901417,-5.540588,2026-08-28
NGA-00873,geografia,toponimo,Arroyo de las Limas,"Arroyo de las Limas (Curso Fluvial) en Gaucín. WGS84: 36.499388, -5.303136.",IECA — Nomenclátor Geográfico de Andalucía (WFS app:Entidad),https://www.ideandalucia.es/wfs-nga/services,alta,Cádiz,Gaucín,36.499388,-5.303136,2026-08-28
NGA-00874,geografia,toponimo,Arroyo de las Lomillas,"Arroyo de las Lomillas (Curso Fluvial) en Puerto Serrano. WGS84: 37.026263, -5.457689.",IECA — Nomenclátor Geográfico de Andalucía (WFS app:Entidad),https://www.ideandalucia.es/wfs-nga/services,alta,Cádiz,Puerto Serrano,37.026263,-5.457689,2026-08-28
NGA-00875,geografia,toponimo,Arroyo de las Majadillas,"Arroyo de las Majadillas (Curso Fluvial) en Los Barrios. WGS84: 36.207951, -5.516657.",IECA — Nomenclátor Geográfico de Andalucía (WFS app:Entidad),https://www.ideandalucia.es/wfs-nga/services,alta,Cádiz,Los Barrios,36.207951,-5.516657,2026-08-28
NGA-00876,geografia,toponimo,Arroyo de las Malas Pasadas,"Arroyo de las Malas Pasadas (Curso Fluvial) en Los Barrios. WGS84: 36.23566, -5.596163.",IECA — Nomenclátor Geográfico de Andalucía (WFS app:Entidad),https://www.ideandalucia.es/wfs-nga/services,alta,Cádiz,Los Barrios,36.23566,-5.596163,2026-08-28
NGA-00877,geografia,toponimo,Arroyo de las Mazmorras,"Arroyo de las Mazmorras (Curso Fluvial) en Montellano. WGS84: 37.014586, -5.497062.",IECA — Nomenclátor Geográfico de Andalucía (WFS app:Entidad),https://www.ideandalucia.es/wfs-nga/services,alta,Cádiz,Montellano,37.014586,-5.497062,2026-08-28
NGA-00878,geografia,toponimo,Arroyo de las Mujeres,"Arroyo de las Mujeres (Curso Fluvial) en Pruna. WGS84: 36.955686, -5.227555.",IECA — Nomenclátor Geográfico de Andalucía (WFS app:Entidad),https://www.ideandalucia.es/wfs-nga/services,alta,Cádiz,Pruna,36.955686,-5.227555,2026-08-28
NGA-00879,geografia,toponimo,Arroyo de las Mulas,"Arroyo de las Mulas (Curso Fluvial) en Olvera. WGS84: 36.993047, -5.286278.",IECA — Nomenclátor Geográfico de Andalucía (WFS app:Entidad),https://www.ideandalucia.es/wfs-nga/services,alta,Cádiz,Olvera,36.993047,-5.286278,2026-08-28
NGA-00880,geografia,toponimo,Arroyo de las Navetillas,"Arroyo de las Navetillas (Curso Fluvial) en Ronda. WGS84: 36.803504, -5.106848.",IECA — Nomenclátor Geográfico de Andalucía (WFS app:Entidad),https://www.ideandalucia.es/wfs-nga/services,alta,Cádiz,Ronda,36.803504,-5.106848,2026-08-28
NGA-00881,geografia,toponimo,Arroyo de las Ovejeras,"Arroyo de las Ovejeras (Curso Fluvial) en Estepona. WGS84: 36.448043, -5.113318.",IECA — Nomenclátor Geográfico de Andalucía (WFS app:Entidad),https://www.ideandalucia.es/wfs-nga/services,alta,Cádiz,Estepona,36.448043,-5.113318,2026-08-28
NGA-00882,geografia,toponimo,Arroyo de las Palas,"Arroyo de las Palas (Curso Fluvial) en Jerez de la Frontera. WGS84: 36.594148, -5.592543.",IECA — Nomenclátor Geográfico de Andalucía (WFS app:Entidad),https://www.ideandalucia.es/wfs-nga/services,alta,Cádiz,Jerez de la Frontera,36.594148,-5.592543,2026-08-28
NGA-00883,geografia,toponimo,Arroyo de las Parrillas,"Arroyo de las Parrillas (Curso Fluvial) en Setenil de las Bodegas. WGS84: 36.839019, -5.203704.",IECA — Nomenclátor Geográfico de Andalucía (WFS app:Entidad),https://www.ideandalucia.es/wfs-nga/services,alta,Cádiz,Setenil de las Bodegas,36.839019,-5.203704,2026-08-28
NGA-00884,geografia,toponimo,Arroyo de las Perejilas,"Arroyo de las Perejilas (Curso Fluvial) en Genalguacil. WGS84: 36.552693, -5.2424.",IECA — Nomenclátor Geográfico de Andalucía (WFS app:Entidad),https://www.ideandalucia.es/wfs-nga/services,alta,Cádiz,Genalguacil,36.552693,-5.2424,2026-08-28
NGA-00885,geografia,toponimo,Arroyo de las Peñas,"Arroyo de las Peñas (Curso Fluvial) en Arcos de la Frontera. WGS84: 36.835574, -5.848442.",IECA — Nomenclátor Geográfico de Andalucía (WFS app:Entidad),https://www.ideandalucia.es/wfs-nga/services,alta,Cádiz,Arcos de la Frontera,36.835574,-5.848442,2026-08-28
NGA-00886,geografia,toponimo,Arroyo de las Peñuelas,"Arroyo de las Peñuelas (Curso Fluvial) en Conil de la Frontera. WGS84: 36.31466, -6.118029.",IECA — Nomenclátor Geográfico de Andalucía (WFS app:Entidad),https://www.ideandalucia.es/wfs-nga/services,alta,Cádiz,Conil de la Frontera,36.31466,-6.118029,2026-08-28
NGA-00887,geografia,toponimo,Arroyo de las Piedras,"Arroyo de las Piedras (Curso Fluvial) en Cortes de la Frontera. WGS84: 36.534598, -5.432564.",IECA — Nomenclátor Geográfico de Andalucía (WFS app:Entidad),https://www.ideandalucia.es/wfs-nga/services,alta,Cádiz,Cortes de la Frontera,36.534598,-5.432564,2026-08-28
NGA-00888,geografia,toponimo,Arroyo de las Pilas,"Arroyo de las Pilas (Curso Fluvial) en Montecorto. WGS84: 36.824478, -5.262647.",IECA — Nomenclátor Geográfico de Andalucía (WFS app:Entidad),https://www.ideandalucia.es/wfs-nga/services,alta,Cádiz,Montecorto,36.824478,-5.262647,2026-08-28
NGA-00889,geografia,toponimo,Arroyo de las Piletas,"Arroyo de las Piletas (Curso Fluvial) en Jerez de la Frontera. WGS84: 36.56335, -5.930642.",IECA — Nomenclátor Geográfico de Andalucía (WFS app:Entidad),https://www.ideandalucia.es/wfs-nga/services,alta,Cádiz,Jerez de la Frontera,36.56335,-5.930642,2026-08-28
NGA-00890,geografia,toponimo,Arroyo de las Piletas,"Arroyo de las Piletas (Curso Fluvial) en Tarifa. WGS84: 36.10912, -5.697661.",IECA — Nomenclátor Geográfico de Andalucía (WFS app:Entidad),https://www.ideandalucia.es/wfs-nga/services,alta,Cádiz,Tarifa,36.10912,-5.697661,2026-08-28
NGA-00891,geografia,toponimo,Arroyo de las Presillas,"Arroyo de las Presillas (Curso Fluvial) en Castellar de la Frontera. WGS84: 36.321762, -5.355423.",IECA — Nomenclátor Geográfico de Andalucía (WFS app:Entidad),https://www.ideandalucia.es/wfs-nga/services,alta,Cádiz,Castellar de la Frontera,36.321762,-5.355423,2026-08-28
NGA-00892,geografia,toponimo,Arroyo de las Raices,"Arroyo de las Raices (Curso Fluvial) en Castellar de la Frontera. WGS84: 36.305141, -5.401335.",IECA — Nomenclátor Geográfico de Andalucía (WFS app:Entidad),https://www.ideandalucia.es/wfs-nga/services,alta,Cádiz,Castellar de la Frontera,36.305141,-5.401335,2026-08-28
NGA-00893,geografia,toponimo,Arroyo de las Reyertas,"Arroyo de las Reyertas (Curso Fluvial) en El Puerto de Santa María. WGS84: 36.698457, -6.314996.",IECA — Nomenclátor Geográfico de Andalucía (WFS app:Entidad),https://www.ideandalucia.es/wfs-nga/services,alta,Cádiz,El Puerto de Santa María,36.698457,-6.314996,2026-08-28
NGA-00894,geografia,toponimo,Arroyo de las Salinas,"Arroyo de las Salinas (Obra Hidráulica) en Lebrija. WGS84: 36.925, -6.010877.",IECA — Nomenclátor Geográfico de Andalucía (WFS app:Entidad),https://www.ideandalucia.es/wfs-nga/services,alta,Cádiz,Lebrija,36.925,-6.010877,2026-08-28
NGA-00895,geografia,toponimo,Arroyo de las Salinas,"Arroyo de las Salinas (Curso Fluvial) en Lebrija. WGS84: 36.910531, -5.98664.",IECA — Nomenclátor Geográfico de Andalucía (WFS app:Entidad),https://www.ideandalucia.es/wfs-nga/services,alta,Cádiz,Lebrija,36.910531,-5.98664,2026-08-28
NGA-00896,geografia,toponimo,Arroyo de las Salinetas,"Arroyo de las Salinetas (Curso Fluvial) en Puerto Real. WGS84: 36.476964, -6.083322.",IECA — Nomenclátor Geográfico de Andalucía (WFS app:Entidad),https://www.ideandalucia.es/wfs-nga/services,alta,Cádiz,Puerto Real,36.476964,-6.083322,2026-08-28
NGA-00897,geografia,toponimo,Arroyo de las Salinillas,"Arroyo de las Salinillas (Curso Fluvial) en Villamartín. WGS84: 36.893523, -5.663642.",IECA — Nomenclátor Geográfico de Andalucía (WFS app:Entidad),https://www.ideandalucia.es/wfs-nga/services,alta,Cádiz,Villamartín,36.893523,-5.663642,2026-08-28
NGA-00898,geografia,toponimo,Arroyo de las Salinillas,"Arroyo de las Salinillas (Curso Fluvial) en Jerez de la Frontera. WGS84: 36.783186, -5.996014.",IECA — Nomenclátor Geográfico de Andalucía (WFS app:Entidad),https://www.ideandalucia.es/wfs-nga/services,alta,Cádiz,Jerez de la Frontera,36.783186,-5.996014,2026-08-28
NGA-00899,geografia,toponimo,Arroyo de las Soleras,"Arroyo de las Soleras (Curso Fluvial) en Espera. WGS84: 36.857803, -5.778329.",IECA — Nomenclátor Geográfico de Andalucía (WFS app:Entidad),https://www.ideandalucia.es/wfs-nga/services,alta,Cádiz,Espera,36.857803,-5.778329,2026-08-28
NGA-00900,geografia,toponimo,Arroyo de las Tierras Nuevas,"Arroyo de las Tierras Nuevas (Curso Fluvial) en Villamartín. WGS84: 36.8522, -5.560694.",IECA — Nomenclátor Geográfico de Andalucía (WFS app:Entidad),https://www.ideandalucia.es/wfs-nga/services,alta,Cádiz,Villamartín,36.8522,-5.560694,2026-08-28
NGA-00901,geografia,toponimo,Arroyo de las Utreras,"Arroyo de las Utreras (Curso Fluvial) en Medina Sidonia. WGS84: 36.498518, -5.87392.",IECA — Nomenclátor Geográfico de Andalucía (WFS app:Entidad),https://www.ideandalucia.es/wfs-nga/services,alta,Cádiz,Medina Sidonia,36.498518,-5.87392,2026-08-28
NGA-00902,geografia,toponimo,Arroyo de las Vegas,"Arroyo de las Vegas (Curso Fluvial) en Villamartín. WGS84: 36.822517, -5.554899.",IECA — Nomenclátor Geográfico de Andalucía (WFS app:Entidad),https://www.ideandalucia.es/wfs-nga/services,alta,Cádiz,Villamartín,36.822517,-5.554899,2026-08-28
NGA-00903,geografia,toponimo,Arroyo de las Veguetas,"Arroyo de las Veguetas (Curso Fluvial) en Benarrabá. WGS84: 36.542668, -5.266055.",IECA — Nomenclátor Geográfico de Andalucía (WFS app:Entidad),https://www.ideandalucia.es/wfs-nga/services,alta,Cádiz,Benarrabá,36.542668,-5.266055,2026-08-28
NGA-00904,geografia,toponimo,Arroyo de las Vicarías,"Arroyo de las Vicarías (Curso Fluvial) en Rota. WGS84: 36.703571, -6.369302.",IECA — Nomenclátor Geográfico de Andalucía (WFS app:Entidad),https://www.ideandalucia.es/wfs-nga/services,alta,Cádiz,Rota,36.703571,-6.369302,2026-08-28
NGA-00905,geografia,toponimo,Arroyo de las Villas,"Arroyo de las Villas (Curso Fluvial) en Tarifa. WGS84: 36.098843, -5.783074.",IECA — Nomenclátor Geográfico de Andalucía (WFS app:Entidad),https://www.ideandalucia.es/wfs-nga/services,alta,Cádiz,Tarifa,36.098843,-5.783074,2026-08-28
NGA-00906,geografia,toponimo,Arroyo de las Yesas,"Arroyo de las Yesas (Curso Fluvial) en Zahara. WGS84: 36.840935, -5.466853.",IECA — Nomenclátor Geográfico de Andalucía (WFS app:Entidad),https://www.ideandalucia.es/wfs-nga/services,alta,Cádiz,Zahara,36.840935,-5.466853,2026-08-28
NGA-00907,geografia,toponimo,Arroyo de las Zorreras,"Arroyo de las Zorreras (Curso Fluvial) en Atajate. WGS84: 36.645384, -5.252198.",IECA — Nomenclátor Geográfico de Andalucía (WFS app:Entidad),https://www.ideandalucia.es/wfs-nga/services,alta,Cádiz,Atajate,36.645384,-5.252198,2026-08-28
NGA-00908,geografia,toponimo,Arroyo de los Alcones,"Arroyo de los Alcones (Curso Fluvial) en El Cuervo de Sevilla. WGS84: 36.877587, -6.025699.",IECA — Nomenclátor Geográfico de Andalucía (WFS app:Entidad),https://www.ideandalucia.es/wfs-nga/services,alta,Cádiz,El Cuervo de Sevilla,36.877587,-6.025699,2026-08-28
NGA-00909,geografia,toponimo,Arroyo de los Alguaciles,"Arroyo de los Alguaciles (Curso Fluvial) en Utrera. WGS84: 37.009521, -5.797802.",IECA — Nomenclátor Geográfico de Andalucía (WFS app:Entidad),https://www.ideandalucia.es/wfs-nga/services,alta,Cádiz,Utrera,37.009521,-5.797802,2026-08-28
NGA-00910,geografia,toponimo,Arroyo de los Alisos,"Arroyo de los Alisos (Curso Fluvial) en Alcalá de los Gazules. WGS84: 36.362149, -5.730017.",IECA — Nomenclátor Geográfico de Andalucía (WFS app:Entidad),https://www.ideandalucia.es/wfs-nga/services,alta,Cádiz,Alcalá de los Gazules,36.362149,-5.730017,2026-08-28
NGA-00911,geografia,toponimo,Arroyo de los Alisos,"Arroyo de los Alisos (Curso Fluvial) en Jerez de la Frontera. WGS84: 36.609417, -5.463849.",IECA — Nomenclátor Geográfico de Andalucía (WFS app:Entidad),https://www.ideandalucia.es/wfs-nga/services,alta,Cádiz,Jerez de la Frontera,36.609417,-5.463849,2026-08-28
NGA-00912,geografia,toponimo,Arroyo de los Alisos,"Arroyo de los Alisos (Curso Fluvial) en Jimena de la Frontera. WGS84: 36.490034, -5.495668.",IECA — Nomenclátor Geográfico de Andalucía (WFS app:Entidad),https://www.ideandalucia.es/wfs-nga/services,alta,Cádiz,Jimena de la Frontera,36.490034,-5.495668,2026-08-28
NGA-00913,geografia,toponimo,Arroyo de los Almendros,"Arroyo de los Almendros (Curso Fluvial) en Montellano. WGS84: 36.94548, -5.540484.",IECA — Nomenclátor Geográfico de Andalucía (WFS app:Entidad),https://www.ideandalucia.es/wfs-nga/services,alta,Cádiz,Montellano,36.94548,-5.540484,2026-08-28
NGA-00914,geografia,toponimo,Arroyo de los Almeriques,"Arroyo de los Almeriques (Curso Fluvial) en Medina Sidonia. WGS84: 36.508342, -5.931355.",IECA — Nomenclátor Geográfico de Andalucía (WFS app:Entidad),https://www.ideandalucia.es/wfs-nga/services,alta,Cádiz,Medina Sidonia,36.508342,-5.931355,2026-08-28
NGA-00915,geografia,toponimo,Arroyo de los Amarguillos,"Arroyo de los Amarguillos (Curso Fluvial) en Jerez de la Frontera. WGS84: 36.545112, -5.892204.",IECA — Nomenclátor Geográfico de Andalucía (WFS app:Entidad),https://www.ideandalucia.es/wfs-nga/services,alta,Cádiz,Jerez de la Frontera,36.545112,-5.892204,2026-08-28
NGA-00916,geografia,toponimo,Arroyo de los Arcos,"Arroyo de los Arcos (Curso Fluvial) en Ronda. WGS84: 36.76445, -5.123491.",IECA — Nomenclátor Geográfico de Andalucía (WFS app:Entidad),https://www.ideandalucia.es/wfs-nga/services,alta,Cádiz,Ronda,36.76445,-5.123491,2026-08-28
NGA-00917,geografia,toponimo,Arroyo de los Arquillos,"Arroyo de los Arquillos (Curso Fluvial) en Jerez de la Frontera. WGS84: 36.554279, -5.918727.",IECA — Nomenclátor Geográfico de Andalucía (WFS app:Entidad),https://www.ideandalucia.es/wfs-nga/services,alta,Cádiz,Jerez de la Frontera,36.554279,-5.918727,2026-08-28
NGA-00918,geografia,toponimo,Arroyo de los Arquillos,"Arroyo de los Arquillos (Curso Fluvial) en Tarifa. WGS84: 36.146549, -5.778697.",IECA — Nomenclátor Geográfico de Andalucía (WFS app:Entidad),https://www.ideandalucia.es/wfs-nga/services,alta,Cádiz,Tarifa,36.146549,-5.778697,2026-08-28
NGA-00919,geografia,toponimo,Arroyo de los Azares,"Arroyo de los Azares (Curso Fluvial) en Puerto Serrano. WGS84: 36.951734, -5.499633.",IECA — Nomenclátor Geográfico de Andalucía (WFS app:Entidad),https://www.ideandalucia.es/wfs-nga/services,alta,Cádiz,Puerto Serrano,36.951734,-5.499633,2026-08-28
NGA-00920,geografia,toponimo,Arroyo de los Bacalaos,"Arroyo de los Bacalaos (Curso Fluvial) en Los Barrios. WGS84: 36.203534, -5.511799.",IECA — Nomenclátor Geográfico de Andalucía (WFS app:Entidad),https://www.ideandalucia.es/wfs-nga/services,alta,Cádiz,Los Barrios,36.203534,-5.511799,2026-08-28
NGA-00921,geografia,toponimo,Arroyo de los Balaces,"Arroyo de los Balaces (Curso Fluvial) en Montellano. WGS84: 36.971499, -5.495362.",IECA — Nomenclátor Geográfico de Andalucía (WFS app:Entidad),https://www.ideandalucia.es/wfs-nga/services,alta,Cádiz,Montellano,36.971499,-5.495362,2026-08-28
NGA-00922,geografia,toponimo,Arroyo de los Ballesteros,"Arroyo de los Ballesteros (Curso Fluvial) en Zahara. WGS84: 36.808548, -5.395834.",IECA — Nomenclátor Geográfico de Andalucía (WFS app:Entidad),https://www.ideandalucia.es/wfs-nga/services,alta,Cádiz,Zahara,36.808548,-5.395834,2026-08-28
NGA-00923,geografia,toponimo,Arroyo de los Ballesteros,"Arroyo de los Ballesteros (Curso Fluvial) en Júzcar. WGS84: 36.571445, -5.140715.",IECA — Nomenclátor Geográfico de Andalucía (WFS app:Entidad),https://www.ideandalucia.es/wfs-nga/services,alta,Cádiz,Júzcar,36.571445,-5.140715,2026-08-28
NGA-00924,geografia,toponimo,Arroyo de los Barros de Alocaz,"Arroyo de los Barros de Alocaz (Curso Fluvial) en Las Cabezas de San Juan. WGS84: 36.979473, -5.837444.",IECA — Nomenclátor Geográfico de Andalucía (WFS app:Entidad),https://www.ideandalucia.es/wfs-nga/services,alta,Cádiz,Las Cabezas de San Juan,36.979473,-5.837444,2026-08-28
NGA-00925,geografia,toponimo,Arroyo de los Baños,"Arroyo de los Baños (Curso Fluvial) en Algodonales. WGS84: 36.871674, -5.509677.",IECA — Nomenclátor Geográfico de Andalucía (WFS app:Entidad),https://www.ideandalucia.es/wfs-nga/services,alta,Cádiz,Algodonales,36.871674,-5.509677,2026-08-28
NGA-00926,geografia,toponimo,Arroyo de los Baños del Campanero,"Arroyo de los Baños del Campanero (Curso Fluvial) en Medina Sidonia. WGS84: 36.49691, -5.927485.",IECA — Nomenclátor Geográfico de Andalucía (WFS app:Entidad),https://www.ideandalucia.es/wfs-nga/services,alta,Cádiz,Medina Sidonia,36.49691,-5.927485,2026-08-28
NGA-00927,geografia,toponimo,Arroyo de los Caballos,"Arroyo de los Caballos (Curso Fluvial) en Jerez de la Frontera. WGS84: 36.689127, -5.950235.",IECA — Nomenclátor Geográfico de Andalucía (WFS app:Entidad),https://www.ideandalucia.es/wfs-nga/services,alta,Cádiz,Jerez de la Frontera,36.689127,-5.950235,2026-08-28
NGA-00928,geografia,toponimo,Arroyo de los Cañones,"Arroyo de los Cañones (Curso Fluvial) en Arcos de la Frontera. WGS84: 36.75908, -5.846339.",IECA — Nomenclátor Geográfico de Andalucía (WFS app:Entidad),https://www.ideandalucia.es/wfs-nga/services,alta,Cádiz,Arcos de la Frontera,36.75908,-5.846339,2026-08-28
NGA-00929,geografia,toponimo,Arroyo de los Caños,"Arroyo de los Caños (Curso Fluvial) en Montellano. WGS84: 37.016889, -5.605132.",IECA — Nomenclátor Geográfico de Andalucía (WFS app:Entidad),https://www.ideandalucia.es/wfs-nga/services,alta,Cádiz,Montellano,37.016889,-5.605132,2026-08-28
NGA-00930,geografia,toponimo,Arroyo de los Charcones,"Arroyo de los Charcones (Curso Fluvial) en Medina Sidonia. WGS84: 36.316906, -5.697237.",IECA — Nomenclátor Geográfico de Andalucía (WFS app:Entidad),https://www.ideandalucia.es/wfs-nga/services,alta,Cádiz,Medina Sidonia,36.316906,-5.697237,2026-08-28
NGA-00931,geografia,toponimo,Arroyo de los Charcones,"Arroyo de los Charcones (Curso Fluvial) en Benaocaz. WGS84: 36.740872, -5.460412.",IECA — Nomenclátor Geográfico de Andalucía (WFS app:Entidad),https://www.ideandalucia.es/wfs-nga/services,alta,Cádiz,Benaocaz,36.740872,-5.460412,2026-08-28
NGA-00932,geografia,toponimo,Arroyo de los Charcos,"Arroyo de los Charcos (Curso Fluvial) en Rota. WGS84: 36.689209, -6.336175.",IECA — Nomenclátor Geográfico de Andalucía (WFS app:Entidad),https://www.ideandalucia.es/wfs-nga/services,alta,Cádiz,Rota,36.689209,-6.336175,2026-08-28
NGA-00933,geografia,toponimo,Arroyo de los Charcos,"Arroyo de los Charcos (Curso Fluvial) en Jerez de la Frontera. WGS84: 36.66733, -5.916125.",IECA — Nomenclátor Geográfico de Andalucía (WFS app:Entidad),https://www.ideandalucia.es/wfs-nga/services,alta,Cádiz,Jerez de la Frontera,36.66733,-5.916125,2026-08-28
NGA-00934,geografia,toponimo,Arroyo de los Chivos,"Arroyo de los Chivos (Curso Fluvial) en Estepona. WGS84: 36.45734, -5.188786.",IECA — Nomenclátor Geográfico de Andalucía (WFS app:Entidad),https://www.ideandalucia.es/wfs-nga/services,alta,Cádiz,Estepona,36.45734,-5.188786,2026-08-28
NGA-00935,geografia,toponimo,Arroyo de los Chozones,"Arroyo de los Chozones (Curso Fluvial) en Alcalá de los Gazules. WGS84: 36.45084, -5.706109.",IECA — Nomenclátor Geográfico de Andalucía (WFS app:Entidad),https://www.ideandalucia.es/wfs-nga/services,alta,Cádiz,Alcalá de los Gazules,36.45084,-5.706109,2026-08-28
NGA-00936,geografia,toponimo,Arroyo de los Ciegos,"Arroyo de los Ciegos (Curso Fluvial) en San José del Valle. WGS84: 36.566775, -5.840249.",IECA — Nomenclátor Geográfico de Andalucía (WFS app:Entidad),https://www.ideandalucia.es/wfs-nga/services,alta,Cádiz,San José del Valle,36.566775,-5.840249,2026-08-28
NGA-00937,geografia,toponimo,Arroyo de los Comuneros,"Arroyo de los Comuneros (Curso Fluvial) en Jerez de la Frontera. WGS84: 36.574508, -6.084413.",IECA — Nomenclátor Geográfico de Andalucía (WFS app:Entidad),https://www.ideandalucia.es/wfs-nga/services,alta,Cádiz,Jerez de la Frontera,36.574508,-6.084413,2026-08-28
NGA-00938,geografia,toponimo,Arroyo de los Corales,"Arroyo de los Corales (Curso Fluvial) en Algodonales. WGS84: 36.903809, -5.443702.",IECA — Nomenclátor Geográfico de Andalucía (WFS app:Entidad),https://www.ideandalucia.es/wfs-nga/services,alta,Cádiz,Algodonales,36.903809,-5.443702,2026-08-28
NGA-00939,geografia,toponimo,Arroyo de los Diamantes,"Arroyo de los Diamantes (Curso Fluvial) en Algatocín. WGS84: 36.580071, -5.313065.",IECA — Nomenclátor Geográfico de Andalucía (WFS app:Entidad),https://www.ideandalucia.es/wfs-nga/services,alta,Cádiz,Algatocín,36.580071,-5.313065,2026-08-28
NGA-00940,geografia,toponimo,Arroyo de los Espejos,"Arroyo de los Espejos (Curso Fluvial) en Utrera. WGS84: 36.965101, -5.610635.",IECA — Nomenclátor Geográfico de Andalucía (WFS app:Entidad),https://www.ideandalucia.es/wfs-nga/services,alta,Cádiz,Utrera,36.965101,-5.610635,2026-08-28
NGA-00941,geografia,toponimo,Arroyo de los Fosos,"Arroyo de los Fosos (Curso Fluvial) en Jerez de la Frontera. WGS84: 36.589209, -5.963391.",IECA — Nomenclátor Geográfico de Andalucía (WFS app:Entidad),https://www.ideandalucia.es/wfs-nga/services,alta,Cádiz,Jerez de la Frontera,36.589209,-5.963391,2026-08-28
NGA-00942,geografia,toponimo,Arroyo de los Fresnillos,"Arroyo de los Fresnillos (Curso Fluvial) en Cortes de la Frontera. WGS84: 36.538474, -5.40013.",IECA — Nomenclátor Geográfico de Andalucía (WFS app:Entidad),https://www.ideandalucia.es/wfs-nga/services,alta,Cádiz,Cortes de la Frontera,36.538474,-5.40013,2026-08-28
NGA-00943,geografia,toponimo,Arroyo de los Fresnos,"Arroyo de los Fresnos (Curso Fluvial) en Jimena de la Frontera. WGS84: 36.452385, -5.41647.",IECA — Nomenclátor Geográfico de Andalucía (WFS app:Entidad),https://www.ideandalucia.es/wfs-nga/services,alta,Cádiz,Jimena de la Frontera,36.452385,-5.41647,2026-08-28
NGA-00944,geografia,toponimo,Arroyo de los Gallegos,"Arroyo de los Gallegos (Curso Fluvial) en San Roque. WGS84: 36.194886, -5.374428.",IECA — Nomenclátor Geográfico de Andalucía (WFS app:Entidad),https://www.ideandalucia.es/wfs-nga/services,alta,Cádiz,San Roque,36.194886,-5.374428,2026-08-28
NGA-00945,geografia,toponimo,Arroyo de los Gamuzones,"Arroyo de los Gamuzones (Curso Fluvial) en Medina Sidonia. WGS84: 36.464403, -5.989025.",IECA — Nomenclátor Geográfico de Andalucía (WFS app:Entidad),https://www.ideandalucia.es/wfs-nga/services,alta,Cádiz,Medina Sidonia,36.464403,-5.989025,2026-08-28
NGA-00946,geografia,toponimo,Arroyo de los Garzos,"Arroyo de los Garzos (Curso Fluvial) en Lebrija. WGS84: 36.853177, -5.91737.",IECA — Nomenclátor Geográfico de Andalucía (WFS app:Entidad),https://www.ideandalucia.es/wfs-nga/services,alta,Cádiz,Lebrija,36.853177,-5.91737,2026-08-28
NGA-00947,geografia,toponimo,Arroyo de los Gerditos,"Arroyo de los Gerditos (Curso Fluvial) en Jerez de la Frontera. WGS84: 36.557557, -5.517278.",IECA — Nomenclátor Geográfico de Andalucía (WFS app:Entidad),https://www.ideandalucia.es/wfs-nga/services,alta,Cádiz,Jerez de la Frontera,36.557557,-5.517278,2026-08-28
NGA-00948,geografia,toponimo,Arroyo de los Granados,"Arroyo de los Granados (Curso Fluvial) en Cartajima. WGS84: 36.624039, -5.148576.",IECA — Nomenclátor Geográfico de Andalucía (WFS app:Entidad),https://www.ideandalucia.es/wfs-nga/services,alta,Cádiz,Cartajima,36.624039,-5.148576,2026-08-28
NGA-00949,geografia,toponimo,Arroyo de los Granjales,"Arroyo de los Granjales (Curso Fluvial) en Alcalá de los Gazules. WGS84: 36.494298, -5.774183.",IECA — Nomenclátor Geográfico de Andalucía (WFS app:Entidad),https://www.ideandalucia.es/wfs-nga/services,alta,Cádiz,Alcalá de los Gazules,36.494298,-5.774183,2026-08-28
NGA-00950,geografia,toponimo,Arroyo de los Helechos,"Arroyo de los Helechos (Curso Fluvial) en Los Barrios. WGS84: 36.215343, -5.594589.",IECA — Nomenclátor Geográfico de Andalucía (WFS app:Entidad),https://www.ideandalucia.es/wfs-nga/services,alta,Cádiz,Los Barrios,36.215343,-5.594589,2026-08-28
NGA-00951,geografia,toponimo,Arroyo de los Hondales,"Arroyo de los Hondales (Curso Fluvial) en Alcalá de los Gazules. WGS84: 36.454996, -5.790587.",IECA — Nomenclátor Geográfico de Andalucía (WFS app:Entidad),https://www.ideandalucia.es/wfs-nga/services,alta,Cádiz,Alcalá de los Gazules,36.454996,-5.790587,2026-08-28
NGA-00952,geografia,toponimo,Arroyo de los Hoyones,"Arroyo de los Hoyones (Curso Fluvial) en Jimena de la Frontera. WGS84: 36.455388, -5.479325.",IECA — Nomenclátor Geográfico de Andalucía (WFS app:Entidad),https://www.ideandalucia.es/wfs-nga/services,alta,Cádiz,Jimena de la Frontera,36.455388,-5.479325,2026-08-28
NGA-00953,geografia,toponimo,Arroyo de los Huertos,"Arroyo de los Huertos (Curso Fluvial) en Alpandeire. WGS84: 36.623619, -5.228094.",IECA — Nomenclátor Geográfico de Andalucía (WFS app:Entidad),https://www.ideandalucia.es/wfs-nga/services,alta,Cádiz,Alpandeire,36.623619,-5.228094,2026-08-28
NGA-00954,geografia,toponimo,Arroyo de los Isletes,"Arroyo de los Isletes (Curso Fluvial) en Jerez de la Frontera. WGS84: 36.594083, -5.873012.",IECA — Nomenclátor Geográfico de Andalucía (WFS app:Entidad),https://www.ideandalucia.es/wfs-nga/services,alta,Cádiz,Jerez de la Frontera,36.594083,-5.873012,2026-08-28
NGA-00955,geografia,toponimo,Arroyo de los Jarales,"Arroyo de los Jarales (Curso Fluvial) en Medina Sidonia. WGS84: 36.404482, -6.008841.",IECA — Nomenclátor Geográfico de Andalucía (WFS app:Entidad),https://www.ideandalucia.es/wfs-nga/services,alta,Cádiz,Medina Sidonia,36.404482,-6.008841,2026-08-28
NGA-00956,geografia,toponimo,Arroyo de los Judíos,"Arroyo de los Judíos (Curso Fluvial) en Jimera de Líbar. WGS84: 36.633804, -5.295465.",IECA — Nomenclátor Geográfico de Andalucía (WFS app:Entidad),https://www.ideandalucia.es/wfs-nga/services,alta,Cádiz,Jimera de Líbar,36.633804,-5.295465,2026-08-28
NGA-00957,geografia,toponimo,Arroyo de los Juncales,"Arroyo de los Juncales (Curso Fluvial) en Algodonales. WGS84: 36.91299, -5.441318.",IECA — Nomenclátor Geográfico de Andalucía (WFS app:Entidad),https://www.ideandalucia.es/wfs-nga/services,alta,Cádiz,Algodonales,36.91299,-5.441318,2026-08-28
NGA-00958,geografia,toponimo,Arroyo de los Lirios,"Arroyo de los Lirios (Curso Fluvial) en Alcalá de los Gazules. WGS84: 36.395377, -5.757333.",IECA — Nomenclátor Geográfico de Andalucía (WFS app:Entidad),https://www.ideandalucia.es/wfs-nga/services,alta,Cádiz,Alcalá de los Gazules,36.395377,-5.757333,2026-08-28
NGA-00959,geografia,toponimo,Arroyo de los Llanos de San Andrés,"Arroyo de los Llanos de San Andrés (Curso Fluvial) en Arcos de la Frontera. WGS84: 36.804799, -5.793166.",IECA — Nomenclátor Geográfico de Andalucía (WFS app:Entidad),https://www.ideandalucia.es/wfs-nga/services,alta,Cádiz,Arcos de la Frontera,36.804799,-5.793166,2026-08-28
NGA-00960,geografia,toponimo,Arroyo de los Lobos,"Arroyo de los Lobos (Curso Fluvial) en Benarrabá. WGS84: 36.525903, -5.27949.",IECA — Nomenclátor Geográfico de Andalucía (WFS app:Entidad),https://www.ideandalucia.es/wfs-nga/services,alta,Cádiz,Benarrabá,36.525903,-5.27949,2026-08-28
NGA-00961,geografia,toponimo,Arroyo de los Lobos,"Arroyo de los Lobos (Curso Fluvial) en Parauta. WGS84: 36.659206, -5.102222.",IECA — Nomenclátor Geográfico de Andalucía (WFS app:Entidad),https://www.ideandalucia.es/wfs-nga/services,alta,Cádiz,Parauta,36.659206,-5.102222,2026-08-28
NGA-00962,geografia,toponimo,Arroyo de los Majadales,"Arroyo de los Majadales (Curso Fluvial) en Chipiona. WGS84: 36.702272, -6.403084.",IECA — Nomenclátor Geográfico de Andalucía (WFS app:Entidad),https://www.ideandalucia.es/wfs-nga/services,alta,Cádiz,Chipiona,36.702272,-6.403084,2026-08-28
NGA-00963,geografia,toponimo,Arroyo de los Majadales,"Arroyo de los Majadales (Curso Fluvial) en Medina Sidonia. WGS84: 36.406664, -6.014728.",IECA — Nomenclátor Geográfico de Andalucía (WFS app:Entidad),https://www.ideandalucia.es/wfs-nga/services,alta,Cádiz,Medina Sidonia,36.406664,-6.014728,2026-08-28
NGA-00964,geografia,toponimo,Arroyo de los Mimbres,"Arroyo de los Mimbres (Curso Fluvial) en Jerez de la Frontera. WGS84: 36.687674, -5.965206.",IECA — Nomenclátor Geográfico de Andalucía (WFS app:Entidad),https://www.ideandalucia.es/wfs-nga/services,alta,Cádiz,Jerez de la Frontera,36.687674,-5.965206,2026-08-28
NGA-00965,geografia,toponimo,Arroyo de los Moleros,"Arroyo de los Moleros (Curso Fluvial) en Jimena de la Frontera. WGS84: 36.398463, -5.451031.",IECA — Nomenclátor Geográfico de Andalucía (WFS app:Entidad),https://www.ideandalucia.es/wfs-nga/services,alta,Cádiz,Jimena de la Frontera,36.398463,-5.451031,2026-08-28
NGA-00966,geografia,toponimo,Arroyo de los Molinos,"Arroyo de los Molinos (Curso Fluvial) en Tarifa. WGS84: 36.078641, -5.622209.",IECA — Nomenclátor Geográfico de Andalucía (WFS app:Entidad),https://www.ideandalucia.es/wfs-nga/services,alta,Cádiz,Tarifa,36.078641,-5.622209,2026-08-28
NGA-00967,geografia,toponimo,Arroyo de los Molinos,"Arroyo de los Molinos (Curso Fluvial) en Casares. WGS84: 36.405865, -5.264485.",IECA — Nomenclátor Geográfico de Andalucía (WFS app:Entidad),https://www.ideandalucia.es/wfs-nga/services,alta,Cádiz,Casares,36.405865,-5.264485,2026-08-28
NGA-00968,geografia,toponimo,Arroyo de los Monteros,"Arroyo de los Monteros (Curso Fluvial) en San José del Valle. WGS84: 36.586434, -5.823145.",IECA — Nomenclátor Geográfico de Andalucía (WFS app:Entidad),https://www.ideandalucia.es/wfs-nga/services,alta,Cádiz,San José del Valle,36.586434,-5.823145,2026-08-28
NGA-00969,geografia,toponimo,Arroyo de los Monteses,"Arroyo de los Monteses (Curso Fluvial) en Castellar de la Frontera. WGS84: 36.349575, -5.512088.",IECA — Nomenclátor Geográfico de Andalucía (WFS app:Entidad),https://www.ideandalucia.es/wfs-nga/services,alta,Cádiz,Castellar de la Frontera,36.349575,-5.512088,2026-08-28
NGA-00970,geografia,toponimo,Arroyo de los Morales,"Arroyo de los Morales (Curso Fluvial) en Jerez de la Frontera. WGS84: 36.6622, -6.05447.",IECA — Nomenclátor Geográfico de Andalucía (WFS app:Entidad),https://www.ideandalucia.es/wfs-nga/services,alta,Cádiz,Jerez de la Frontera,36.6622,-6.05447,2026-08-28
NGA-00971,geografia,toponimo,Arroyo de los Morales,"Arroyo de los Morales (Curso Fluvial) en Tarifa. WGS84: 36.080269, -5.699125.",IECA — Nomenclátor Geográfico de Andalucía (WFS app:Entidad),https://www.ideandalucia.es/wfs-nga/services,alta,Cádiz,Tarifa,36.080269,-5.699125,2026-08-28
NGA-00972,geografia,toponimo,Arroyo de los Murciélagos,"Arroyo de los Murciélagos (Curso Fluvial) en Igualeja. WGS84: 36.635778, -5.111335.",IECA — Nomenclátor Geográfico de Andalucía (WFS app:Entidad),https://www.ideandalucia.es/wfs-nga/services,alta,Cádiz,Igualeja,36.635778,-5.111335,2026-08-28
NGA-00973,geografia,toponimo,Arroyo de los Nortes,"Arroyo de los Nortes (Curso Fluvial) en Arcos de la Frontera. WGS84: 36.708295, -5.906822.",IECA — Nomenclátor Geográfico de Andalucía (WFS app:Entidad),https://www.ideandalucia.es/wfs-nga/services,alta,Cádiz,Arcos de la Frontera,36.708295,-5.906822,2026-08-28
NGA-00974,geografia,toponimo,Arroyo de los Palacios,"Arroyo de los Palacios (Curso Fluvial) en Casares. WGS84: 36.411954, -5.323992.",IECA — Nomenclátor Geográfico de Andalucía (WFS app:Entidad),https://www.ideandalucia.es/wfs-nga/services,alta,Cádiz,Casares,36.411954,-5.323992,2026-08-28
NGA-00975,geografia,toponimo,Arroyo de los Pañeros,"Arroyo de los Pañeros (Curso Fluvial) en El Gastor. WGS84: 36.853388, -5.369772.",IECA — Nomenclátor Geográfico de Andalucía (WFS app:Entidad),https://www.ideandalucia.es/wfs-nga/services,alta,Cádiz,El Gastor,36.853388,-5.369772,2026-08-28
NGA-00976,geografia,toponimo,Arroyo de los Pilos,"Arroyo de los Pilos (Curso Fluvial) en Algámitas. WGS84: 37.020957, -5.1273.",IECA — Nomenclátor Geográfico de Andalucía (WFS app:Entidad),https://www.ideandalucia.es/wfs-nga/services,alta,Cádiz,Algámitas,37.020957,-5.1273,2026-08-28
NGA-00977,geografia,toponimo,Arroyo de los Poyales,"Arroyo de los Poyales (Curso Fluvial) en Alcalá de los Gazules. WGS84: 36.376119, -5.720833.",IECA — Nomenclátor Geográfico de Andalucía (WFS app:Entidad),https://www.ideandalucia.es/wfs-nga/services,alta,Cádiz,Alcalá de los Gazules,36.376119,-5.720833,2026-08-28
NGA-00978,geografia,toponimo,Arroyo de los Puercos,"Arroyo de los Puercos (Curso Fluvial) en Espera. WGS84: 36.864977, -5.817817.",IECA — Nomenclátor Geográfico de Andalucía (WFS app:Entidad),https://www.ideandalucia.es/wfs-nga/services,alta,Cádiz,Espera,36.864977,-5.817817,2026-08-28
NGA-00979,geografia,toponimo,Arroyo de los Puercos,"Arroyo de los Puercos (Curso Fluvial) en Tarifa. WGS84: 36.070803, -5.720728.",IECA — Nomenclátor Geográfico de Andalucía (WFS app:Entidad),https://www.ideandalucia.es/wfs-nga/services,alta,Cádiz,Tarifa,36.070803,-5.720728,2026-08-28
NGA-00980,geografia,toponimo,Arroyo de los Puerros,"Arroyo de los Puerros (Curso Fluvial) en Benalauría. WGS84: 36.567006, -5.352745.",IECA — Nomenclátor Geográfico de Andalucía (WFS app:Entidad),https://www.ideandalucia.es/wfs-nga/services,alta,Cádiz,Benalauría,36.567006,-5.352745,2026-08-28
NGA-00981,geografia,toponimo,Arroyo de los Sandaliales,"Arroyo de los Sandaliales (Curso Fluvial) en Montellano. WGS84: 36.981139, -5.484944.",IECA — Nomenclátor Geográfico de Andalucía (WFS app:Entidad),https://www.ideandalucia.es/wfs-nga/services,alta,Cádiz,Montellano,36.981139,-5.484944,2026-08-28
NGA-00982,geografia,toponimo,Arroyo de los Santos,"Arroyo de los Santos (Curso Fluvial) en Medina Sidonia. WGS84: 36.442056, -5.946228.",IECA — Nomenclátor Geográfico de Andalucía (WFS app:Entidad),https://www.ideandalucia.es/wfs-nga/services,alta,Cádiz,Medina Sidonia,36.442056,-5.946228,2026-08-28
NGA-00983,geografia,toponimo,Arroyo de los Servas,"Arroyo de los Servas (Curso Fluvial) en Estepona. WGS84: 36.49921, -5.134638.",IECA — Nomenclátor Geográfico de Andalucía (WFS app:Entidad),https://www.ideandalucia.es/wfs-nga/services,alta,Cádiz,Estepona,36.49921,-5.134638,2026-08-28
NGA-00984,geografia,toponimo,Arroyo de los Sestilles,"Arroyo de los Sestilles (Curso Fluvial) en Utrera. WGS84: 36.974441, -5.619659.",IECA — Nomenclátor Geográfico de Andalucía (WFS app:Entidad),https://www.ideandalucia.es/wfs-nga/services,alta,Cádiz,Utrera,36.974441,-5.619659,2026-08-28
NGA-00985,geografia,toponimo,Arroyo de los Sumideros,"Arroyo de los Sumideros (Curso Fluvial) en Espera. WGS84: 36.882214, -5.867189.",IECA — Nomenclátor Geográfico de Andalucía (WFS app:Entidad),https://www.ideandalucia.es/wfs-nga/services,alta,Cádiz,Espera,36.882214,-5.867189,2026-08-28
NGA-00986,geografia,toponimo,Arroyo de los Toscos,"Arroyo de los Toscos (Curso Fluvial) en Algodonales. WGS84: 36.909655, -5.460213.",IECA — Nomenclátor Geográfico de Andalucía (WFS app:Entidad),https://www.ideandalucia.es/wfs-nga/services,alta,Cádiz,Algodonales,36.909655,-5.460213,2026-08-28
NGA-00987,geografia,toponimo,Arroyo de los Términos,"Arroyo de los Términos (Curso Fluvial) en Ronda. WGS84: 36.837464, -5.199768.",IECA — Nomenclátor Geográfico de Andalucía (WFS app:Entidad),https://www.ideandalucia.es/wfs-nga/services,alta,Cádiz,Ronda,36.837464,-5.199768,2026-08-28
NGA-00988,geografia,toponimo,Arroyo de los Álamos,"Arroyo de los Álamos (Curso Fluvial) en Jerez de la Frontera. WGS84: 36.682709, -5.986379.",IECA — Nomenclátor Geográfico de Andalucía (WFS app:Entidad),https://www.ideandalucia.es/wfs-nga/services,alta,Cádiz,Jerez de la Frontera,36.682709,-5.986379,2026-08-28
NGA-00989,geografia,toponimo,Arroyo de los Álamos,"Arroyo de los Álamos (Curso Fluvial) en Villaluenga del Rosario. WGS84: 36.69078, -5.339968.",IECA — Nomenclátor Geográfico de Andalucía (WFS app:Entidad),https://www.ideandalucia.es/wfs-nga/services,alta,Cádiz,Villaluenga del Rosario,36.69078,-5.339968,2026-08-28
NGA-00990,geografia,toponimo,Arroyo de los Álamos,"Arroyo de los Álamos (Curso Fluvial) en Castellar de la Frontera. WGS84: 36.334075, -5.401079.",IECA — Nomenclátor Geográfico de Andalucía (WFS app:Entidad),https://www.ideandalucia.es/wfs-nga/services,alta,Cádiz,Castellar de la Frontera,36.334075,-5.401079,2026-08-28
NGA-00991,geografia,toponimo,Arroyo del Abrevadera,"Arroyo del Abrevadera (Curso Fluvial) en Genalguacil. WGS84: 36.541629, -5.223215.",IECA — Nomenclátor Geográfico de Andalucía (WFS app:Entidad),https://www.ideandalucia.es/wfs-nga/services,alta,Cádiz,Genalguacil,36.541629,-5.223215,2026-08-28
NGA-00992,geografia,toponimo,Arroyo del Abrevadero,"Arroyo del Abrevadero (Curso Fluvial) en Gaucín. WGS84: 36.50484, -5.372934.",IECA — Nomenclátor Geográfico de Andalucía (WFS app:Entidad),https://www.ideandalucia.es/wfs-nga/services,alta,Cádiz,Gaucín,36.50484,-5.372934,2026-08-28
NGA-00993,geografia,toponimo,Arroyo del Abrón,"Arroyo del Abrón (Curso Fluvial) en Estepona. WGS84: 36.491254, -5.172854.",IECA — Nomenclátor Geográfico de Andalucía (WFS app:Entidad),https://www.ideandalucia.es/wfs-nga/services,alta,Cádiz,Estepona,36.491254,-5.172854,2026-08-28
NGA-00994,geografia,toponimo,Arroyo del Acebuchal,"Arroyo del Acebuchal (Curso Fluvial) en Tarifa. WGS84: 36.143295, -5.802815.",IECA — Nomenclátor Geográfico de Andalucía (WFS app:Entidad),https://www.ideandalucia.es/wfs-nga/services,alta,Cádiz,Tarifa,36.143295,-5.802815,2026-08-28
NGA-00995,geografia,toponimo,Arroyo del Acebuche,"Arroyo del Acebuche (Curso Fluvial) en Jerez de la Frontera. WGS84: 36.696113, -5.972588.",IECA — Nomenclátor Geográfico de Andalucía (WFS app:Entidad),https://www.ideandalucia.es/wfs-nga/services,alta,Cádiz,Jerez de la Frontera,36.696113,-5.972588,2026-08-28
NGA-00996,geografia,toponimo,Arroyo del Acebucho,"Arroyo del Acebucho (Curso Fluvial) en Algodonales. WGS84: 36.858341, -5.49615.",IECA — Nomenclátor Geográfico de Andalucía (WFS app:Entidad),https://www.ideandalucia.es/wfs-nga/services,alta,Cádiz,Algodonales,36.858341,-5.49615,2026-08-28
NGA-00997,geografia,toponimo,Arroyo del Agua,"Arroyo del Agua (Curso Fluvial) en Gaucín. WGS84: 36.481502, -5.341289.",IECA — Nomenclátor Geográfico de Andalucía (WFS app:Entidad),https://www.ideandalucia.es/wfs-nga/services,alta,Cádiz,Gaucín,36.481502,-5.341289,2026-08-28
NGA-00998,geografia,toponimo,Arroyo del Alamillo,"Arroyo del Alamillo (Curso Fluvial) en Algodonales. WGS84: 36.877534, -5.348839.",IECA — Nomenclátor Geográfico de Andalucía (WFS app:Entidad),https://www.ideandalucia.es/wfs-nga/services,alta,Cádiz,Algodonales,36.877534,-5.348839,2026-08-28
NGA-00999,geografia,toponimo,Arroyo del Alcornocalejo,"Arroyo del Alcornocalejo (Curso Fluvial) en San José del Valle. WGS84: 36.654024, -5.806411.",IECA — Nomenclátor Geográfico de Andalucía (WFS app:Entidad),https://www.ideandalucia.es/wfs-nga/services,alta,Cádiz,San José del Valle,36.654024,-5.806411,2026-08-28
NGA-01000,geografia,toponimo,Arroyo del Alcornocalejo,"Arroyo del Alcornocalejo (Curso Fluvial) en Ubrique. WGS84: 36.642486, -5.399126.",IECA — Nomenclátor Geográfico de Andalucía (WFS app:Entidad),https://www.ideandalucia.es/wfs-nga/services,alta,Cádiz,Ubrique,36.642486,-5.399126,2026-08-28
NGA-01001,geografia,toponimo,Arroyo del Alebuche,"Arroyo del Alebuche (Curso Fluvial) en Gaucín. WGS84: 36.503658, -5.362796.",IECA — Nomenclátor Geográfico de Andalucía (WFS app:Entidad),https://www.ideandalucia.es/wfs-nga/services,alta,Cádiz,Gaucín,36.503658,-5.362796,2026-08-28
NGA-01002,geografia,toponimo,Arroyo del Algarabejo,"Arroyo del Algarabejo (Curso Fluvial) en Arcos de la Frontera. WGS84: 36.806149, -5.833552.",IECA — Nomenclátor Geográfico de Andalucía (WFS app:Entidad),https://www.ideandalucia.es/wfs-nga/services,alta,Cádiz,Arcos de la Frontera,36.806149,-5.833552,2026-08-28
NGA-01003,geografia,toponimo,Arroyo del Algoma,"Arroyo del Algoma (Curso Fluvial) en Parauta. WGS84: 36.648506, -5.136912.",IECA — Nomenclátor Geográfico de Andalucía (WFS app:Entidad),https://www.ideandalucia.es/wfs-nga/services,alta,Cádiz,Parauta,36.648506,-5.136912,2026-08-28
NGA-01004,geografia,toponimo,Arroyo del Alijar,"Arroyo del Alijar (Curso Fluvial) en Jerez de la Frontera. WGS84: 36.735698, -6.258296.",IECA — Nomenclátor Geográfico de Andalucía (WFS app:Entidad),https://www.ideandalucia.es/wfs-nga/services,alta,Cádiz,Jerez de la Frontera,36.735698,-6.258296,2026-08-28
NGA-01005,geografia,toponimo,Arroyo del Alisoso,"Arroyo del Alisoso (Curso Fluvial) en Medina Sidonia. WGS84: 36.296793, -5.709583.",IECA — Nomenclátor Geográfico de Andalucía (WFS app:Entidad),https://www.ideandalucia.es/wfs-nga/services,alta,Cádiz,Medina Sidonia,36.296793,-5.709583,2026-08-28
NGA-01006,geografia,toponimo,Arroyo del Almendro,"Arroyo del Almendro (Curso Fluvial) en San Martín del Tesorillo. WGS84: 36.392965, -5.347864.",IECA — Nomenclátor Geográfico de Andalucía (WFS app:Entidad),https://www.ideandalucia.es/wfs-nga/services,alta,Cádiz,San Martín del Tesorillo,36.392965,-5.347864,2026-08-28
NGA-01007,geografia,toponimo,Arroyo del Alquilón,"Arroyo del Alquilón (Curso Fluvial) en San José del Valle. WGS84: 36.561295, -5.859827.",IECA — Nomenclátor Geográfico de Andalucía (WFS app:Entidad),https://www.ideandalucia.es/wfs-nga/services,alta,Cádiz,San José del Valle,36.561295,-5.859827,2026-08-28
NGA-01008,geografia,toponimo,Arroyo del Amarguilla,"Arroyo del Amarguilla (Curso Fluvial) en El Bosque. WGS84: 36.784499, -5.509565.",IECA — Nomenclátor Geográfico de Andalucía (WFS app:Entidad),https://www.ideandalucia.es/wfs-nga/services,alta,Cádiz,El Bosque,36.784499,-5.509565,2026-08-28
NGA-01009,geografia,toponimo,Arroyo del Amarguillo,"Arroyo del Amarguillo (Curso Fluvial) en Arcos de la Frontera. WGS84: 36.70644, -5.903549.",IECA — Nomenclátor Geográfico de Andalucía (WFS app:Entidad),https://www.ideandalucia.es/wfs-nga/services,alta,Cádiz,Arcos de la Frontera,36.70644,-5.903549,2026-08-28
NGA-01010,geografia,toponimo,Arroyo del Amarguillo,"Arroyo del Amarguillo (Curso Fluvial) en Jerez de la Frontera. WGS84: 36.536722, -5.867165.",IECA — Nomenclátor Geográfico de Andalucía (WFS app:Entidad),https://www.ideandalucia.es/wfs-nga/services,alta,Cádiz,Jerez de la Frontera,36.536722,-5.867165,2026-08-28
NGA-01011,geografia,toponimo,Arroyo del Antón,"Arroyo del Antón (Curso Fluvial) en Estepona. WGS84: 36.453843, -5.087107.",IECA — Nomenclátor Geográfico de Andalucía (WFS app:Entidad),https://www.ideandalucia.es/wfs-nga/services,alta,Cádiz,Estepona,36.453843,-5.087107,2026-08-28
NGA-01012,geografia,toponimo,Arroyo del Arenoso,"Arroyo del Arenoso (Curso Fluvial) en Medina Sidonia. WGS84: 36.471757, -5.817626.",IECA — Nomenclátor Geográfico de Andalucía (WFS app:Entidad),https://www.ideandalucia.es/wfs-nga/services,alta,Cádiz,Medina Sidonia,36.471757,-5.817626,2026-08-28
NGA-01013,geografia,toponimo,Arroyo del Arrecife,"Arroyo del Arrecife (Curso Fluvial) en Las Cabezas de San Juan. WGS84: 36.960012, -5.891671.",IECA — Nomenclátor Geográfico de Andalucía (WFS app:Entidad),https://www.ideandalucia.es/wfs-nga/services,alta,Cádiz,Las Cabezas de San Juan,36.960012,-5.891671,2026-08-28
NGA-01014,geografia,toponimo,Arroyo del Arrequeque,"Arroyo del Arrequeque (Curso Fluvial) en Gaucín. WGS84: 36.499768, -5.296933.",IECA — Nomenclátor Geográfico de Andalucía (WFS app:Entidad),https://www.ideandalucia.es/wfs-nga/services,alta,Cádiz,Gaucín,36.499768,-5.296933,2026-08-28
NGA-01015,geografia,toponimo,Arroyo del Asperón,"Arroyo del Asperón (Curso Fluvial) en Alcalá de los Gazules. WGS84: 36.4381, -5.780137.",IECA — Nomenclátor Geográfico de Andalucía (WFS app:Entidad),https://www.ideandalucia.es/wfs-nga/services,alta,Cádiz,Alcalá de los Gazules,36.4381,-5.780137,2026-08-28
NGA-01016,geografia,toponimo,Arroyo del Astillero,"Arroyo del Astillero (Curso Fluvial) en Jerez de la Frontera. WGS84: 36.642623, -5.566808.",IECA — Nomenclátor Geográfico de Andalucía (WFS app:Entidad),https://www.ideandalucia.es/wfs-nga/services,alta,Cádiz,Jerez de la Frontera,36.642623,-5.566808,2026-08-28
NGA-01017,geografia,toponimo,Arroyo del Azicar,"Arroyo del Azicar (Curso Fluvial) en Tarifa. WGS84: 36.203685, -5.70565.",IECA — Nomenclátor Geográfico de Andalucía (WFS app:Entidad),https://www.ideandalucia.es/wfs-nga/services,alta,Cádiz,Tarifa,36.203685,-5.70565,2026-08-28
NGA-01018,geografia,toponimo,Arroyo del Azúcar,"Arroyo del Azúcar (Curso Fluvial) en Medina Sidonia. WGS84: 36.483214, -5.909411.",IECA — Nomenclátor Geográfico de Andalucía (WFS app:Entidad),https://www.ideandalucia.es/wfs-nga/services,alta,Cádiz,Medina Sidonia,36.483214,-5.909411,2026-08-28
NGA-01019,geografia,toponimo,Arroyo del Barbero,"Arroyo del Barbero (Curso Fluvial) en Barbate. WGS84: 36.195214, -5.865667.",IECA — Nomenclátor Geográfico de Andalucía (WFS app:Entidad),https://www.ideandalucia.es/wfs-nga/services,alta,Cádiz,Barbate,36.195214,-5.865667,2026-08-28
NGA-01020,geografia,toponimo,Arroyo del Barco,"Arroyo del Barco (Curso Fluvial) en Jubrique. WGS84: 36.569093, -5.226079.",IECA — Nomenclátor Geográfico de Andalucía (WFS app:Entidad),https://www.ideandalucia.es/wfs-nga/services,alta,Cádiz,Jubrique,36.569093,-5.226079,2026-08-28
NGA-01021,geografia,toponimo,Arroyo del Batán,"Arroyo del Batán (Curso Fluvial) en Algodonales. WGS84: 36.870266, -5.409278.",IECA — Nomenclátor Geográfico de Andalucía (WFS app:Entidad),https://www.ideandalucia.es/wfs-nga/services,alta,Cádiz,Algodonales,36.870266,-5.409278,2026-08-28
NGA-01022,geografia,toponimo,Arroyo del Boquino,"Arroyo del Boquino (Curso Fluvial) en Algodonales. WGS84: 36.911352, -5.452673.",IECA — Nomenclátor Geográfico de Andalucía (WFS app:Entidad),https://www.ideandalucia.es/wfs-nga/services,alta,Cádiz,Algodonales,36.911352,-5.452673,2026-08-28
NGA-01023,geografia,toponimo,Arroyo del Brecial,"Arroyo del Brecial (Curso Fluvial) en Medina Sidonia. WGS84: 36.456295, -5.835275.",IECA — Nomenclátor Geográfico de Andalucía (WFS app:Entidad),https://www.ideandalucia.es/wfs-nga/services,alta,Cádiz,Medina Sidonia,36.456295,-5.835275,2026-08-28
NGA-01024,geografia,toponimo,Arroyo del Bujeo,"Arroyo del Bujeo (Curso Fluvial) en Tarifa. WGS84: 36.070259, -5.522018.",IECA — Nomenclátor Geográfico de Andalucía (WFS app:Entidad),https://www.ideandalucia.es/wfs-nga/services,alta,Cádiz,Tarifa,36.070259,-5.522018,2026-08-28
NGA-01025,geografia,toponimo,Arroyo del Caballo,"Arroyo del Caballo (Curso Fluvial) en Las Cabezas de San Juan. WGS84: 36.985822, -5.897212.",IECA — Nomenclátor Geográfico de Andalucía (WFS app:Entidad),https://www.ideandalucia.es/wfs-nga/services,alta,Cádiz,Las Cabezas de San Juan,36.985822,-5.897212,2026-08-28
NGA-01026,geografia,toponimo,Arroyo del Caballo,"Arroyo del Caballo (Curso Fluvial) en San José del Valle. WGS84: 36.619611, -5.649624.",IECA — Nomenclátor Geográfico de Andalucía (WFS app:Entidad),https://www.ideandalucia.es/wfs-nga/services,alta,Cádiz,San José del Valle,36.619611,-5.649624,2026-08-28
NGA-01027,geografia,toponimo,Arroyo del Calderín,"Arroyo del Calderín (Curso Fluvial) en Jerez de la Frontera. WGS84: 36.678081, -6.200193.",IECA — Nomenclátor Geográfico de Andalucía (WFS app:Entidad),https://www.ideandalucia.es/wfs-nga/services,alta,Cádiz,Jerez de la Frontera,36.678081,-6.200193,2026-08-28
NGA-01028,geografia,toponimo,Arroyo del Cambuco,"Arroyo del Cambuco (Curso Fluvial) en Gaucín. WGS84: 36.470168, -5.339717.",IECA — Nomenclátor Geográfico de Andalucía (WFS app:Entidad),https://www.ideandalucia.es/wfs-nga/services,alta,Cádiz,Gaucín,36.470168,-5.339717,2026-08-28
NGA-01029,geografia,toponimo,Arroyo del Campamento,"Arroyo del Campamento (Curso Fluvial) en Conil de la Frontera. WGS84: 36.298766, -6.130813.",IECA — Nomenclátor Geográfico de Andalucía (WFS app:Entidad),https://www.ideandalucia.es/wfs-nga/services,alta,Cádiz,Conil de la Frontera,36.298766,-6.130813,2026-08-28
NGA-01030,geografia,toponimo,Arroyo del Campanario de las Pilas,"Arroyo del Campanario de las Pilas (Curso Fluvial) en Medina Sidonia. WGS84: 36.43783, -5.87112.",IECA — Nomenclátor Geográfico de Andalucía (WFS app:Entidad),https://www.ideandalucia.es/wfs-nga/services,alta,Cádiz,Medina Sidonia,36.43783,-5.87112,2026-08-28
NGA-01031,geografia,toponimo,Arroyo del Campillo,"Arroyo del Campillo (Curso Fluvial) en El Puerto de Santa María. WGS84: 36.656169, -6.284648.",IECA — Nomenclátor Geográfico de Andalucía (WFS app:Entidad),https://www.ideandalucia.es/wfs-nga/services,alta,Cádiz,El Puerto de Santa María,36.656169,-6.284648,2026-08-28
NGA-01032,geografia,toponimo,Arroyo del Cancho del Torero,"Arroyo del Cancho del Torero (Curso Fluvial) en Los Barrios. WGS84: 36.22855, -5.665103.",IECA — Nomenclátor Geográfico de Andalucía (WFS app:Entidad),https://www.ideandalucia.es/wfs-nga/services,alta,Cádiz,Los Barrios,36.22855,-5.665103,2026-08-28
NGA-01033,geografia,toponimo,Arroyo del Cancho los Cuernos,"Arroyo del Cancho los Cuernos (Curso Fluvial) en Los Barrios. WGS84: 36.286541, -5.616659.",IECA — Nomenclátor Geográfico de Andalucía (WFS app:Entidad),https://www.ideandalucia.es/wfs-nga/services,alta,Cádiz,Los Barrios,36.286541,-5.616659,2026-08-28
NGA-01034,geografia,toponimo,Arroyo del Canchón de Concho,"Arroyo del Canchón de Concho (Curso Fluvial) en Barbate. WGS84: 36.16375, -5.874667.",IECA — Nomenclátor Geográfico de Andalucía (WFS app:Entidad),https://www.ideandalucia.es/wfs-nga/services,alta,Cádiz,Barbate,36.16375,-5.874667,2026-08-28
NGA-01035,geografia,toponimo,Arroyo del Candalar,"Arroyo del Candalar (Curso Fluvial) en Tarifa. WGS84: 36.131334, -5.827361.",IECA — Nomenclátor Geográfico de Andalucía (WFS app:Entidad),https://www.ideandalucia.es/wfs-nga/services,alta,Cádiz,Tarifa,36.131334,-5.827361,2026-08-28
NGA-01036,geografia,toponimo,Arroyo del Candio,"Arroyo del Candio (Curso Fluvial) en Manilva. WGS84: 36.35843, -5.285325.",IECA — Nomenclátor Geográfico de Andalucía (WFS app:Entidad),https://www.ideandalucia.es/wfs-nga/services,alta,Cádiz,Manilva,36.35843,-5.285325,2026-08-28
NGA-01037,geografia,toponimo,Arroyo del Canuto,"Arroyo del Canuto (Curso Fluvial) en Alpandeire. WGS84: 36.653225, -5.228912.",IECA — Nomenclátor Geográfico de Andalucía (WFS app:Entidad),https://www.ideandalucia.es/wfs-nga/services,alta,Cádiz,Alpandeire,36.653225,-5.228912,2026-08-28
NGA-01038,geografia,toponimo,Arroyo del Carpio,"Arroyo del Carpio (Curso Fluvial) en Benalup-Casas Viejas. WGS84: 36.317908, -5.731918.",IECA — Nomenclátor Geográfico de Andalucía (WFS app:Entidad),https://www.ideandalucia.es/wfs-nga/services,alta,Cádiz,Benalup-Casas Viejas,36.317908,-5.731918,2026-08-28
NGA-01039,geografia,toponimo,Arroyo del Carrizoso,"Arroyo del Carrizoso (Curso Fluvial) en Alcalá de los Gazules. WGS84: 36.436985, -5.670779.",IECA — Nomenclátor Geográfico de Andalucía (WFS app:Entidad),https://www.ideandalucia.es/wfs-nga/services,alta,Cádiz,Alcalá de los Gazules,36.436985,-5.670779,2026-08-28
NGA-01040,geografia,toponimo,Arroyo del Castaño,"Arroyo del Castaño (Curso Fluvial) en Puerto Real. WGS84: 36.561377, -6.105806.",IECA — Nomenclátor Geográfico de Andalucía (WFS app:Entidad),https://www.ideandalucia.es/wfs-nga/services,alta,Cádiz,Puerto Real,36.561377,-6.105806,2026-08-28
NGA-01041,geografia,toponimo,Arroyo del Castaño,"Arroyo del Castaño (Curso Fluvial) en Los Barrios. WGS84: 36.310968, -5.602264.",IECA — Nomenclátor Geográfico de Andalucía (WFS app:Entidad),https://www.ideandalucia.es/wfs-nga/services,alta,Cádiz,Los Barrios,36.310968,-5.602264,2026-08-28
NGA-01042,geografia,toponimo,Arroyo del Castor,"Arroyo del Castor (Curso Fluvial) en Estepona. WGS84: 36.508704, -5.142126.",IECA — Nomenclátor Geográfico de Andalucía (WFS app:Entidad),https://www.ideandalucia.es/wfs-nga/services,alta,Cádiz,Estepona,36.508704,-5.142126,2026-08-28
NGA-01043,geografia,toponimo,Arroyo del Catalán,"Arroyo del Catalán (Curso Fluvial) en Jerez de la Frontera. WGS84: 36.780269, -6.167462.",IECA — Nomenclátor Geográfico de Andalucía (WFS app:Entidad),https://www.ideandalucia.es/wfs-nga/services,alta,Cádiz,Jerez de la Frontera,36.780269,-6.167462,2026-08-28
NGA-01044,geografia,toponimo,Arroyo del Cañaveral,"Arroyo del Cañaveral (Curso Fluvial) en Arcos de la Frontera. WGS84: 36.767775, -5.742646.",IECA — Nomenclátor Geográfico de Andalucía (WFS app:Entidad),https://www.ideandalucia.es/wfs-nga/services,alta,Cádiz,Arcos de la Frontera,36.767775,-5.742646,2026-08-28
NGA-01045,geografia,toponimo,Arroyo del Cañizo,"Arroyo del Cañizo (Curso Fluvial) en Alcalá de los Gazules. WGS84: 36.373076, -5.752813.",IECA — Nomenclátor Geográfico de Andalucía (WFS app:Entidad),https://www.ideandalucia.es/wfs-nga/services,alta,Cádiz,Alcalá de los Gazules,36.373076,-5.752813,2026-08-28
NGA-01046,geografia,toponimo,Arroyo del Cañuelo,"Arroyo del Cañuelo (Curso Fluvial) en Medina Sidonia. WGS84: 36.455571, -6.041563.",IECA — Nomenclátor Geográfico de Andalucía (WFS app:Entidad),https://www.ideandalucia.es/wfs-nga/services,alta,Cádiz,Medina Sidonia,36.455571,-6.041563,2026-08-28
NGA-01047,geografia,toponimo,Arroyo del Cañuelo,"Arroyo del Cañuelo (Curso Fluvial) en Utrera. WGS84: 36.982343, -5.616743.",IECA — Nomenclátor Geográfico de Andalucía (WFS app:Entidad),https://www.ideandalucia.es/wfs-nga/services,alta,Cádiz,Utrera,36.982343,-5.616743,2026-08-28
NGA-01048,geografia,toponimo,Arroyo del Cañuelo,"Arroyo del Cañuelo (Curso Fluvial) en Tarifa. WGS84: 36.091301, -5.796511.",IECA — Nomenclátor Geográfico de Andalucía (WFS app:Entidad),https://www.ideandalucia.es/wfs-nga/services,alta,Cádiz,Tarifa,36.091301,-5.796511,2026-08-28
NGA-01049,geografia,toponimo,Arroyo del Cañuelo,"Arroyo del Cañuelo (Curso Fluvial) en Algodonales. WGS84: 36.914539, -5.463071.",IECA — Nomenclátor Geográfico de Andalucía (WFS app:Entidad),https://www.ideandalucia.es/wfs-nga/services,alta,Cádiz,Algodonales,36.914539,-5.463071,2026-08-28
NGA-01050,geografia,toponimo,Arroyo del Cañuelo,"Arroyo del Cañuelo (Curso Fluvial) en Jimena de la Frontera. WGS84: 36.424823, -5.484541.",IECA — Nomenclátor Geográfico de Andalucía (WFS app:Entidad),https://www.ideandalucia.es/wfs-nga/services,alta,Cádiz,Jimena de la Frontera,36.424823,-5.484541,2026-08-28
NGA-01051,geografia,toponimo,Arroyo del Cebrillo,"Arroyo del Cebrillo (Curso Fluvial) en Los Barrios. WGS84: 36.25868, -5.535224.",IECA — Nomenclátor Geográfico de Andalucía (WFS app:Entidad),https://www.ideandalucia.es/wfs-nga/services,alta,Cádiz,Los Barrios,36.25868,-5.535224,2026-08-28
NGA-01052,geografia,toponimo,Arroyo del Cercado,"Arroyo del Cercado (Curso Fluvial) en Chiclana de la Frontera. WGS84: 36.45908, -6.138159.",IECA — Nomenclátor Geográfico de Andalucía (WFS app:Entidad),https://www.ideandalucia.es/wfs-nga/services,alta,Cádiz,Chiclana de la Frontera,36.45908,-6.138159,2026-08-28
NGA-01053,geografia,toponimo,Arroyo del Cermeño,"Arroyo del Cermeño (Curso Fluvial) en Alcalá de los Gazules. WGS84: 36.356516, -5.771644.",IECA — Nomenclátor Geográfico de Andalucía (WFS app:Entidad),https://www.ideandalucia.es/wfs-nga/services,alta,Cádiz,Alcalá de los Gazules,36.356516,-5.771644,2026-08-28
NGA-01054,geografia,toponimo,Arroyo del Cerro de las Yeguas,"Arroyo del Cerro de las Yeguas (Curso Fluvial) en Las Cabezas de San Juan. WGS84: 36.95177, -5.833245.",IECA — Nomenclátor Geográfico de Andalucía (WFS app:Entidad),https://www.ideandalucia.es/wfs-nga/services,alta,Cádiz,Las Cabezas de San Juan,36.95177,-5.833245,2026-08-28
NGA-01055,geografia,toponimo,Arroyo del Chaparral,"Arroyo del Chaparral (Curso Fluvial) en El Puerto de Santa María. WGS84: 36.675196, -6.29132.",IECA — Nomenclátor Geográfico de Andalucía (WFS app:Entidad),https://www.ideandalucia.es/wfs-nga/services,alta,Cádiz,El Puerto de Santa María,36.675196,-6.29132,2026-08-28
NGA-01056,geografia,toponimo,Arroyo del Charcón,"Arroyo del Charcón (Curso Fluvial) en Arcos de la Frontera. WGS84: 36.697066, -5.78783.",IECA — Nomenclátor Geográfico de Andalucía (WFS app:Entidad),https://www.ideandalucia.es/wfs-nga/services,alta,Cádiz,Arcos de la Frontera,36.697066,-5.78783,2026-08-28
NGA-01057,geografia,toponimo,Arroyo del Chato,"Arroyo del Chato (Curso Fluvial) en Jerez de la Frontera. WGS84: 36.683575, -5.968591.",IECA — Nomenclátor Geográfico de Andalucía (WFS app:Entidad),https://www.ideandalucia.es/wfs-nga/services,alta,Cádiz,Jerez de la Frontera,36.683575,-5.968591,2026-08-28
NGA-01058,geografia,toponimo,Arroyo del Chino,"Arroyo del Chino (Curso Fluvial) en San Roque. WGS84: 36.327512, -5.296833.",IECA — Nomenclátor Geográfico de Andalucía (WFS app:Entidad),https://www.ideandalucia.es/wfs-nga/services,alta,Cádiz,San Roque,36.327512,-5.296833,2026-08-28
NGA-01059,geografia,toponimo,Arroyo del Chivo,"Arroyo del Chivo (Curso Fluvial) en Jerez de la Frontera. WGS84: 36.761461, -5.985886.",IECA — Nomenclátor Geográfico de Andalucía (WFS app:Entidad),https://www.ideandalucia.es/wfs-nga/services,alta,Cádiz,Jerez de la Frontera,36.761461,-5.985886,2026-08-28
NGA-01060,geografia,toponimo,Arroyo del Chopo,"Arroyo del Chopo (Curso Fluvial) en Alcalá de los Gazules. WGS84: 36.534953, -5.809086.",IECA — Nomenclátor Geográfico de Andalucía (WFS app:Entidad),https://www.ideandalucia.es/wfs-nga/services,alta,Cádiz,Alcalá de los Gazules,36.534953,-5.809086,2026-08-28
NGA-01061,geografia,toponimo,Arroyo del Chorreadero,"Arroyo del Chorreadero (Curso Fluvial) en Algodonales. WGS84: 36.857135, -5.507751.",IECA — Nomenclátor Geográfico de Andalucía (WFS app:Entidad),https://www.ideandalucia.es/wfs-nga/services,alta,Cádiz,Algodonales,36.857135,-5.507751,2026-08-28
NGA-01062,geografia,toponimo,Arroyo del Chorrerón,"Arroyo del Chorrerón (Curso Fluvial) en Los Barrios. WGS84: 36.226525, -5.473573.",IECA — Nomenclátor Geográfico de Andalucía (WFS app:Entidad),https://www.ideandalucia.es/wfs-nga/services,alta,Cádiz,Los Barrios,36.226525,-5.473573,2026-08-28
NGA-01063,geografia,toponimo,Arroyo del Chorrito,"Arroyo del Chorrito (Curso Fluvial) en Jerez de la Frontera. WGS84: 36.552156, -5.782585.",IECA — Nomenclátor Geográfico de Andalucía (WFS app:Entidad),https://www.ideandalucia.es/wfs-nga/services,alta,Cádiz,Jerez de la Frontera,36.552156,-5.782585,2026-08-28
NGA-01064,geografia,toponimo,Arroyo del Colegial,"Arroyo del Colegial (Curso Fluvial) en San José del Valle. WGS84: 36.650548, -5.76887.",IECA — Nomenclátor Geográfico de Andalucía (WFS app:Entidad),https://www.ideandalucia.es/wfs-nga/services,alta,Cádiz,San José del Valle,36.650548,-5.76887,2026-08-28
NGA-01065,geografia,toponimo,Arroyo del Colmenar,"Arroyo del Colmenar (Curso Fluvial) en Cortes de la Frontera. WGS84: 36.539517, -5.389579.",IECA — Nomenclátor Geográfico de Andalucía (WFS app:Entidad),https://www.ideandalucia.es/wfs-nga/services,alta,Cádiz,Cortes de la Frontera,36.539517,-5.389579,2026-08-28
NGA-01066,geografia,toponimo,Arroyo del Colmenar,"Arroyo del Colmenar (Curso Fluvial) en San Roque. WGS84: 36.249597, -5.391076.",IECA — Nomenclátor Geográfico de Andalucía (WFS app:Entidad),https://www.ideandalucia.es/wfs-nga/services,alta,Cádiz,San Roque,36.249597,-5.391076,2026-08-28
NGA-01067,geografia,toponimo,Arroyo del Comisario,"Arroyo del Comisario (Curso Fluvial) en Puerto Real. WGS84: 36.509237, -6.029594.",IECA — Nomenclátor Geográfico de Andalucía (WFS app:Entidad),https://www.ideandalucia.es/wfs-nga/services,alta,Cádiz,Puerto Real,36.509237,-6.029594,2026-08-28
NGA-01068,geografia,toponimo,Arroyo del Conde,"Arroyo del Conde (Curso Fluvial) en Medina Sidonia. WGS84: 36.422572, -5.963432.",IECA — Nomenclátor Geográfico de Andalucía (WFS app:Entidad),https://www.ideandalucia.es/wfs-nga/services,alta,Cádiz,Medina Sidonia,36.422572,-5.963432,2026-08-28
NGA-01069,geografia,toponimo,Arroyo del Conejo,"Arroyo del Conejo (Curso Fluvial) en Tarifa. WGS84: 36.080911, -5.748761.",IECA — Nomenclátor Geográfico de Andalucía (WFS app:Entidad),https://www.ideandalucia.es/wfs-nga/services,alta,Cádiz,Tarifa,36.080911,-5.748761,2026-08-28
NGA-01070,geografia,toponimo,Arroyo del Confieso,"Arroyo del Confieso (Curso Fluvial) en Alcalá de los Gazules. WGS84: 36.534395, -5.661706.",IECA — Nomenclátor Geográfico de Andalucía (WFS app:Entidad),https://www.ideandalucia.es/wfs-nga/services,alta,Cádiz,Alcalá de los Gazules,36.534395,-5.661706,2026-08-28
NGA-01071,geografia,toponimo,Arroyo del Contador,"Arroyo del Contador (Curso Fluvial) en Puerto Real. WGS84: 36.495663, -6.032677.",IECA — Nomenclátor Geográfico de Andalucía (WFS app:Entidad),https://www.ideandalucia.es/wfs-nga/services,alta,Cádiz,Puerto Real,36.495663,-6.032677,2026-08-28
NGA-01072,geografia,toponimo,Arroyo del Convento,"Arroyo del Convento (Curso Fluvial) en Arcos de la Frontera. WGS84: 36.796464, -5.652114.",IECA — Nomenclátor Geográfico de Andalucía (WFS app:Entidad),https://www.ideandalucia.es/wfs-nga/services,alta,Cádiz,Arcos de la Frontera,36.796464,-5.652114,2026-08-28
NGA-01073,geografia,toponimo,Arroyo del Corchadillo,"Arroyo del Corchadillo (Curso Fluvial) en Castellar de la Frontera. WGS84: 36.356563, -5.474329.",IECA — Nomenclátor Geográfico de Andalucía (WFS app:Entidad),https://www.ideandalucia.es/wfs-nga/services,alta,Cádiz,Castellar de la Frontera,36.356563,-5.474329,2026-08-28
NGA-01074,geografia,toponimo,Arroyo del Corchuelo,"Arroyo del Corchuelo (Curso Fluvial) en Alcalá de los Gazules. WGS84: 36.433984, -5.720062.",IECA — Nomenclátor Geográfico de Andalucía (WFS app:Entidad),https://www.ideandalucia.es/wfs-nga/services,alta,Cádiz,Alcalá de los Gazules,36.433984,-5.720062,2026-08-28
NGA-01075,geografia,toponimo,Arroyo del Cotero,"Arroyo del Cotero (Curso Fluvial) en Jerez de la Frontera. WGS84: 36.811025, -5.980032.",IECA — Nomenclátor Geográfico de Andalucía (WFS app:Entidad),https://www.ideandalucia.es/wfs-nga/services,alta,Cádiz,Jerez de la Frontera,36.811025,-5.980032,2026-08-28
NGA-01076,geografia,toponimo,Arroyo del Coto,"Arroyo del Coto (Curso Fluvial) en Gaucín. WGS84: 36.506488, -5.295191.",IECA — Nomenclátor Geográfico de Andalucía (WFS app:Entidad),https://www.ideandalucia.es/wfs-nga/services,alta,Cádiz,Gaucín,36.506488,-5.295191,2026-08-28
NGA-01077,geografia,toponimo,Arroyo del Cuadrejón,"Arroyo del Cuadrejón (Curso Fluvial) en Jerez de la Frontera. WGS84: 36.781609, -6.016726.",IECA — Nomenclátor Geográfico de Andalucía (WFS app:Entidad),https://www.ideandalucia.es/wfs-nga/services,alta,Cádiz,Jerez de la Frontera,36.781609,-6.016726,2026-08-28
NGA-01078,geografia,toponimo,Arroyo del Cuadro,"Arroyo del Cuadro (Curso Fluvial) en Medina Sidonia. WGS84: 36.300171, -5.735091.",IECA — Nomenclátor Geográfico de Andalucía (WFS app:Entidad),https://www.ideandalucia.es/wfs-nga/services,alta,Cádiz,Medina Sidonia,36.300171,-5.735091,2026-08-28
NGA-01079,geografia,toponimo,Arroyo del Cuartillo,"Arroyo del Cuartillo (Curso Fluvial) en Arcos de la Frontera. WGS84: 36.792733, -5.902206.",IECA — Nomenclátor Geográfico de Andalucía (WFS app:Entidad),https://www.ideandalucia.es/wfs-nga/services,alta,Cádiz,Arcos de la Frontera,36.792733,-5.902206,2026-08-28
NGA-01080,geografia,toponimo,Arroyo del Cuco,"Arroyo del Cuco (Curso Fluvial) en Jerez de la Frontera. WGS84: 36.737828, -6.247296.",IECA — Nomenclátor Geográfico de Andalucía (WFS app:Entidad),https://www.ideandalucia.es/wfs-nga/services,alta,Cádiz,Jerez de la Frontera,36.737828,-6.247296,2026-08-28
NGA-01081,geografia,toponimo,Arroyo del Cuerno,"Arroyo del Cuerno (Curso Fluvial) en Jerez de la Frontera. WGS84: 36.600512, -5.877411.",IECA — Nomenclátor Geográfico de Andalucía (WFS app:Entidad),https://www.ideandalucia.es/wfs-nga/services,alta,Cádiz,Jerez de la Frontera,36.600512,-5.877411,2026-08-28
NGA-01082,geografia,toponimo,Arroyo del Culantrillo,"Arroyo del Culantrillo (Curso Fluvial) en Algeciras. WGS84: 36.062326, -5.490217.",IECA — Nomenclátor Geográfico de Andalucía (WFS app:Entidad),https://www.ideandalucia.es/wfs-nga/services,alta,Cádiz,Algeciras,36.062326,-5.490217,2026-08-28
NGA-01083,geografia,toponimo,Arroyo del Descansadero,"Arroyo del Descansadero (Curso Fluvial) en Grazalema. WGS84: 36.757147, -5.46371.",IECA — Nomenclátor Geográfico de Andalucía (WFS app:Entidad),https://www.ideandalucia.es/wfs-nga/services,alta,Cádiz,Grazalema,36.757147,-5.46371,2026-08-28
NGA-01084,geografia,toponimo,Arroyo del Donadío,"Arroyo del Donadío (Curso Fluvial) en Medina Sidonia. WGS84: 36.436377, -5.82755.",IECA — Nomenclátor Geográfico de Andalucía (WFS app:Entidad),https://www.ideandalucia.es/wfs-nga/services,alta,Cádiz,Medina Sidonia,36.436377,-5.82755,2026-08-28
NGA-01085,geografia,toponimo,Arroyo del Duende,"Arroyo del Duende (Curso Fluvial) en Zahara. WGS84: 36.827234, -5.483538.",IECA — Nomenclátor Geográfico de Andalucía (WFS app:Entidad),https://www.ideandalucia.es/wfs-nga/services,alta,Cádiz,Zahara,36.827234,-5.483538,2026-08-28
NGA-01086,geografia,toponimo,Arroyo del Duque,"Arroyo del Duque (Curso Fluvial) en Medina Sidonia. WGS84: 36.38669, -5.902509.",IECA — Nomenclátor Geográfico de Andalucía (WFS app:Entidad),https://www.ideandalucia.es/wfs-nga/services,alta,Cádiz,Medina Sidonia,36.38669,-5.902509,2026-08-28
NGA-01087,geografia,toponimo,Arroyo del Endrinal,"Arroyo del Endrinal (Curso Fluvial) en Utrera. WGS84: 36.925777, -5.818274.",IECA — Nomenclátor Geográfico de Andalucía (WFS app:Entidad),https://www.ideandalucia.es/wfs-nga/services,alta,Cádiz,Utrera,36.925777,-5.818274,2026-08-28
NGA-01088,geografia,toponimo,Arroyo del Entrevieso,"Arroyo del Entrevieso (Curso Fluvial) en El Puerto de Santa María. WGS84: 36.694871, -6.298253.",IECA — Nomenclátor Geográfico de Andalucía (WFS app:Entidad),https://www.ideandalucia.es/wfs-nga/services,alta,Cádiz,El Puerto de Santa María,36.694871,-6.298253,2026-08-28
NGA-01089,geografia,toponimo,Arroyo del Esparragal,"Arroyo del Esparragal (Curso Fluvial) en Las Cabezas de San Juan. WGS84: 36.939729, -5.882707.",IECA — Nomenclátor Geográfico de Andalucía (WFS app:Entidad),https://www.ideandalucia.es/wfs-nga/services,alta,Cádiz,Las Cabezas de San Juan,36.939729,-5.882707,2026-08-28
NGA-01090,geografia,toponimo,Arroyo del Espichi,"Arroyo del Espichi (Curso Fluvial) en Benadalid. WGS84: 36.616123, -5.263184.",IECA — Nomenclátor Geográfico de Andalucía (WFS app:Entidad),https://www.ideandalucia.es/wfs-nga/services,alta,Cádiz,Benadalid,36.616123,-5.263184,2026-08-28
NGA-01091,geografia,toponimo,Arroyo del Espinar,"Arroyo del Espinar (Curso Fluvial) en Grazalema. WGS84: 36.770902, -5.366017.",IECA — Nomenclátor Geográfico de Andalucía (WFS app:Entidad),https://www.ideandalucia.es/wfs-nga/services,alta,Cádiz,Grazalema,36.770902,-5.366017,2026-08-28
NGA-01092,geografia,toponimo,Arroyo del Espino,"Arroyo del Espino (Curso Fluvial) en El Bosque. WGS84: 36.77452, -5.502319.",IECA — Nomenclátor Geográfico de Andalucía (WFS app:Entidad),https://www.ideandalucia.es/wfs-nga/services,alta,Cádiz,El Bosque,36.77452,-5.502319,2026-08-28
NGA-01093,geografia,toponimo,Arroyo del Estanquillo,"Arroyo del Estanquillo (Curso Fluvial) en Manilva. WGS84: 36.355065, -5.245797.",IECA — Nomenclátor Geográfico de Andalucía (WFS app:Entidad),https://www.ideandalucia.es/wfs-nga/services,alta,Cádiz,Manilva,36.355065,-5.245797,2026-08-28
NGA-01094,geografia,toponimo,Arroyo del Estercal,"Arroyo del Estercal (Curso Fluvial) en Jubrique. WGS84: 36.538258, -5.199587.",IECA — Nomenclátor Geográfico de Andalucía (WFS app:Entidad),https://www.ideandalucia.es/wfs-nga/services,alta,Cádiz,Jubrique,36.538258,-5.199587,2026-08-28
NGA-01095,geografia,toponimo,Arroyo del Fraile,"Arroyo del Fraile (Curso Fluvial) en Villamartín. WGS84: 36.902591, -5.686811.",IECA — Nomenclátor Geográfico de Andalucía (WFS app:Entidad),https://www.ideandalucia.es/wfs-nga/services,alta,Cádiz,Villamartín,36.902591,-5.686811,2026-08-28
NGA-01096,geografia,toponimo,Arroyo del Fraile,"Arroyo del Fraile (Curso Fluvial) en Algodonales. WGS84: 36.861253, -5.514748.",IECA — Nomenclátor Geográfico de Andalucía (WFS app:Entidad),https://www.ideandalucia.es/wfs-nga/services,alta,Cádiz,Algodonales,36.861253,-5.514748,2026-08-28
NGA-01097,geografia,toponimo,Arroyo del Francés,"Arroyo del Francés (Curso Fluvial) en Villamartín. WGS84: 36.863685, -5.544378.",IECA — Nomenclátor Geográfico de Andalucía (WFS app:Entidad),https://www.ideandalucia.es/wfs-nga/services,alta,Cádiz,Villamartín,36.863685,-5.544378,2026-08-28
NGA-01098,geografia,toponimo,Arroyo del Fresnillo,"Arroyo del Fresnillo (Curso Fluvial) en Grazalema. WGS84: 36.765783, -5.372033.",IECA — Nomenclátor Geográfico de Andalucía (WFS app:Entidad),https://www.ideandalucia.es/wfs-nga/services,alta,Cádiz,Grazalema,36.765783,-5.372033,2026-08-28
NGA-01099,geografia,toponimo,Arroyo del Frontón,"Arroyo del Frontón (Curso Fluvial) en Benadalid. WGS84: 36.609414, -5.254858.",IECA — Nomenclátor Geográfico de Andalucía (WFS app:Entidad),https://www.ideandalucia.es/wfs-nga/services,alta,Cádiz,Benadalid,36.609414,-5.254858,2026-08-28
NGA-01100,geografia,toponimo,Arroyo del Gallego,"Arroyo del Gallego (Curso Fluvial) en Tarifa. WGS84: 36.183782, -5.767605.",IECA — Nomenclátor Geográfico de Andalucía (WFS app:Entidad),https://www.ideandalucia.es/wfs-nga/services,alta,Cádiz,Tarifa,36.183782,-5.767605,2026-08-28
NGA-01101,geografia,toponimo,Arroyo del Gallinero,"Arroyo del Gallinero (Curso Fluvial) en Medina Sidonia. WGS84: 36.309016, -5.633859.",IECA — Nomenclátor Geográfico de Andalucía (WFS app:Entidad),https://www.ideandalucia.es/wfs-nga/services,alta,Cádiz,Medina Sidonia,36.309016,-5.633859,2026-08-28
NGA-01102,geografia,toponimo,Arroyo del Gallo,"Arroyo del Gallo (Curso Fluvial) en Rota. WGS84: 36.686674, -6.313855.",IECA — Nomenclátor Geográfico de Andalucía (WFS app:Entidad),https://www.ideandalucia.es/wfs-nga/services,alta,Cádiz,Rota,36.686674,-6.313855,2026-08-28
NGA-01103,geografia,toponimo,Arroyo del Gato,"Arroyo del Gato (Curso Fluvial) en Jerez de la Frontera. WGS84: 36.687242, -6.010982.",IECA — Nomenclátor Geográfico de Andalucía (WFS app:Entidad),https://www.ideandalucia.es/wfs-nga/services,alta,Cádiz,Jerez de la Frontera,36.687242,-6.010982,2026-08-28
NGA-01104,geografia,toponimo,Arroyo del Gato,"Arroyo del Gato (Curso Fluvial) en Arcos de la Frontera. WGS84: 36.705704, -5.804789.",IECA — Nomenclátor Geográfico de Andalucía (WFS app:Entidad),https://www.ideandalucia.es/wfs-nga/services,alta,Cádiz,Arcos de la Frontera,36.705704,-5.804789,2026-08-28
NGA-01105,geografia,toponimo,Arroyo del Gato,"Arroyo del Gato (Curso Fluvial) en Alcalá de los Gazules. WGS84: 36.494696, -5.793077.",IECA — Nomenclátor Geográfico de Andalucía (WFS app:Entidad),https://www.ideandalucia.es/wfs-nga/services,alta,Cádiz,Alcalá de los Gazules,36.494696,-5.793077,2026-08-28
NGA-01106,geografia,toponimo,Arroyo del Gato,"Arroyo del Gato (Curso Fluvial) en Casares. WGS84: 36.432207, -5.339197.",IECA — Nomenclátor Geográfico de Andalucía (WFS app:Entidad),https://www.ideandalucia.es/wfs-nga/services,alta,Cádiz,Casares,36.432207,-5.339197,2026-08-28
NGA-01107,geografia,toponimo,Arroyo del Gavilán,"Arroyo del Gavilán (Curso Fluvial) en Alcalá de los Gazules. WGS84: 36.376314, -5.600912.",IECA — Nomenclátor Geográfico de Andalucía (WFS app:Entidad),https://www.ideandalucia.es/wfs-nga/services,alta,Cádiz,Alcalá de los Gazules,36.376314,-5.600912,2026-08-28
NGA-01108,geografia,toponimo,Arroyo del Genagardua,"Arroyo del Genagardua (Curso Fluvial) en Jubrique. WGS84: 36.56144, -5.197758.",IECA — Nomenclátor Geográfico de Andalucía (WFS app:Entidad),https://www.ideandalucia.es/wfs-nga/services,alta,Cádiz,Jubrique,36.56144,-5.197758,2026-08-28
NGA-01109,geografia,toponimo,Arroyo del General,"Arroyo del General (Curso Fluvial) en Faraján. WGS84: 36.605761, -5.190394.",IECA — Nomenclátor Geográfico de Andalucía (WFS app:Entidad),https://www.ideandalucia.es/wfs-nga/services,alta,Cádiz,Faraján,36.605761,-5.190394,2026-08-28
NGA-01110,geografia,toponimo,Arroyo del Gigante,"Arroyo del Gigante (Curso Fluvial) en Alcalá de los Gazules. WGS84: 36.546406, -5.79533.",IECA — Nomenclátor Geográfico de Andalucía (WFS app:Entidad),https://www.ideandalucia.es/wfs-nga/services,alta,Cádiz,Alcalá de los Gazules,36.546406,-5.79533,2026-08-28
NGA-01111,geografia,toponimo,Arroyo del Grullo,"Arroyo del Grullo (Curso Fluvial) en Vejer de la Frontera. WGS84: 36.33063, -5.975035.",IECA — Nomenclátor Geográfico de Andalucía (WFS app:Entidad),https://www.ideandalucia.es/wfs-nga/services,alta,Cádiz,Vejer de la Frontera,36.33063,-5.975035,2026-08-28
NGA-01112,geografia,toponimo,Arroyo del Guijo,"Arroyo del Guijo (Curso Fluvial) en Arcos de la Frontera. WGS84: 36.732113, -5.840843.",IECA — Nomenclátor Geográfico de Andalucía (WFS app:Entidad),https://www.ideandalucia.es/wfs-nga/services,alta,Cádiz,Arcos de la Frontera,36.732113,-5.840843,2026-08-28
NGA-01113,geografia,toponimo,Arroyo del Habicholar,"Arroyo del Habicholar (Curso Fluvial) en Jimena de la Frontera. WGS84: 36.414729, -5.393691.",IECA — Nomenclátor Geográfico de Andalucía (WFS app:Entidad),https://www.ideandalucia.es/wfs-nga/services,alta,Cádiz,Jimena de la Frontera,36.414729,-5.393691,2026-08-28
NGA-01114,geografia,toponimo,Arroyo del Hatabo,"Arroyo del Hatabo (Curso Fluvial) en Utrera. WGS84: 37.003994, -5.636644.",IECA — Nomenclátor Geográfico de Andalucía (WFS app:Entidad),https://www.ideandalucia.es/wfs-nga/services,alta,Cádiz,Utrera,37.003994,-5.636644,2026-08-28
NGA-01115,geografia,toponimo,Arroyo del Hato,"Arroyo del Hato (Curso Fluvial) en Arcos de la Frontera. WGS84: 36.748032, -5.593983.",IECA — Nomenclátor Geográfico de Andalucía (WFS app:Entidad),https://www.ideandalucia.es/wfs-nga/services,alta,Cádiz,Arcos de la Frontera,36.748032,-5.593983,2026-08-28
NGA-01116,geografia,toponimo,Arroyo del Helecho,"Arroyo del Helecho (Curso Fluvial) en Castellar de la Frontera. WGS84: 36.338395, -5.507072.",IECA — Nomenclátor Geográfico de Andalucía (WFS app:Entidad),https://www.ideandalucia.es/wfs-nga/services,alta,Cádiz,Castellar de la Frontera,36.338395,-5.507072,2026-08-28
NGA-01117,geografia,toponimo,Arroyo del Helechoso,"Arroyo del Helechoso (Curso Fluvial) en Tarifa. WGS84: 36.132819, -5.658698.",IECA — Nomenclátor Geográfico de Andalucía (WFS app:Entidad),https://www.ideandalucia.es/wfs-nga/services,alta,Cádiz,Tarifa,36.132819,-5.658698,2026-08-28
NGA-01118,geografia,toponimo,Arroyo del Hierro,"Arroyo del Hierro (Curso Fluvial) en Jerez de la Frontera. WGS84: 36.543947, -5.876447.",IECA — Nomenclátor Geográfico de Andalucía (WFS app:Entidad),https://www.ideandalucia.es/wfs-nga/services,alta,Cádiz,Jerez de la Frontera,36.543947,-5.876447,2026-08-28
NGA-01119,geografia,toponimo,Arroyo del Higuerón,"Arroyo del Higuerón (Curso Fluvial) en Las Cabezas de San Juan. WGS84: 36.950526, -5.882785.",IECA — Nomenclátor Geográfico de Andalucía (WFS app:Entidad),https://www.ideandalucia.es/wfs-nga/services,alta,Cádiz,Las Cabezas de San Juan,36.950526,-5.882785,2026-08-28
NGA-01120,geografia,toponimo,Arroyo del Higuerón,"Arroyo del Higuerón (Curso Fluvial) en Montecorto. WGS84: 36.786036, -5.308805.",IECA — Nomenclátor Geográfico de Andalucía (WFS app:Entidad),https://www.ideandalucia.es/wfs-nga/services,alta,Cádiz,Montecorto,36.786036,-5.308805,2026-08-28
NGA-01121,geografia,toponimo,Arroyo del Higuerón,"Arroyo del Higuerón (Curso Fluvial) en Gaucín. WGS84: 36.520603, -5.291209.",IECA — Nomenclátor Geográfico de Andalucía (WFS app:Entidad),https://www.ideandalucia.es/wfs-nga/services,alta,Cádiz,Gaucín,36.520603,-5.291209,2026-08-28
NGA-01122,geografia,toponimo,Arroyo del Horcajo,"Arroyo del Horcajo (Curso Fluvial) en Jubrique. WGS84: 36.58828, -5.217981.",IECA — Nomenclátor Geográfico de Andalucía (WFS app:Entidad),https://www.ideandalucia.es/wfs-nga/services,alta,Cádiz,Jubrique,36.58828,-5.217981,2026-08-28
NGA-01123,geografia,toponimo,Arroyo del Hornillo,"Arroyo del Hornillo (Curso Fluvial) en Arcos de la Frontera. WGS84: 36.747059, -5.668689.",IECA — Nomenclátor Geográfico de Andalucía (WFS app:Entidad),https://www.ideandalucia.es/wfs-nga/services,alta,Cádiz,Arcos de la Frontera,36.747059,-5.668689,2026-08-28
NGA-01124,geografia,toponimo,Arroyo del Huerto de la Laguna,"Arroyo del Huerto de la Laguna (Curso Fluvial) en Pujerra. WGS84: 36.607398, -5.139799.",IECA — Nomenclátor Geográfico de Andalucía (WFS app:Entidad),https://www.ideandalucia.es/wfs-nga/services,alta,Cádiz,Pujerra,36.607398,-5.139799,2026-08-28
NGA-01125,geografia,toponimo,Arroyo del Huevo,"Arroyo del Huevo (Curso Fluvial) en Jimena de la Frontera. WGS84: 36.474103, -5.516396.",IECA — Nomenclátor Geográfico de Andalucía (WFS app:Entidad),https://www.ideandalucia.es/wfs-nga/services,alta,Cádiz,Jimena de la Frontera,36.474103,-5.516396,2026-08-28
NGA-01126,geografia,toponimo,Arroyo del Humo,"Arroyo del Humo (Curso Fluvial) en Algodonales. WGS84: 36.894419, -5.441049.",IECA — Nomenclátor Geográfico de Andalucía (WFS app:Entidad),https://www.ideandalucia.es/wfs-nga/services,alta,Cádiz,Algodonales,36.894419,-5.441049,2026-08-28
NGA-01127,geografia,toponimo,Arroyo del Infiernillo,"Arroyo del Infiernillo (Curso Fluvial) en Benarrabá. WGS84: 36.554076, -5.263362.",IECA — Nomenclátor Geográfico de Andalucía (WFS app:Entidad),https://www.ideandalucia.es/wfs-nga/services,alta,Cádiz,Benarrabá,36.554076,-5.263362,2026-08-28
NGA-01128,geografia,toponimo,Arroyo del Infierno,"Arroyo del Infierno (Curso Fluvial) en Utrera. WGS84: 36.982544, -5.660467.",IECA — Nomenclátor Geográfico de Andalucía (WFS app:Entidad),https://www.ideandalucia.es/wfs-nga/services,alta,Cádiz,Utrera,36.982544,-5.660467,2026-08-28
NGA-01129,geografia,toponimo,Arroyo del Infierno,"Arroyo del Infierno (Curso Fluvial) en Alcalá de los Gazules. WGS84: 36.489383, -5.666535.",IECA — Nomenclátor Geográfico de Andalucía (WFS app:Entidad),https://www.ideandalucia.es/wfs-nga/services,alta,Cádiz,Alcalá de los Gazules,36.489383,-5.666535,2026-08-28
NGA-01130,geografia,toponimo,Arroyo del Infierno,"Arroyo del Infierno (Curso Fluvial) en San José del Valle. WGS84: 36.652422, -5.748887.",IECA — Nomenclátor Geográfico de Andalucía (WFS app:Entidad),https://www.ideandalucia.es/wfs-nga/services,alta,Cádiz,San José del Valle,36.652422,-5.748887,2026-08-28
NGA-01131,geografia,toponimo,Arroyo del Infierno,"Arroyo del Infierno (Curso Fluvial) en Coripe. WGS84: 36.965171, -5.406811.",IECA — Nomenclátor Geográfico de Andalucía (WFS app:Entidad),https://www.ideandalucia.es/wfs-nga/services,alta,Cádiz,Coripe,36.965171,-5.406811,2026-08-28
NGA-01132,geografia,toponimo,Arroyo del Infierno,"Arroyo del Infierno (Curso Fluvial) en Casares. WGS84: 36.44879, -5.211335.",IECA — Nomenclátor Geográfico de Andalucía (WFS app:Entidad),https://www.ideandalucia.es/wfs-nga/services,alta,Cádiz,Casares,36.44879,-5.211335,2026-08-28
NGA-01133,geografia,toponimo,Arroyo del Infierno,"Arroyo del Infierno (Curso Fluvial) en Castellar de la Frontera. WGS84: 36.294899, -5.488459.",IECA — Nomenclátor Geográfico de Andalucía (WFS app:Entidad),https://www.ideandalucia.es/wfs-nga/services,alta,Cádiz,Castellar de la Frontera,36.294899,-5.488459,2026-08-28
NGA-01134,geografia,toponimo,Arroyo del Jaral,"Arroyo del Jaral (Curso Fluvial) en Castellar de la Frontera. WGS84: 36.273236, -5.436391.",IECA — Nomenclátor Geográfico de Andalucía (WFS app:Entidad),https://www.ideandalucia.es/wfs-nga/services,alta,Cádiz,Castellar de la Frontera,36.273236,-5.436391,2026-08-28
NGA-01135,geografia,toponimo,Arroyo del Jautor,"Arroyo del Jautor (Curso Fluvial) en Alcalá de los Gazules. WGS84: 36.37763, -5.671402.",IECA — Nomenclátor Geográfico de Andalucía (WFS app:Entidad),https://www.ideandalucia.es/wfs-nga/services,alta,Cádiz,Alcalá de los Gazules,36.37763,-5.671402,2026-08-28
NGA-01136,geografia,toponimo,Arroyo del Jubrique,"Arroyo del Jubrique (Curso Fluvial) en Parauta. WGS84: 36.647629, -5.129876.",IECA — Nomenclátor Geográfico de Andalucía (WFS app:Entidad),https://www.ideandalucia.es/wfs-nga/services,alta,Cádiz,Parauta,36.647629,-5.129876,2026-08-28
NGA-01137,geografia,toponimo,Arroyo del Judío,"Arroyo del Judío (Curso Fluvial) en Villamartín. WGS84: 36.851286, -5.620791.",IECA — Nomenclátor Geográfico de Andalucía (WFS app:Entidad),https://www.ideandalucia.es/wfs-nga/services,alta,Cádiz,Villamartín,36.851286,-5.620791,2026-08-28
NGA-01138,geografia,toponimo,Arroyo del Juncal,"Arroyo del Juncal (Curso Fluvial) en Casares. WGS84: 36.392832, -5.305103.",IECA — Nomenclátor Geográfico de Andalucía (WFS app:Entidad),https://www.ideandalucia.es/wfs-nga/services,alta,Cádiz,Casares,36.392832,-5.305103,2026-08-28
NGA-01139,geografia,toponimo,Arroyo del Lancero,"Arroyo del Lancero (Curso Fluvial) en Ronda. WGS84: 36.734081, -5.11095.",IECA — Nomenclátor Geográfico de Andalucía (WFS app:Entidad),https://www.ideandalucia.es/wfs-nga/services,alta,Cádiz,Ronda,36.734081,-5.11095,2026-08-28
NGA-01140,geografia,toponimo,Arroyo del Laurel,"Arroyo del Laurel (Curso Fluvial) en Algeciras. WGS84: 36.061285, -5.477775.",IECA — Nomenclátor Geográfico de Andalucía (WFS app:Entidad),https://www.ideandalucia.es/wfs-nga/services,alta,Cádiz,Algeciras,36.061285,-5.477775,2026-08-28
NGA-01141,geografia,toponimo,Arroyo del Lentiscar,"Arroyo del Lentiscar (Curso Fluvial) en Medina Sidonia. WGS84: 36.397034, -6.015767.",IECA — Nomenclátor Geográfico de Andalucía (WFS app:Entidad),https://www.ideandalucia.es/wfs-nga/services,alta,Cádiz,Medina Sidonia,36.397034,-6.015767,2026-08-28
NGA-01142,geografia,toponimo,Arroyo del Lobo,"Arroyo del Lobo (Curso Fluvial) en Barbate. WGS84: 36.189992, -5.861947.",IECA — Nomenclátor Geográfico de Andalucía (WFS app:Entidad),https://www.ideandalucia.es/wfs-nga/services,alta,Cádiz,Barbate,36.189992,-5.861947,2026-08-28
NGA-01143,geografia,toponimo,Arroyo del Lobo,"Arroyo del Lobo (Curso Fluvial) en Castellar de la Frontera. WGS84: 36.290204, -5.530022.",IECA — Nomenclátor Geográfico de Andalucía (WFS app:Entidad),https://www.ideandalucia.es/wfs-nga/services,alta,Cádiz,Castellar de la Frontera,36.290204,-5.530022,2026-08-28
NGA-01144,geografia,toponimo,Arroyo del Lobo,"Arroyo del Lobo (Curso Fluvial) en Algeciras. WGS84: 36.089213, -5.453351.",IECA — Nomenclátor Geográfico de Andalucía (WFS app:Entidad),https://www.ideandalucia.es/wfs-nga/services,alta,Cádiz,Algeciras,36.089213,-5.453351,2026-08-28
NGA-01145,geografia,toponimo,Arroyo del Loro,"Arroyo del Loro (Curso Fluvial) en Benadalid. WGS84: 36.624349, -5.236774.",IECA — Nomenclátor Geográfico de Andalucía (WFS app:Entidad),https://www.ideandalucia.es/wfs-nga/services,alta,Cádiz,Benadalid,36.624349,-5.236774,2026-08-28
NGA-01146,geografia,toponimo,Arroyo del Látigo,"Arroyo del Látigo (Curso Fluvial) en Jerez de la Frontera. WGS84: 36.673286, -5.931539.",IECA — Nomenclátor Geográfico de Andalucía (WFS app:Entidad),https://www.ideandalucia.es/wfs-nga/services,alta,Cádiz,Jerez de la Frontera,36.673286,-5.931539,2026-08-28
NGA-01147,geografia,toponimo,Arroyo del Machorro,"Arroyo del Machorro (Curso Fluvial) en Medina Sidonia. WGS84: 36.505875, -5.901119.",IECA — Nomenclátor Geográfico de Andalucía (WFS app:Entidad),https://www.ideandalucia.es/wfs-nga/services,alta,Cádiz,Medina Sidonia,36.505875,-5.901119,2026-08-28
NGA-01148,geografia,toponimo,Arroyo del Machorro,"Arroyo del Machorro (Curso Fluvial) en Tarifa. WGS84: 36.176823, -5.763993.",IECA — Nomenclátor Geográfico de Andalucía (WFS app:Entidad),https://www.ideandalucia.es/wfs-nga/services,alta,Cádiz,Tarifa,36.176823,-5.763993,2026-08-28
NGA-01149,geografia,toponimo,Arroyo del Madroñal,"Arroyo del Madroñal (Curso Fluvial) en Los Barrios. WGS84: 36.27591, -5.636123.",IECA — Nomenclátor Geográfico de Andalucía (WFS app:Entidad),https://www.ideandalucia.es/wfs-nga/services,alta,Cádiz,Los Barrios,36.27591,-5.636123,2026-08-28
NGA-01150,geografia,toponimo,Arroyo del Madroñal,"Arroyo del Madroñal (Curso Fluvial) en Castellar de la Frontera. WGS84: 36.318232, -5.442385.",IECA — Nomenclátor Geográfico de Andalucía (WFS app:Entidad),https://www.ideandalucia.es/wfs-nga/services,alta,Cádiz,Castellar de la Frontera,36.318232,-5.442385,2026-08-28
NGA-01151,geografia,toponimo,Arroyo del Marqués,"Arroyo del Marqués (Curso Fluvial) en Jimena de la Frontera. WGS84: 36.394384, -5.567659.",IECA — Nomenclátor Geográfico de Andalucía (WFS app:Entidad),https://www.ideandalucia.es/wfs-nga/services,alta,Cádiz,Jimena de la Frontera,36.394384,-5.567659,2026-08-28
NGA-01152,geografia,toponimo,Arroyo del Marqués,"Arroyo del Marqués (Curso Fluvial) en Setenil de las Bodegas. WGS84: 36.864396, -5.196406.",IECA — Nomenclátor Geográfico de Andalucía (WFS app:Entidad),https://www.ideandalucia.es/wfs-nga/services,alta,Cádiz,Setenil de las Bodegas,36.864396,-5.196406,2026-08-28
NGA-01153,geografia,toponimo,Arroyo del Marqués,"Arroyo del Marqués (Curso Fluvial) en San Martín del Tesorillo. WGS84: 36.355002, -5.38482.",IECA — Nomenclátor Geográfico de Andalucía (WFS app:Entidad),https://www.ideandalucia.es/wfs-nga/services,alta,Cádiz,San Martín del Tesorillo,36.355002,-5.38482,2026-08-28
NGA-01154,geografia,toponimo,Arroyo del Marrueco,"Arroyo del Marrueco (Curso Fluvial) en Zahara. WGS84: 36.80432, -5.433775.",IECA — Nomenclátor Geográfico de Andalucía (WFS app:Entidad),https://www.ideandalucia.es/wfs-nga/services,alta,Cádiz,Zahara,36.80432,-5.433775,2026-08-28
NGA-01155,geografia,toponimo,Arroyo del Maíz,"Arroyo del Maíz (Curso Fluvial) en Arcos de la Frontera. WGS84: 36.804975, -5.821997.",IECA — Nomenclátor Geográfico de Andalucía (WFS app:Entidad),https://www.ideandalucia.es/wfs-nga/services,alta,Cádiz,Arcos de la Frontera,36.804975,-5.821997,2026-08-28
NGA-01156,geografia,toponimo,Arroyo del Membrillar,"Arroyo del Membrillar (Curso Fluvial) en Algámitas. WGS84: 37.023256, -5.147623.",IECA — Nomenclátor Geográfico de Andalucía (WFS app:Entidad),https://www.ideandalucia.es/wfs-nga/services,alta,Cádiz,Algámitas,37.023256,-5.147623,2026-08-28
NGA-01157,geografia,toponimo,Arroyo del Membrillo,"Arroyo del Membrillo (Curso Fluvial) en Alcalá de los Gazules. WGS84: 36.401232, -5.600956.",IECA — Nomenclátor Geográfico de Andalucía (WFS app:Entidad),https://www.ideandalucia.es/wfs-nga/services,alta,Cádiz,Alcalá de los Gazules,36.401232,-5.600956,2026-08-28
NGA-01158,geografia,toponimo,Arroyo del Mesto,"Arroyo del Mesto (Curso Fluvial) en Puerto Serrano. WGS84: 36.961092, -5.502196.",IECA — Nomenclátor Geográfico de Andalucía (WFS app:Entidad),https://www.ideandalucia.es/wfs-nga/services,alta,Cádiz,Puerto Serrano,36.961092,-5.502196,2026-08-28
NGA-01159,geografia,toponimo,Arroyo del Mimbres,"Arroyo del Mimbres (Curso Fluvial) en Jerez de la Frontera. WGS84: 36.681777, -5.968861.",IECA — Nomenclátor Geográfico de Andalucía (WFS app:Entidad),https://www.ideandalucia.es/wfs-nga/services,alta,Cádiz,Jerez de la Frontera,36.681777,-5.968861,2026-08-28
NGA-01160,geografia,toponimo,Arroyo del Molino,"Arroyo del Molino (Curso Fluvial) en Jerez de la Frontera. WGS84: 36.552046, -5.870313.",IECA — Nomenclátor Geográfico de Andalucía (WFS app:Entidad),https://www.ideandalucia.es/wfs-nga/services,alta,Cádiz,Jerez de la Frontera,36.552046,-5.870313,2026-08-28
NGA-01161,geografia,toponimo,Arroyo del Monte,"Arroyo del Monte (Curso Fluvial) en Tarifa. WGS84: 36.170615, -5.816512.",IECA — Nomenclátor Geográfico de Andalucía (WFS app:Entidad),https://www.ideandalucia.es/wfs-nga/services,alta,Cádiz,Tarifa,36.170615,-5.816512,2026-08-28
NGA-01162,geografia,toponimo,Arroyo del Montero,"Arroyo del Montero (Curso Fluvial) en Vejer de la Frontera. WGS84: 36.327002, -5.913924.",IECA — Nomenclátor Geográfico de Andalucía (WFS app:Entidad),https://www.ideandalucia.es/wfs-nga/services,alta,Cádiz,Vejer de la Frontera,36.327002,-5.913924,2026-08-28
NGA-01164,geografia,toponimo,Arroyo del Moral,"Arroyo del Moral (Curso Fluvial) en Torre Alháquime. WGS84: 36.913833, -5.220161.",IECA — Nomenclátor Geográfico de Andalucía (WFS app:Entidad),https://www.ideandalucia.es/wfs-nga/services,alta,Cádiz,Torre Alháquime,36.913833,-5.220161,2026-08-28
NGA-01165,geografia,toponimo,Arroyo del Moral,"Arroyo del Moral (Curso Fluvial) en Benarrabá. WGS84: 36.530043, -5.264731.",IECA — Nomenclátor Geográfico de Andalucía (WFS app:Entidad),https://www.ideandalucia.es/wfs-nga/services,alta,Cádiz,Benarrabá,36.530043,-5.264731,2026-08-28
NGA-01166,geografia,toponimo,Arroyo del Morenillo,"Arroyo del Morenillo (Curso Fluvial) en Los Barrios. WGS84: 36.195608, -5.501757.",IECA — Nomenclátor Geográfico de Andalucía (WFS app:Entidad),https://www.ideandalucia.es/wfs-nga/services,alta,Cádiz,Los Barrios,36.195608,-5.501757,2026-08-28
NGA-01167,geografia,toponimo,Arroyo del Moro,"Arroyo del Moro (Curso Fluvial) en Algar. WGS84: 36.635588, -5.643213.",IECA — Nomenclátor Geográfico de Andalucía (WFS app:Entidad),https://www.ideandalucia.es/wfs-nga/services,alta,Cádiz,Algar,36.635588,-5.643213,2026-08-28
NGA-01168,geografia,toponimo,Arroyo del Moro,"Arroyo del Moro (Curso Fluvial) en Zahara. WGS84: 36.847895, -5.443395.",IECA — Nomenclátor Geográfico de Andalucía (WFS app:Entidad),https://www.ideandalucia.es/wfs-nga/services,alta,Cádiz,Zahara,36.847895,-5.443395,2026-08-28
NGA-01169,geografia,toponimo,Arroyo del Moro,"Arroyo del Moro (Curso Fluvial) en El Bosque. WGS84: 36.784758, -5.494613.",IECA — Nomenclátor Geográfico de Andalucía (WFS app:Entidad),https://www.ideandalucia.es/wfs-nga/services,alta,Cádiz,El Bosque,36.784758,-5.494613,2026-08-28
NGA-01170,geografia,toponimo,Arroyo del Moscardó,"Arroyo del Moscardó (Obra Hidráulica) en Lebrija. WGS84: 36.927468, -5.935195.",IECA — Nomenclátor Geográfico de Andalucía (WFS app:Entidad),https://www.ideandalucia.es/wfs-nga/services,alta,Cádiz,Lebrija,36.927468,-5.935195,2026-08-28
NGA-01171,geografia,toponimo,Arroyo del Muro,"Arroyo del Muro (Curso Fluvial) en San José del Valle. WGS84: 36.592447, -5.762687.",IECA — Nomenclátor Geográfico de Andalucía (WFS app:Entidad),https://www.ideandalucia.es/wfs-nga/services,alta,Cádiz,San José del Valle,36.592447,-5.762687,2026-08-28
NGA-01172,geografia,toponimo,Arroyo del Mármol,"Arroyo del Mármol (Curso Fluvial) en El Saucejo. WGS84: 37.040005, -5.123327.",IECA — Nomenclátor Geográfico de Andalucía (WFS app:Entidad),https://www.ideandalucia.es/wfs-nga/services,alta,Cádiz,El Saucejo,37.040005,-5.123327,2026-08-28
NGA-01173,geografia,toponimo,Arroyo del Nacimiento,"Arroyo del Nacimiento (Curso Fluvial) en Algatocín. WGS84: 36.581072, -5.303545.",IECA — Nomenclátor Geográfico de Andalucía (WFS app:Entidad),https://www.ideandalucia.es/wfs-nga/services,alta,Cádiz,Algatocín,36.581072,-5.303545,2026-08-28
NGA-01174,geografia,toponimo,Arroyo del Navero,"Arroyo del Navero (Curso Fluvial) en Vejer de la Frontera. WGS84: 36.328109, -5.983829.",IECA — Nomenclátor Geográfico de Andalucía (WFS app:Entidad),https://www.ideandalucia.es/wfs-nga/services,alta,Cádiz,Vejer de la Frontera,36.328109,-5.983829,2026-08-28
NGA-01175,geografia,toponimo,Arroyo del Negrito,"Arroyo del Negrito (Curso Fluvial) en Los Barrios. WGS84: 36.178274, -5.576657.",IECA — Nomenclátor Geográfico de Andalucía (WFS app:Entidad),https://www.ideandalucia.es/wfs-nga/services,alta,Cádiz,Los Barrios,36.178274,-5.576657,2026-08-28
NGA-01176,geografia,toponimo,Arroyo del Negro,"Arroyo del Negro (Curso Fluvial) en Manilva. WGS84: 36.32984, -5.251274.",IECA — Nomenclátor Geográfico de Andalucía (WFS app:Entidad),https://www.ideandalucia.es/wfs-nga/services,alta,Cádiz,Manilva,36.32984,-5.251274,2026-08-28
NGA-01177,geografia,toponimo,Arroyo del Olivar,"Arroyo del Olivar (Curso Fluvial) en Medina Sidonia. WGS84: 36.508228, -5.955045.",IECA — Nomenclátor Geográfico de Andalucía (WFS app:Entidad),https://www.ideandalucia.es/wfs-nga/services,alta,Cádiz,Medina Sidonia,36.508228,-5.955045,2026-08-28
NGA-01178,geografia,toponimo,Arroyo del Olivillo,"Arroyo del Olivillo (Curso Fluvial) en Jerez de la Frontera. WGS84: 36.759406, -6.263141.",IECA — Nomenclátor Geográfico de Andalucía (WFS app:Entidad),https://www.ideandalucia.es/wfs-nga/services,alta,Cádiz,Jerez de la Frontera,36.759406,-6.263141,2026-08-28
NGA-01179,geografia,toponimo,Arroyo del Padión,"Arroyo del Padión (Curso Fluvial) en Estepona. WGS84: 36.520724, -5.160001.",IECA — Nomenclátor Geográfico de Andalucía (WFS app:Entidad),https://www.ideandalucia.es/wfs-nga/services,alta,Cádiz,Estepona,36.520724,-5.160001,2026-08-28
NGA-01180,geografia,toponimo,Arroyo del Pajarito,"Arroyo del Pajarito (Curso Fluvial) en Benaocaz. WGS84: 36.709607, -5.439895.",IECA — Nomenclátor Geográfico de Andalucía (WFS app:Entidad),https://www.ideandalucia.es/wfs-nga/services,alta,Cádiz,Benaocaz,36.709607,-5.439895,2026-08-28
NGA-01181,geografia,toponimo,Arroyo del Palmetín,"Arroyo del Palmetín (Curso Fluvial) en San José del Valle. WGS84: 36.632236, -5.719423.",IECA — Nomenclátor Geográfico de Andalucía (WFS app:Entidad),https://www.ideandalucia.es/wfs-nga/services,alta,Cádiz,San José del Valle,36.632236,-5.719423,2026-08-28
NGA-01182,geografia,toponimo,Arroyo del Palomar,"Arroyo del Palomar (Curso Fluvial) en Jerez de la Frontera. WGS84: 36.788133, -5.95664.",IECA — Nomenclátor Geográfico de Andalucía (WFS app:Entidad),https://www.ideandalucia.es/wfs-nga/services,alta,Cádiz,Jerez de la Frontera,36.788133,-5.95664,2026-08-28
NGA-01183,geografia,toponimo,Arroyo del Paraíso,"Arroyo del Paraíso (Curso Fluvial) en Las Cabezas de San Juan. WGS84: 37.002436, -5.914404.",IECA — Nomenclátor Geográfico de Andalucía (WFS app:Entidad),https://www.ideandalucia.es/wfs-nga/services,alta,Cádiz,Las Cabezas de San Juan,37.002436,-5.914404,2026-08-28
NGA-01184,geografia,toponimo,Arroyo del Parral,"Arroyo del Parral (Curso Fluvial) en Jerez de la Frontera. WGS84: 36.588932, -5.589491.",IECA — Nomenclátor Geográfico de Andalucía (WFS app:Entidad),https://www.ideandalucia.es/wfs-nga/services,alta,Cádiz,Jerez de la Frontera,36.588932,-5.589491,2026-08-28
NGA-01185,geografia,toponimo,Arroyo del Parroso,"Arroyo del Parroso (Curso Fluvial) en Los Barrios. WGS84: 36.317231, -5.595092.",IECA — Nomenclátor Geográfico de Andalucía (WFS app:Entidad),https://www.ideandalucia.es/wfs-nga/services,alta,Cádiz,Los Barrios,36.317231,-5.595092,2026-08-28
NGA-01186,geografia,toponimo,Arroyo del Parrón,"Arroyo del Parrón (Curso Fluvial) en Jerez de la Frontera. WGS84: 36.556856, -5.54446.",IECA — Nomenclátor Geográfico de Andalucía (WFS app:Entidad),https://www.ideandalucia.es/wfs-nga/services,alta,Cádiz,Jerez de la Frontera,36.556856,-5.54446,2026-08-28
NGA-01187,geografia,toponimo,Arroyo del Pedregosillo,"Arroyo del Pedregosillo (Curso Fluvial) en Medina Sidonia. WGS84: 36.374114, -5.821799.",IECA — Nomenclátor Geográfico de Andalucía (WFS app:Entidad),https://www.ideandalucia.es/wfs-nga/services,alta,Cádiz,Medina Sidonia,36.374114,-5.821799,2026-08-28
NGA-01188,geografia,toponimo,Arroyo del Pellejero,"Arroyo del Pellejero (Curso Fluvial) en Jerez de la Frontera. WGS84: 36.831881, -6.022666.",IECA — Nomenclátor Geográfico de Andalucía (WFS app:Entidad),https://www.ideandalucia.es/wfs-nga/services,alta,Cádiz,Jerez de la Frontera,36.831881,-6.022666,2026-08-28
NGA-01189,geografia,toponimo,Arroyo del Perdigón,"Arroyo del Perdigón (Curso Fluvial) en Las Cabezas de San Juan. WGS84: 36.939228, -5.86712.",IECA — Nomenclátor Geográfico de Andalucía (WFS app:Entidad),https://www.ideandalucia.es/wfs-nga/services,alta,Cádiz,Las Cabezas de San Juan,36.939228,-5.86712,2026-08-28
NGA-01190,geografia,toponimo,Arroyo del Perejil,"Arroyo del Perejil (Curso Fluvial) en Jimena de la Frontera. WGS84: 36.438188, -5.372444.",IECA — Nomenclátor Geográfico de Andalucía (WFS app:Entidad),https://www.ideandalucia.es/wfs-nga/services,alta,Cádiz,Jimena de la Frontera,36.438188,-5.372444,2026-08-28
NGA-01191,geografia,toponimo,Arroyo del Peruetano,"Arroyo del Peruetano (Curso Fluvial) en Los Barrios. WGS84: 36.260602, -5.598278.",IECA — Nomenclátor Geográfico de Andalucía (WFS app:Entidad),https://www.ideandalucia.es/wfs-nga/services,alta,Cádiz,Los Barrios,36.260602,-5.598278,2026-08-28
NGA-01192,geografia,toponimo,Arroyo del Peso,"Arroyo del Peso (Curso Fluvial) en Gaucín. WGS84: 36.543303, -5.34016.",IECA — Nomenclátor Geográfico de Andalucía (WFS app:Entidad),https://www.ideandalucia.es/wfs-nga/services,alta,Cádiz,Gaucín,36.543303,-5.34016,2026-08-28
NGA-01193,geografia,toponimo,Arroyo del Peñón de Medina,"Arroyo del Peñón de Medina (Curso Fluvial) en Alcalá de los Gazules. WGS84: 36.457102, -5.798236.",IECA — Nomenclátor Geográfico de Andalucía (WFS app:Entidad),https://www.ideandalucia.es/wfs-nga/services,alta,Cádiz,Alcalá de los Gazules,36.457102,-5.798236,2026-08-28
NGA-01194,geografia,toponimo,Arroyo del Piloncillo,"Arroyo del Piloncillo (Curso Fluvial) en Arcos de la Frontera. WGS84: 36.793638, -5.653599.",IECA — Nomenclátor Geográfico de Andalucía (WFS app:Entidad),https://www.ideandalucia.es/wfs-nga/services,alta,Cádiz,Arcos de la Frontera,36.793638,-5.653599,2026-08-28
NGA-01195,geografia,toponimo,Arroyo del Pilón,"Arroyo del Pilón (Curso Fluvial) en Vejer de la Frontera. WGS84: 36.285959, -5.914031.",IECA — Nomenclátor Geográfico de Andalucía (WFS app:Entidad),https://www.ideandalucia.es/wfs-nga/services,alta,Cádiz,Vejer de la Frontera,36.285959,-5.914031,2026-08-28
NGA-01196,geografia,toponimo,Arroyo del Pinar,"Arroyo del Pinar (Curso Fluvial) en Grazalema. WGS84: 36.793436, -5.401882.",IECA — Nomenclátor Geográfico de Andalucía (WFS app:Entidad),https://www.ideandalucia.es/wfs-nga/services,alta,Cádiz,Grazalema,36.793436,-5.401882,2026-08-28
NGA-01197,geografia,toponimo,Arroyo del Piornio,"Arroyo del Piornio (Curso Fluvial) en Utrera. WGS84: 36.950122, -5.757121.",IECA — Nomenclátor Geográfico de Andalucía (WFS app:Entidad),https://www.ideandalucia.es/wfs-nga/services,alta,Cádiz,Utrera,36.950122,-5.757121,2026-08-28
NGA-01198,geografia,toponimo,Arroyo del Piñar,"Arroyo del Piñar (Curso Fluvial) en Gaucín. WGS84: 36.488775, -5.300648.",IECA — Nomenclátor Geográfico de Andalucía (WFS app:Entidad),https://www.ideandalucia.es/wfs-nga/services,alta,Cádiz,Gaucín,36.488775,-5.300648,2026-08-28
NGA-01199,geografia,toponimo,Arroyo del Portugués,"Arroyo del Portugués (Curso Fluvial) en Medina Sidonia. WGS84: 36.299121, -5.748031.",IECA — Nomenclátor Geográfico de Andalucía (WFS app:Entidad),https://www.ideandalucia.es/wfs-nga/services,alta,Cádiz,Medina Sidonia,36.299121,-5.748031,2026-08-28
NGA-01200,geografia,toponimo,Arroyo del Poto,"Arroyo del Poto (Curso Fluvial) en Utrera. WGS84: 37.017695, -5.81202.",IECA — Nomenclátor Geográfico de Andalucía (WFS app:Entidad),https://www.ideandalucia.es/wfs-nga/services,alta,Cádiz,Utrera,37.017695,-5.81202,2026-08-28
NGA-01201,geografia,toponimo,Arroyo del Pozo,"Arroyo del Pozo (Curso Fluvial) en Jerez de la Frontera. WGS84: 36.81795, -6.030518.",IECA — Nomenclátor Geográfico de Andalucía (WFS app:Entidad),https://www.ideandalucia.es/wfs-nga/services,alta,Cádiz,Jerez de la Frontera,36.81795,-6.030518,2026-08-28
NGA-01202,geografia,toponimo,Arroyo del Pozo Dulce,"Arroyo del Pozo Dulce (Curso Fluvial) en Tarifa. WGS84: 36.155931, -5.758583.",IECA — Nomenclátor Geográfico de Andalucía (WFS app:Entidad),https://www.ideandalucia.es/wfs-nga/services,alta,Cádiz,Tarifa,36.155931,-5.758583,2026-08-28
NGA-01203,geografia,toponimo,Arroyo del Pozo Santo,"Arroyo del Pozo Santo (Curso Fluvial) en Villamartín. WGS84: 36.945711, -5.590637.",IECA — Nomenclátor Geográfico de Andalucía (WFS app:Entidad),https://www.ideandalucia.es/wfs-nga/services,alta,Cádiz,Villamartín,36.945711,-5.590637,2026-08-28
NGA-01204,geografia,toponimo,Arroyo del Pozo de Ruchena,"Arroyo del Pozo de Ruchena (Curso Fluvial) en Utrera. WGS84: 36.935432, -5.712278.",IECA — Nomenclátor Geográfico de Andalucía (WFS app:Entidad),https://www.ideandalucia.es/wfs-nga/services,alta,Cádiz,Utrera,36.935432,-5.712278,2026-08-28
NGA-01205,geografia,toponimo,Arroyo del Pradillo,"Arroyo del Pradillo (Curso Fluvial) en Conil de la Frontera. WGS84: 36.295638, -6.108469.",IECA — Nomenclátor Geográfico de Andalucía (WFS app:Entidad),https://www.ideandalucia.es/wfs-nga/services,alta,Cádiz,Conil de la Frontera,36.295638,-6.108469,2026-08-28
NGA-01206,geografia,toponimo,Arroyo del Pregonero,"Arroyo del Pregonero (Curso Fluvial) en Espera. WGS84: 36.893645, -5.80548.",IECA — Nomenclátor Geográfico de Andalucía (WFS app:Entidad),https://www.ideandalucia.es/wfs-nga/services,alta,Cádiz,Espera,36.893645,-5.80548,2026-08-28
NGA-01207,geografia,toponimo,Arroyo del Presidio,"Arroyo del Presidio (Curso Fluvial) en El Puerto de Santa María. WGS84: 36.643097, -6.262612.",IECA — Nomenclátor Geográfico de Andalucía (WFS app:Entidad),https://www.ideandalucia.es/wfs-nga/services,alta,Cádiz,El Puerto de Santa María,36.643097,-6.262612,2026-08-28
NGA-01208,geografia,toponimo,Arroyo del Prior,"Arroyo del Prior (Curso Fluvial) en Los Barrios. WGS84: 36.152083, -5.502268.",IECA — Nomenclátor Geográfico de Andalucía (WFS app:Entidad),https://www.ideandalucia.es/wfs-nga/services,alta,Cádiz,Los Barrios,36.152083,-5.502268,2026-08-28
NGA-01209,geografia,toponimo,Arroyo del Puente del Negro,"Arroyo del Puente del Negro (Curso Fluvial) en Jerez de la Frontera. WGS84: 36.803111, -6.054248.",IECA — Nomenclátor Geográfico de Andalucía (WFS app:Entidad),https://www.ideandalucia.es/wfs-nga/services,alta,Cádiz,Jerez de la Frontera,36.803111,-6.054248,2026-08-28
NGA-01210,geografia,toponimo,Arroyo del Puerco,"Arroyo del Puerco (Curso Fluvial) en Las Cabezas de San Juan. WGS84: 36.93213, -5.864035.",IECA — Nomenclátor Geográfico de Andalucía (WFS app:Entidad),https://www.ideandalucia.es/wfs-nga/services,alta,Cádiz,Las Cabezas de San Juan,36.93213,-5.864035,2026-08-28
NGA-01211,geografia,toponimo,Arroyo del Puerco,"Arroyo del Puerco (Curso Fluvial) en Vejer de la Frontera. WGS84: 36.217948, -6.033646.",IECA — Nomenclátor Geográfico de Andalucía (WFS app:Entidad),https://www.ideandalucia.es/wfs-nga/services,alta,Cádiz,Vejer de la Frontera,36.217948,-6.033646,2026-08-28
NGA-01212,geografia,toponimo,Arroyo del Puerto,"Arroyo del Puerto (Curso Fluvial) en Benaocaz. WGS84: 36.713077, -5.508247.",IECA — Nomenclátor Geográfico de Andalucía (WFS app:Entidad),https://www.ideandalucia.es/wfs-nga/services,alta,Cádiz,Benaocaz,36.713077,-5.508247,2026-08-28
NGA-01213,geografia,toponimo,Arroyo del Puerto,"Arroyo del Puerto (Curso Fluvial) en Algatocín. WGS84: 36.568705, -5.314822.",IECA — Nomenclátor Geográfico de Andalucía (WFS app:Entidad),https://www.ideandalucia.es/wfs-nga/services,alta,Cádiz,Algatocín,36.568705,-5.314822,2026-08-28
NGA-01214,geografia,toponimo,Arroyo del Puerto de los Lobos,"Arroyo del Puerto de los Lobos (Curso Fluvial) en Lebrija. WGS84: 36.899457, -6.034252.",IECA — Nomenclátor Geográfico de Andalucía (WFS app:Entidad),https://www.ideandalucia.es/wfs-nga/services,alta,Cádiz,Lebrija,36.899457,-6.034252,2026-08-28
NGA-01215,geografia,toponimo,Arroyo del Puerto de los Negros,"Arroyo del Puerto de los Negros (Curso Fluvial) en Jerez de la Frontera. WGS84: 36.647391, -5.549861.",IECA — Nomenclátor Geográfico de Andalucía (WFS app:Entidad),https://www.ideandalucia.es/wfs-nga/services,alta,Cádiz,Jerez de la Frontera,36.647391,-5.549861,2026-08-28
NGA-01216,geografia,toponimo,Arroyo del Puerto del Algarrobo,"Arroyo del Puerto del Algarrobo (Curso Fluvial) en Jerez de la Frontera. WGS84: 36.556475, -5.64654.",IECA — Nomenclátor Geográfico de Andalucía (WFS app:Entidad),https://www.ideandalucia.es/wfs-nga/services,alta,Cádiz,Jerez de la Frontera,36.556475,-5.64654,2026-08-28
NGA-01217,geografia,toponimo,Arroyo del Puerto del Lobo,"Arroyo del Puerto del Lobo (Curso Fluvial) en Jerez de la Frontera. WGS84: 36.64445, -5.527012.",IECA — Nomenclátor Geográfico de Andalucía (WFS app:Entidad),https://www.ideandalucia.es/wfs-nga/services,alta,Cádiz,Jerez de la Frontera,36.64445,-5.527012,2026-08-28
NGA-01218,geografia,toponimo,Arroyo del Pulido,"Arroyo del Pulido (Curso Fluvial) en Tarifa. WGS84: 36.100074, -5.753461.",IECA — Nomenclátor Geográfico de Andalucía (WFS app:Entidad),https://www.ideandalucia.es/wfs-nga/services,alta,Cádiz,Tarifa,36.100074,-5.753461,2026-08-28
NGA-01219,geografia,toponimo,Arroyo del Quejigal,"Arroyo del Quejigal (Curso Fluvial) en Jubrique. WGS84: 36.533834, -5.19415.",IECA — Nomenclátor Geográfico de Andalucía (WFS app:Entidad),https://www.ideandalucia.es/wfs-nga/services,alta,Cádiz,Jubrique,36.533834,-5.19415,2026-08-28
NGA-01220,geografia,toponimo,Arroyo del Quejigo,"Arroyo del Quejigo (Curso Fluvial) en Castellar de la Frontera. WGS84: 36.304179, -5.503678.",IECA — Nomenclátor Geográfico de Andalucía (WFS app:Entidad),https://www.ideandalucia.es/wfs-nga/services,alta,Cádiz,Castellar de la Frontera,36.304179,-5.503678,2026-08-28
NGA-01221,geografia,toponimo,Arroyo del Quejigo,"Arroyo del Quejigo (Curso Fluvial) en Jubrique. WGS84: 36.533141, -5.176007.",IECA — Nomenclátor Geográfico de Andalucía (WFS app:Entidad),https://www.ideandalucia.es/wfs-nga/services,alta,Cádiz,Jubrique,36.533141,-5.176007,2026-08-28
NGA-01222,geografia,toponimo,Arroyo del Quinto,"Arroyo del Quinto (Curso Fluvial) en Conil de la Frontera. WGS84: 36.298744, -6.109574.",IECA — Nomenclátor Geográfico de Andalucía (WFS app:Entidad),https://www.ideandalucia.es/wfs-nga/services,alta,Cádiz,Conil de la Frontera,36.298744,-6.109574,2026-08-28
NGA-01223,geografia,toponimo,Arroyo del Rancho de las Cruces,"Arroyo del Rancho de las Cruces (Curso Fluvial) en San José del Valle. WGS84: 36.600058, -5.824803.",IECA — Nomenclátor Geográfico de Andalucía (WFS app:Entidad),https://www.ideandalucia.es/wfs-nga/services,alta,Cádiz,San José del Valle,36.600058,-5.824803,2026-08-28
NGA-01224,geografia,toponimo,Arroyo del Rano,"Arroyo del Rano (Curso Fluvial) en Jerez de la Frontera. WGS84: 36.768019, -6.019959.",IECA — Nomenclátor Geográfico de Andalucía (WFS app:Entidad),https://www.ideandalucia.es/wfs-nga/services,alta,Cádiz,Jerez de la Frontera,36.768019,-6.019959,2026-08-28
NGA-01225,geografia,toponimo,Arroyo del Rano,"Arroyo del Rano (Obra Hidráulica) en Jerez de la Frontera. WGS84: 36.747185, -6.042133.",IECA — Nomenclátor Geográfico de Andalucía (WFS app:Entidad),https://www.ideandalucia.es/wfs-nga/services,alta,Cádiz,Jerez de la Frontera,36.747185,-6.042133,2026-08-28
NGA-01226,geografia,toponimo,Arroyo del Recentón,"Arroyo del Recentón (Curso Fluvial) en Genalguacil. WGS84: 36.519246, -5.251778.",IECA — Nomenclátor Geográfico de Andalucía (WFS app:Entidad),https://www.ideandalucia.es/wfs-nga/services,alta,Cádiz,Genalguacil,36.519246,-5.251778,2026-08-28
NGA-01227,geografia,toponimo,Arroyo del Recobero,"Arroyo del Recobero (Curso Fluvial) en Alcalá de los Gazules. WGS84: 36.447349, -5.753001.",IECA — Nomenclátor Geográfico de Andalucía (WFS app:Entidad),https://www.ideandalucia.es/wfs-nga/services,alta,Cádiz,Alcalá de los Gazules,36.447349,-5.753001,2026-08-28
NGA-01228,geografia,toponimo,Arroyo del Retiro,"Arroyo del Retiro (Curso Fluvial) en Tarifa. WGS84: 36.029421, -5.581226.",IECA — Nomenclátor Geográfico de Andalucía (WFS app:Entidad),https://www.ideandalucia.es/wfs-nga/services,alta,Cádiz,Tarifa,36.029421,-5.581226,2026-08-28
NGA-01229,geografia,toponimo,Arroyo del Rey,"Arroyo del Rey (Curso Fluvial) en Arcos de la Frontera. WGS84: 36.825067, -5.84333.",IECA — Nomenclátor Geográfico de Andalucía (WFS app:Entidad),https://www.ideandalucia.es/wfs-nga/services,alta,Cádiz,Arcos de la Frontera,36.825067,-5.84333,2026-08-28
NGA-01230,geografia,toponimo,Arroyo del Riachuelo,"Arroyo del Riachuelo (Curso Fluvial) en Cartajima. WGS84: 36.647825, -5.147873.",IECA — Nomenclátor Geográfico de Andalucía (WFS app:Entidad),https://www.ideandalucia.es/wfs-nga/services,alta,Cádiz,Cartajima,36.647825,-5.147873,2026-08-28
NGA-01231,geografia,toponimo,Arroyo del Risco de las Pilas,"Arroyo del Risco de las Pilas (Curso Fluvial) en Medina Sidonia. WGS84: 36.426734, -5.884711.",IECA — Nomenclátor Geográfico de Andalucía (WFS app:Entidad),https://www.ideandalucia.es/wfs-nga/services,alta,Cádiz,Medina Sidonia,36.426734,-5.884711,2026-08-28
NGA-01232,geografia,toponimo,Arroyo del Romero,"Arroyo del Romero (Curso Fluvial) en San José del Valle. WGS84: 36.610416, -5.708063.",IECA — Nomenclátor Geográfico de Andalucía (WFS app:Entidad),https://www.ideandalucia.es/wfs-nga/services,alta,Cádiz,San José del Valle,36.610416,-5.708063,2026-08-28
NGA-01233,geografia,toponimo,Arroyo del Roncador,"Arroyo del Roncador (Curso Fluvial) en Utrera. WGS84: 36.945067, -5.597014.",IECA — Nomenclátor Geográfico de Andalucía (WFS app:Entidad),https://www.ideandalucia.es/wfs-nga/services,alta,Cádiz,Utrera,36.945067,-5.597014,2026-08-28
NGA-01234,geografia,toponimo,Arroyo del Rosal,"Arroyo del Rosal (Curso Fluvial) en Alcalá de los Gazules. WGS84: 36.546295, -5.797352.",IECA — Nomenclátor Geográfico de Andalucía (WFS app:Entidad),https://www.ideandalucia.es/wfs-nga/services,alta,Cádiz,Alcalá de los Gazules,36.546295,-5.797352,2026-08-28
NGA-01235,geografia,toponimo,Arroyo del Rosalejo,"Arroyo del Rosalejo (Curso Fluvial) en Chiclana de la Frontera. WGS84: 36.427647, -6.101179.",IECA — Nomenclátor Geográfico de Andalucía (WFS app:Entidad),https://www.ideandalucia.es/wfs-nga/services,alta,Cádiz,Chiclana de la Frontera,36.427647,-6.101179,2026-08-28
NGA-01236,geografia,toponimo,Arroyo del Rosalejo,"Arroyo del Rosalejo (Curso Fluvial) en Arcos de la Frontera. WGS84: 36.696185, -5.664858.",IECA — Nomenclátor Geográfico de Andalucía (WFS app:Entidad),https://www.ideandalucia.es/wfs-nga/services,alta,Cádiz,Arcos de la Frontera,36.696185,-5.664858,2026-08-28
NGA-01237,geografia,toponimo,Arroyo del Saguazal,"Arroyo del Saguazal (Curso Fluvial) en Lebrija. WGS84: 36.889696, -5.887367.",IECA — Nomenclátor Geográfico de Andalucía (WFS app:Entidad),https://www.ideandalucia.es/wfs-nga/services,alta,Cádiz,Lebrija,36.889696,-5.887367,2026-08-28
NGA-01238,geografia,toponimo,Arroyo del Saladillo,"Arroyo del Saladillo (Curso Fluvial) en Medina Sidonia. WGS84: 36.431161, -6.022978.",IECA — Nomenclátor Geográfico de Andalucía (WFS app:Entidad),https://www.ideandalucia.es/wfs-nga/services,alta,Cádiz,Medina Sidonia,36.431161,-6.022978,2026-08-28
NGA-01239,geografia,toponimo,Arroyo del Salado,"Arroyo del Salado (Obra Hidráulica) en Lebrija. WGS84: 36.929898, -5.94669.",IECA — Nomenclátor Geográfico de Andalucía (WFS app:Entidad),https://www.ideandalucia.es/wfs-nga/services,alta,Cádiz,Lebrija,36.929898,-5.94669,2026-08-28
NGA-01240,geografia,toponimo,Arroyo del Salado,"Arroyo del Salado (Curso Fluvial) en Lebrija. WGS84: 36.8897, -5.932972.",IECA — Nomenclátor Geográfico de Andalucía (WFS app:Entidad),https://www.ideandalucia.es/wfs-nga/services,alta,Cádiz,Lebrija,36.8897,-5.932972,2026-08-28
NGA-01241,geografia,toponimo,Arroyo del Salado,"Arroyo del Salado (Curso Fluvial) en El Puerto de Santa María. WGS84: 36.6901, -6.312704.",IECA — Nomenclátor Geográfico de Andalucía (WFS app:Entidad),https://www.ideandalucia.es/wfs-nga/services,alta,Cádiz,El Puerto de Santa María,36.6901,-6.312704,2026-08-28
NGA-01242,geografia,toponimo,Arroyo del Salado,"Arroyo del Salado (Obra Hidráulica) en Puerto Real. WGS84: 36.577765, -6.142914.",IECA — Nomenclátor Geográfico de Andalucía (WFS app:Entidad),https://www.ideandalucia.es/wfs-nga/services,alta,Cádiz,Puerto Real,36.577765,-6.142914,2026-08-28
NGA-01243,geografia,toponimo,Arroyo del Salado,"Arroyo del Salado (Curso Fluvial) en Espera. WGS84: 36.862474, -5.804407.",IECA — Nomenclátor Geográfico de Andalucía (WFS app:Entidad),https://www.ideandalucia.es/wfs-nga/services,alta,Cádiz,Espera,36.862474,-5.804407,2026-08-28
NGA-01244,geografia,toponimo,Arroyo del Salado,"Arroyo del Salado (Curso Fluvial) en Arcos de la Frontera. WGS84: 36.703847, -5.846106.",IECA — Nomenclátor Geográfico de Andalucía (WFS app:Entidad),https://www.ideandalucia.es/wfs-nga/services,alta,Cádiz,Arcos de la Frontera,36.703847,-5.846106,2026-08-28
NGA-01245,geografia,toponimo,Arroyo del Salitre,"Arroyo del Salitre (Curso Fluvial) en Benalauría. WGS84: 36.579187, -5.330814.",IECA — Nomenclátor Geográfico de Andalucía (WFS app:Entidad),https://www.ideandalucia.es/wfs-nga/services,alta,Cádiz,Benalauría,36.579187,-5.330814,2026-08-28
NGA-01246,geografia,toponimo,Arroyo del Saltillo,"Arroyo del Saltillo (Curso Fluvial) en Medina Sidonia. WGS84: 36.432912, -6.030948.",IECA — Nomenclátor Geográfico de Andalucía (WFS app:Entidad),https://www.ideandalucia.es/wfs-nga/services,alta,Cádiz,Medina Sidonia,36.432912,-6.030948,2026-08-28
NGA-01247,geografia,toponimo,Arroyo del Sancho,"Arroyo del Sancho (Curso Fluvial) en Jimena de la Frontera. WGS84: 36.383418, -5.416635.",IECA — Nomenclátor Geográfico de Andalucía (WFS app:Entidad),https://www.ideandalucia.es/wfs-nga/services,alta,Cádiz,Jimena de la Frontera,36.383418,-5.416635,2026-08-28
NGA-01248,geografia,toponimo,Arroyo del Sanguinar,"Arroyo del Sanguinar (Curso Fluvial) en Jimena de la Frontera. WGS84: 36.396341, -5.460907.",IECA — Nomenclátor Geográfico de Andalucía (WFS app:Entidad),https://www.ideandalucia.es/wfs-nga/services,alta,Cádiz,Jimena de la Frontera,36.396341,-5.460907,2026-08-28
NGA-01249,geografia,toponimo,Arroyo del Sanguino,"Arroyo del Sanguino (Curso Fluvial) en Pruna. WGS84: 36.955589, -5.243877.",IECA — Nomenclátor Geográfico de Andalucía (WFS app:Entidad),https://www.ideandalucia.es/wfs-nga/services,alta,Cádiz,Pruna,36.955589,-5.243877,2026-08-28
NGA-01250,geografia,toponimo,Arroyo del Santiscal,"Arroyo del Santiscal (Curso Fluvial) en Arcos de la Frontera. WGS84: 36.760826, -5.742696.",IECA — Nomenclátor Geográfico de Andalucía (WFS app:Entidad),https://www.ideandalucia.es/wfs-nga/services,alta,Cádiz,Arcos de la Frontera,36.760826,-5.742696,2026-08-28
NGA-01251,geografia,toponimo,Arroyo del Sapillo,"Arroyo del Sapillo (Curso Fluvial) en Villamartín. WGS84: 36.829008, -5.64077.",IECA — Nomenclátor Geográfico de Andalucía (WFS app:Entidad),https://www.ideandalucia.es/wfs-nga/services,alta,Cádiz,Villamartín,36.829008,-5.64077,2026-08-28
NGA-01252,geografia,toponimo,Arroyo del Sequillo,"Arroyo del Sequillo (Obra Hidráulica) en Las Cabezas de San Juan. WGS84: 36.936663, -5.935923.",IECA — Nomenclátor Geográfico de Andalucía (WFS app:Entidad),https://www.ideandalucia.es/wfs-nga/services,alta,Cádiz,Las Cabezas de San Juan,36.936663,-5.935923,2026-08-28
NGA-01253,geografia,toponimo,Arroyo del Sieso,"Arroyo del Sieso (Curso Fluvial) en El Bosque. WGS84: 36.776188, -5.49448.",IECA — Nomenclátor Geográfico de Andalucía (WFS app:Entidad),https://www.ideandalucia.es/wfs-nga/services,alta,Cádiz,El Bosque,36.776188,-5.49448,2026-08-28
NGA-01254,geografia,toponimo,Arroyo del Tajo Amarillo,"Arroyo del Tajo Amarillo (Curso Fluvial) en Los Barrios. WGS84: 36.262293, -5.527666.",IECA — Nomenclátor Geográfico de Andalucía (WFS app:Entidad),https://www.ideandalucia.es/wfs-nga/services,alta,Cádiz,Los Barrios,36.262293,-5.527666,2026-08-28
NGA-01255,geografia,toponimo,Arroyo del Tajo del Águila,"Arroyo del Tajo del Águila (Curso Fluvial) en Jimera de Líbar. WGS84: 36.640864, -5.266662.",IECA — Nomenclátor Geográfico de Andalucía (WFS app:Entidad),https://www.ideandalucia.es/wfs-nga/services,alta,Cádiz,Jimera de Líbar,36.640864,-5.266662,2026-08-28
NGA-01256,geografia,toponimo,Arroyo del Talancón,"Arroyo del Talancón (Curso Fluvial) en Algar. WGS84: 36.663946, -5.681714.",IECA — Nomenclátor Geográfico de Andalucía (WFS app:Entidad),https://www.ideandalucia.es/wfs-nga/services,alta,Cádiz,Algar,36.663946,-5.681714,2026-08-28
NGA-01257,geografia,toponimo,Arroyo del Talancón o del Chorrito,"Arroyo del Talancón o del Chorrito (Curso Fluvial) en Algar. WGS84: 36.662852, -5.669357.",IECA — Nomenclátor Geográfico de Andalucía (WFS app:Entidad),https://www.ideandalucia.es/wfs-nga/services,alta,Cádiz,Algar,36.662852,-5.669357,2026-08-28
NGA-01258,geografia,toponimo,Arroyo del Tejar,"Arroyo del Tejar (Curso Fluvial) en Puerto Serrano. WGS84: 36.922788, -5.530098.",IECA — Nomenclátor Geográfico de Andalucía (WFS app:Entidad),https://www.ideandalucia.es/wfs-nga/services,alta,Cádiz,Puerto Serrano,36.922788,-5.530098,2026-08-28
NGA-01259,geografia,toponimo,Arroyo del Tesorillo,"Arroyo del Tesorillo (Curso Fluvial) en Arcos de la Frontera. WGS84: 36.770905, -5.828003.",IECA — Nomenclátor Geográfico de Andalucía (WFS app:Entidad),https://www.ideandalucia.es/wfs-nga/services,alta,Cádiz,Arcos de la Frontera,36.770905,-5.828003,2026-08-28
NGA-01260,geografia,toponimo,Arroyo del Tiesto,"Arroyo del Tiesto (Curso Fluvial) en Jimena de la Frontera. WGS84: 36.377111, -5.534074.",IECA — Nomenclátor Geográfico de Andalucía (WFS app:Entidad),https://www.ideandalucia.es/wfs-nga/services,alta,Cádiz,Jimena de la Frontera,36.377111,-5.534074,2026-08-28
NGA-01261,geografia,toponimo,Arroyo del Tinajero,"Arroyo del Tinajero (Curso Fluvial) en Arcos de la Frontera. WGS84: 36.719905, -5.580864.",IECA — Nomenclátor Geográfico de Andalucía (WFS app:Entidad),https://www.ideandalucia.es/wfs-nga/services,alta,Cádiz,Arcos de la Frontera,36.719905,-5.580864,2026-08-28
NGA-01262,geografia,toponimo,Arroyo del Tiradero o del Raudal,"Arroyo del Tiradero o del Raudal (Curso Fluvial) en Los Barrios. WGS84: 36.193825, -5.544833.",IECA — Nomenclátor Geográfico de Andalucía (WFS app:Entidad),https://www.ideandalucia.es/wfs-nga/services,alta,Cádiz,Los Barrios,36.193825,-5.544833,2026-08-28
NGA-01263,geografia,toponimo,Arroyo del Tizón,"Arroyo del Tizón (Curso Fluvial) en Castellar de la Frontera. WGS84: 36.354384, -5.515845.",IECA — Nomenclátor Geográfico de Andalucía (WFS app:Entidad),https://www.ideandalucia.es/wfs-nga/services,alta,Cádiz,Castellar de la Frontera,36.354384,-5.515845,2026-08-28
NGA-01264,geografia,toponimo,Arroyo del Tonalejo o del Saltillo,"Arroyo del Tonalejo o del Saltillo (Curso Fluvial) en Medina Sidonia. WGS84: 36.456258, -5.82984.",IECA — Nomenclátor Geográfico de Andalucía (WFS app:Entidad),https://www.ideandalucia.es/wfs-nga/services,alta,Cádiz,Medina Sidonia,36.456258,-5.82984,2026-08-28
NGA-01265,geografia,toponimo,Arroyo del Torero,"Arroyo del Torero (Curso Fluvial) en Tarifa. WGS84: 36.24628, -5.775168.",IECA — Nomenclátor Geográfico de Andalucía (WFS app:Entidad),https://www.ideandalucia.es/wfs-nga/services,alta,Cádiz,Tarifa,36.24628,-5.775168,2026-08-28
NGA-01266,geografia,toponimo,Arroyo del Toro,"Arroyo del Toro (Curso Fluvial) en El Puerto de Santa María. WGS84: 36.658921, -6.21724.",IECA — Nomenclátor Geográfico de Andalucía (WFS app:Entidad),https://www.ideandalucia.es/wfs-nga/services,alta,Cádiz,El Puerto de Santa María,36.658921,-6.21724,2026-08-28
NGA-01267,geografia,toponimo,Arroyo del Toro,"Arroyo del Toro (Curso Fluvial) en Chiclana de la Frontera. WGS84: 36.437021, -6.060008.",IECA — Nomenclátor Geográfico de Andalucía (WFS app:Entidad),https://www.ideandalucia.es/wfs-nga/services,alta,Cádiz,Chiclana de la Frontera,36.437021,-6.060008,2026-08-28
NGA-01268,geografia,toponimo,Arroyo del Toronjil,"Arroyo del Toronjil (Curso Fluvial) en Arcos de la Frontera. WGS84: 36.789921, -5.773811.",IECA — Nomenclátor Geográfico de Andalucía (WFS app:Entidad),https://www.ideandalucia.es/wfs-nga/services,alta,Cádiz,Arcos de la Frontera,36.789921,-5.773811,2026-08-28
NGA-01269,geografia,toponimo,Arroyo del Tramposo,"Arroyo del Tramposo (Curso Fluvial) en Alcalá de los Gazules. WGS84: 36.39967, -5.644334.",IECA — Nomenclátor Geográfico de Andalucía (WFS app:Entidad),https://www.ideandalucia.es/wfs-nga/services,alta,Cádiz,Alcalá de los Gazules,36.39967,-5.644334,2026-08-28
NGA-01270,geografia,toponimo,Arroyo del Trimpancho,"Arroyo del Trimpancho (Curso Fluvial) en Tarifa. WGS84: 36.249054, -5.767191.",IECA — Nomenclátor Geográfico de Andalucía (WFS app:Entidad),https://www.ideandalucia.es/wfs-nga/services,alta,Cádiz,Tarifa,36.249054,-5.767191,2026-08-28
NGA-01271,geografia,toponimo,Arroyo del Valdespera,"Arroyo del Valdespera (Curso Fluvial) en Los Barrios. WGS84: 36.247107, -5.585068.",IECA — Nomenclátor Geográfico de Andalucía (WFS app:Entidad),https://www.ideandalucia.es/wfs-nga/services,alta,Cádiz,Los Barrios,36.247107,-5.585068,2026-08-28
NGA-01272,geografia,toponimo,Arroyo del Valle,"Arroyo del Valle (Curso Fluvial) en Tarifa. WGS84: 36.118947, -5.699424.",IECA — Nomenclátor Geográfico de Andalucía (WFS app:Entidad),https://www.ideandalucia.es/wfs-nga/services,alta,Cádiz,Tarifa,36.118947,-5.699424,2026-08-28
NGA-01273,geografia,toponimo,Arroyo del Valle,"Arroyo del Valle (Curso Fluvial) en Casares. WGS84: 36.448828, -5.33829.",IECA — Nomenclátor Geográfico de Andalucía (WFS app:Entidad),https://www.ideandalucia.es/wfs-nga/services,alta,Cádiz,Casares,36.448828,-5.33829,2026-08-28
NGA-01274,geografia,toponimo,Arroyo del Velerín,"Arroyo del Velerín (Curso Fluvial) en Estepona. WGS84: 36.512557, -5.12177.",IECA — Nomenclátor Geográfico de Andalucía (WFS app:Entidad),https://www.ideandalucia.es/wfs-nga/services,alta,Cádiz,Estepona,36.512557,-5.12177,2026-08-28
NGA-01275,geografia,toponimo,Arroyo del Ventura,"Arroyo del Ventura (Curso Fluvial) en Montellano. WGS84: 36.975741, -5.501623.",IECA — Nomenclátor Geográfico de Andalucía (WFS app:Entidad),https://www.ideandalucia.es/wfs-nga/services,alta,Cádiz,Montellano,36.975741,-5.501623,2026-08-28
NGA-01276,geografia,toponimo,Arroyo del Vihuela,"Arroyo del Vihuela (Curso Fluvial) en El Bosque. WGS84: 36.739455, -5.512911.",IECA — Nomenclátor Geográfico de Andalucía (WFS app:Entidad),https://www.ideandalucia.es/wfs-nga/services,alta,Cádiz,El Bosque,36.739455,-5.512911,2026-08-28
NGA-01277,geografia,toponimo,Arroyo del Yesero,"Arroyo del Yesero (Curso Fluvial) en Puerto Real. WGS84: 36.545284, -6.023967.",IECA — Nomenclátor Geográfico de Andalucía (WFS app:Entidad),https://www.ideandalucia.es/wfs-nga/services,alta,Cádiz,Puerto Real,36.545284,-6.023967,2026-08-28
NGA-01278,geografia,toponimo,Arroyo del Yeso,"Arroyo del Yeso (Curso Fluvial) en Lebrija. WGS84: 36.88829, -5.901321.",IECA — Nomenclátor Geográfico de Andalucía (WFS app:Entidad),https://www.ideandalucia.es/wfs-nga/services,alta,Cádiz,Lebrija,36.88829,-5.901321,2026-08-28
NGA-01279,geografia,toponimo,Arroyo del Yeso,"Arroyo del Yeso (Curso Fluvial) en Medina Sidonia. WGS84: 36.372362, -5.845758.",IECA — Nomenclátor Geográfico de Andalucía (WFS app:Entidad),https://www.ideandalucia.es/wfs-nga/services,alta,Cádiz,Medina Sidonia,36.372362,-5.845758,2026-08-28
NGA-01280,geografia,toponimo,Arroyo del Zad,"Arroyo del Zad (Curso Fluvial) en Olvera. WGS84: 36.891505, -5.318374.",IECA — Nomenclátor Geográfico de Andalucía (WFS app:Entidad),https://www.ideandalucia.es/wfs-nga/services,alta,Cádiz,Olvera,36.891505,-5.318374,2026-08-28
NGA-01281,geografia,toponimo,Arroyo del Zanjar,"Arroyo del Zanjar (Curso Fluvial) en Arcos de la Frontera. WGS84: 36.795283, -5.70039.",IECA — Nomenclátor Geográfico de Andalucía (WFS app:Entidad),https://www.ideandalucia.es/wfs-nga/services,alta,Cádiz,Arcos de la Frontera,36.795283,-5.70039,2026-08-28
NGA-01282,geografia,toponimo,Arroyo del Zumajo,"Arroyo del Zumajo (Curso Fluvial) en Castellar de la Frontera. WGS84: 36.313334, -5.511661.",IECA — Nomenclátor Geográfico de Andalucía (WFS app:Entidad),https://www.ideandalucia.es/wfs-nga/services,alta,Cádiz,Castellar de la Frontera,36.313334,-5.511661,2026-08-28
NGA-01283,geografia,toponimo,Arroyo del Zumajo del Olivar,"Arroyo del Zumajo del Olivar (Curso Fluvial) en San José del Valle. WGS84: 36.627945, -5.844268.",IECA — Nomenclátor Geográfico de Andalucía (WFS app:Entidad),https://www.ideandalucia.es/wfs-nga/services,alta,Cádiz,San José del Valle,36.627945,-5.844268,2026-08-28
NGA-01284,geografia,toponimo,Arroyo del Águila,"Arroyo del Águila (Curso Fluvial) en Medina Sidonia. WGS84: 36.266893, -5.713498.",IECA — Nomenclátor Geográfico de Andalucía (WFS app:Entidad),https://www.ideandalucia.es/wfs-nga/services,alta,Cádiz,Medina Sidonia,36.266893,-5.713498,2026-08-28
NGA-01285,geografia,toponimo,Arroyo del Águila,"Arroyo del Águila (Curso Fluvial) en Montecorto. WGS84: 36.800156, -5.316501.",IECA — Nomenclátor Geográfico de Andalucía (WFS app:Entidad),https://www.ideandalucia.es/wfs-nga/services,alta,Cádiz,Montecorto,36.800156,-5.316501,2026-08-28
NGA-01286,geografia,toponimo,Arroyo del Águila,"Arroyo del Águila (Curso Fluvial) en Alpandeire. WGS84: 36.677067, -5.238913.",IECA — Nomenclátor Geográfico de Andalucía (WFS app:Entidad),https://www.ideandalucia.es/wfs-nga/services,alta,Cádiz,Alpandeire,36.677067,-5.238913,2026-08-28
NGA-01287,geografia,toponimo,Arroyo del Álamo,"Arroyo del Álamo (Curso Fluvial) en Utrera. WGS84: 37.002145, -5.652145.",IECA — Nomenclátor Geográfico de Andalucía (WFS app:Entidad),https://www.ideandalucia.es/wfs-nga/services,alta,Cádiz,Utrera,37.002145,-5.652145,2026-08-28
NGA-01288,geografia,toponimo,Arroyo del Álamo,"Arroyo del Álamo (Curso Fluvial) en Algodonales. WGS84: 36.855713, -5.427866.",IECA — Nomenclátor Geográfico de Andalucía (WFS app:Entidad),https://www.ideandalucia.es/wfs-nga/services,alta,Cádiz,Algodonales,36.855713,-5.427866,2026-08-28
NGA-01289,geografia,toponimo,Arroyo el Alacrán,"Arroyo el Alacrán (Curso Fluvial) en Alcalá de los Gazules. WGS84: 36.411101, -5.784865.",IECA — Nomenclátor Geográfico de Andalucía (WFS app:Entidad),https://www.ideandalucia.es/wfs-nga/services,alta,Cádiz,Alcalá de los Gazules,36.411101,-5.784865,2026-08-28
NGA-01290,geografia,toponimo,Arroyo el Arcón,"Arroyo el Arcón (Curso Fluvial) en Jerez de la Frontera. WGS84: 36.571282, -5.694692.",IECA — Nomenclátor Geográfico de Andalucía (WFS app:Entidad),https://www.ideandalucia.es/wfs-nga/services,alta,Cádiz,Jerez de la Frontera,36.571282,-5.694692,2026-08-28
NGA-01291,geografia,toponimo,Arroyo el Caballo,"Arroyo el Caballo (Curso Fluvial) en Los Barrios. WGS84: 36.172516, -5.583074.",IECA — Nomenclátor Geográfico de Andalucía (WFS app:Entidad),https://www.ideandalucia.es/wfs-nga/services,alta,Cádiz,Los Barrios,36.172516,-5.583074,2026-08-28
NGA-01292,geografia,toponimo,Arroyo el Carrizo,"Arroyo el Carrizo (Curso Fluvial) en Medina Sidonia. WGS84: 36.393171, -5.83109.",IECA — Nomenclátor Geográfico de Andalucía (WFS app:Entidad),https://www.ideandalucia.es/wfs-nga/services,alta,Cádiz,Medina Sidonia,36.393171,-5.83109,2026-08-28
NGA-01293,geografia,toponimo,Arroyo el Cubil,"Arroyo el Cubil (Curso Fluvial) en Prado del Rey. WGS84: 36.783954, -5.530042.",IECA — Nomenclátor Geográfico de Andalucía (WFS app:Entidad),https://www.ideandalucia.es/wfs-nga/services,alta,Cádiz,Prado del Rey,36.783954,-5.530042,2026-08-28
NGA-01294,geografia,toponimo,Arroyo el Indiano,"Arroyo el Indiano (Curso Fluvial) en Manilva. WGS84: 36.357734, -5.261562.",IECA — Nomenclátor Geográfico de Andalucía (WFS app:Entidad),https://www.ideandalucia.es/wfs-nga/services,alta,Cádiz,Manilva,36.357734,-5.261562,2026-08-28
NGA-01295,geografia,toponimo,Arroyo el Lobero,"Arroyo el Lobero (Curso Fluvial) en Montellano. WGS84: 37.005254, -5.581651.",IECA — Nomenclátor Geográfico de Andalucía (WFS app:Entidad),https://www.ideandalucia.es/wfs-nga/services,alta,Cádiz,Montellano,37.005254,-5.581651,2026-08-28
NGA-01296,geografia,toponimo,Arroyo la Alameda,"Arroyo la Alameda (Curso Fluvial) en Espera. WGS84: 36.879234, -5.756674.",IECA — Nomenclátor Geográfico de Andalucía (WFS app:Entidad),https://www.ideandalucia.es/wfs-nga/services,alta,Cádiz,Espera,36.879234,-5.756674,2026-08-28
NGA-01297,geografia,toponimo,Arroyo la Casa,"Arroyo la Casa (Curso Fluvial) en Jimena de la Frontera. WGS84: 36.400623, -5.551269.",IECA — Nomenclátor Geográfico de Andalucía (WFS app:Entidad),https://www.ideandalucia.es/wfs-nga/services,alta,Cádiz,Jimena de la Frontera,36.400623,-5.551269,2026-08-28
NGA-01298,geografia,toponimo,Arroyo la Cotilla,"Arroyo la Cotilla (Curso Fluvial) en Puerto Serrano. WGS84: 37.004569, -5.451713.",IECA — Nomenclátor Geográfico de Andalucía (WFS app:Entidad),https://www.ideandalucia.es/wfs-nga/services,alta,Cádiz,Puerto Serrano,37.004569,-5.451713,2026-08-28
NGA-01299,geografia,toponimo,Arroyo la Mujer,"Arroyo la Mujer (Curso Fluvial) en San Roque. WGS84: 36.229766, -5.36146.",IECA — Nomenclátor Geográfico de Andalucía (WFS app:Entidad),https://www.ideandalucia.es/wfs-nga/services,alta,Cádiz,San Roque,36.229766,-5.36146,2026-08-28
NGA-01300,geografia,toponimo,Arroyo la Paloma,"Arroyo la Paloma (Curso Fluvial) en Tarifa. WGS84: 36.161761, -5.631328.",IECA — Nomenclátor Geográfico de Andalucía (WFS app:Entidad),https://www.ideandalucia.es/wfs-nga/services,alta,Cádiz,Tarifa,36.161761,-5.631328,2026-08-28
NGA-01301,geografia,toponimo,Arroyo la Vicarla,"Arroyo la Vicarla (Curso Fluvial) en Zahara. WGS84: 36.838326, -5.367717.",IECA — Nomenclátor Geográfico de Andalucía (WFS app:Entidad),https://www.ideandalucia.es/wfs-nga/services,alta,Cádiz,Zahara,36.838326,-5.367717,2026-08-28
NGA-01302,geografia,toponimo,Arroyo la Víbora,"Arroyo la Víbora (Curso Fluvial) en Jerez de la Frontera. WGS84: 36.548983, -5.676421.",IECA — Nomenclátor Geográfico de Andalucía (WFS app:Entidad),https://www.ideandalucia.es/wfs-nga/services,alta,Cádiz,Jerez de la Frontera,36.548983,-5.676421,2026-08-28
NGA-01303,geografia,toponimo,Arroyo las Campanillas,"Arroyo las Campanillas (Curso Fluvial) en Tarifa. WGS84: 36.185957, -5.734656.",IECA — Nomenclátor Geográfico de Andalucía (WFS app:Entidad),https://www.ideandalucia.es/wfs-nga/services,alta,Cádiz,Tarifa,36.185957,-5.734656,2026-08-28
NGA-01304,geografia,toponimo,Arroyo las Carboneras,"Arroyo las Carboneras (Curso Fluvial) en Medina Sidonia. WGS84: 36.449381, -5.822845.",IECA — Nomenclátor Geográfico de Andalucía (WFS app:Entidad),https://www.ideandalucia.es/wfs-nga/services,alta,Cádiz,Medina Sidonia,36.449381,-5.822845,2026-08-28
NGA-01305,geografia,toponimo,Arroyo las Viñas de la Alquería,"Arroyo las Viñas de la Alquería (Curso Fluvial) en Alcalá de los Gazules. WGS84: 36.517284, -5.773072.",IECA — Nomenclátor Geográfico de Andalucía (WFS app:Entidad),https://www.ideandalucia.es/wfs-nga/services,alta,Cádiz,Alcalá de los Gazules,36.517284,-5.773072,2026-08-28
NGA-01306,geografia,toponimo,Arroyo los Ballesteros,"Arroyo los Ballesteros (Curso Fluvial) en Alcalá de los Gazules. WGS84: 36.53501, -5.777538.",IECA — Nomenclátor Geográfico de Andalucía (WFS app:Entidad),https://www.ideandalucia.es/wfs-nga/services,alta,Cádiz,Alcalá de los Gazules,36.53501,-5.777538,2026-08-28
NGA-01307,geografia,toponimo,Arroyo los Cuarenta,"Arroyo los Cuarenta (Curso Fluvial) en Espera. WGS84: 36.893277, -5.729356.",IECA — Nomenclátor Geográfico de Andalucía (WFS app:Entidad),https://www.ideandalucia.es/wfs-nga/services,alta,Cádiz,Espera,36.893277,-5.729356,2026-08-28
NGA-01308,geografia,toponimo,Arroyo los López,"Arroyo los López (Curso Fluvial) en Medina Sidonia. WGS84: 36.337749, -5.708155.",IECA — Nomenclátor Geográfico de Andalucía (WFS app:Entidad),https://www.ideandalucia.es/wfs-nga/services,alta,Cádiz,Medina Sidonia,36.337749,-5.708155,2026-08-28
NGA-01320,geografia,toponimo,Atravesada,"Atravesada (Masa de Agua) en Puerto Real. WGS84: 36.496583, -6.157127.",IECA — Nomenclátor Geográfico de Andalucía (WFS app:Entidad),https://www.ideandalucia.es/wfs-nga/services,alta,Cádiz,Puerto Real,36.496583,-6.157127,2026-08-28
NGA-01335,geografia,toponimo,Bahía de Algeciras,"Bahía de Algeciras (Relieve Litoral / Marítimo) en Algeciras. WGS84: 36.144629, -5.434915.",IECA — Nomenclátor Geográfico de Andalucía (WFS app:Entidad),https://www.ideandalucia.es/wfs-nga/services,alta,Cádiz,Algeciras,36.144629,-5.434915,2026-08-28
NGA-01337,geografia,toponimo,Bahía de Cádiz,"Bahía de Cádiz (Relieve Litoral / Marítimo) en Cádiz. WGS84: 36.545932, -6.286253.",IECA — Nomenclátor Geográfico de Andalucía (WFS app:Entidad),https://www.ideandalucia.es/wfs-nga/services,alta,Cádiz,Cádiz,36.545932,-6.286253,2026-08-28
NGA-01338,geografia,toponimo,Bahía de Estepona,"Bahía de Estepona (Relieve Litoral / Marítimo) en Estepona. WGS84: 36.411528, -5.174817.",IECA — Nomenclátor Geográfico de Andalucía (WFS app:Entidad),https://www.ideandalucia.es/wfs-nga/services,alta,Cádiz,Estepona,36.411528,-5.174817,2026-08-28
NGA-01339,geografia,toponimo,Bahía de Plata,"Bahía de Plata (Relieve Litoral / Marítimo) en Estepona. WGS84: 36.427753, -5.126765.",IECA — Nomenclátor Geográfico de Andalucía (WFS app:Entidad),https://www.ideandalucia.es/wfs-nga/services,alta,Cádiz,Estepona,36.427753,-5.126765,2026-08-28
NGA-01353,geografia,toponimo,Balneario de la Caleta,"Balneario de la Caleta (Servicio/Equipamiento) en Cádiz. WGS84: 36.530446, -6.305612.",IECA — Nomenclátor Geográfico de Andalucía (WFS app:Entidad),https://www.ideandalucia.es/wfs-nga/services,alta,Cádiz,Cádiz,36.530446,-6.305612,2026-08-28
NGA-01365,geografia,toponimo,Barbanea,"Barbanea (Masa de Agua) en Puerto Real. WGS84: 36.516486, -6.17166.",IECA — Nomenclátor Geográfico de Andalucía (WFS app:Entidad),https://www.ideandalucia.es/wfs-nga/services,alta,Cádiz,Puerto Real,36.516486,-6.17166,2026-08-28
NGA-01379,geografia,toponimo,Barranco Bochorno,"Barranco Bochorno (Curso Fluvial) en Los Barrios. WGS84: 36.206387, -5.479193.",IECA — Nomenclátor Geográfico de Andalucía (WFS app:Entidad),https://www.ideandalucia.es/wfs-nga/services,alta,Cádiz,Los Barrios,36.206387,-5.479193,2026-08-28
NGA-01380,geografia,toponimo,Barranco Cañada Honda,"Barranco Cañada Honda (Curso Fluvial) en Los Barrios. WGS84: 36.203724, -5.428468.",IECA — Nomenclátor Geográfico de Andalucía (WFS app:Entidad),https://www.ideandalucia.es/wfs-nga/services,alta,Cádiz,Los Barrios,36.203724,-5.428468,2026-08-28
NGA-01383,geografia,toponimo,Barranco de Echipe,"Barranco de Echipe (Curso Fluvial) en Casares. WGS84: 36.452391, -5.306512.",IECA — Nomenclátor Geográfico de Andalucía (WFS app:Entidad),https://www.ideandalucia.es/wfs-nga/services,alta,Cádiz,Casares,36.452391,-5.306512,2026-08-28
NGA-01385,geografia,toponimo,Barranco de los Aserraderos,"Barranco de los Aserraderos (Curso Fluvial) en Jimena de la Frontera. WGS84: 36.38824, -5.528982.",IECA — Nomenclátor Geográfico de Andalucía (WFS app:Entidad),https://www.ideandalucia.es/wfs-nga/services,alta,Cádiz,Jimena de la Frontera,36.38824,-5.528982,2026-08-28
NGA-01566,geografia,toponimo,Base Aero-Naval,"Base Aero-Naval (Servicio/Equipamiento) en Rota. WGS84: 36.644402, -6.336344.",IECA — Nomenclátor Geográfico de Andalucía (WFS app:Entidad),https://www.ideandalucia.es/wfs-nga/services,alta,Cádiz,Rota,36.644402,-6.336344,2026-08-28
NGA-01568,geografia,toponimo,Batería de Costa Punta Acebuche,"Batería de Costa Punta Acebuche (Servicio/Equipamiento) en Algeciras. WGS84: 36.065562, -5.462573.",IECA — Nomenclátor Geográfico de Andalucía (WFS app:Entidad),https://www.ideandalucia.es/wfs-nga/services,alta,Cádiz,Algeciras,36.065562,-5.462573,2026-08-28
NGA-01579,geografia,toponimo,Belén de Levante,"Belén de Levante (Masa de Agua) en Puerto Real. WGS84: 36.511668, -6.164574.",IECA — Nomenclátor Geográfico de Andalucía (WFS app:Entidad),https://www.ideandalucia.es/wfs-nga/services,alta,Cádiz,Puerto Real,36.511668,-6.164574,2026-08-28
NGA-01651,geografia,toponimo,Brazo de la Torre,"Brazo de la Torre (Curso Fluvial) en La Puebla del Río. WGS84: 36.913337, -6.274082.",IECA — Nomenclátor Geográfico de Andalucía (WFS app:Entidad),https://www.ideandalucia.es/wfs-nga/services,alta,Cádiz,La Puebla del Río,36.913337,-6.274082,2026-08-28
NGA-01724,geografia,toponimo,Cabo de Gracia,"Cabo de Gracia (Relieve Litoral / Marítimo) en Tarifa. WGS84: 36.08822, -5.813089.",IECA — Nomenclátor Geográfico de Andalucía (WFS app:Entidad),https://www.ideandalucia.es/wfs-nga/services,alta,Cádiz,Tarifa,36.08822,-5.813089,2026-08-28
NGA-01725,geografia,toponimo,Cabo de Plata,"Cabo de Plata (Relieve Litoral / Marítimo) en Tarifa. WGS84: 36.101534, -5.825649.",IECA — Nomenclátor Geográfico de Andalucía (WFS app:Entidad),https://www.ideandalucia.es/wfs-nga/services,alta,Cádiz,Tarifa,36.101534,-5.825649,2026-08-28
NGA-01726,geografia,toponimo,Cabo de Trafalgar,"Cabo de Trafalgar (Relieve Litoral / Marítimo) en Barbate. WGS84: 36.182003, -6.03497.",IECA — Nomenclátor Geográfico de Andalucía (WFS app:Entidad),https://www.ideandalucia.es/wfs-nga/services,alta,Cádiz,Barbate,36.182003,-6.03497,2026-08-28
NGA-01743,geografia,toponimo,Cala Arena,"Cala Arena (Relieve Litoral / Marítimo) en Algeciras. WGS84: 36.060742, -5.446701.",IECA — Nomenclátor Geográfico de Andalucía (WFS app:Entidad),https://www.ideandalucia.es/wfs-nga/services,alta,Cádiz,Algeciras,36.060742,-5.446701,2026-08-28
NGA-01744,geografia,toponimo,Cala Isabel,"Cala Isabel (Relieve Litoral / Marítimo) en Barbate. WGS84: 36.192847, -6.043366.",IECA — Nomenclátor Geográfico de Andalucía (WFS app:Entidad),https://www.ideandalucia.es/wfs-nga/services,alta,Cádiz,Barbate,36.192847,-6.043366,2026-08-28
NGA-01745,geografia,toponimo,Cala Picacho,"Cala Picacho (Relieve Litoral / Marítimo) en Tarifa. WGS84: 36.066524, -5.73727.",IECA — Nomenclátor Geográfico de Andalucía (WFS app:Entidad),https://www.ideandalucia.es/wfs-nga/services,alta,Cádiz,Tarifa,36.066524,-5.73727,2026-08-28
NGA-01746,geografia,toponimo,Cala de Melchor,"Cala de Melchor (Relieve Litoral / Marítimo) en Conil de la Frontera. WGS84: 36.295555, -6.128845.",IECA — Nomenclátor Geográfico de Andalucía (WFS app:Entidad),https://www.ideandalucia.es/wfs-nga/services,alta,Cádiz,Conil de la Frontera,36.295555,-6.128845,2026-08-28
NGA-01747,geografia,toponimo,Cala de los Pitones,"Cala de los Pitones (Relieve Litoral / Marítimo) en Conil de la Frontera. WGS84: 36.294232, -6.12338.",IECA — Nomenclátor Geográfico de Andalucía (WFS app:Entidad),https://www.ideandalucia.es/wfs-nga/services,alta,Cádiz,Conil de la Frontera,36.294232,-6.12338,2026-08-28
NGA-01748,geografia,toponimo,Cala del Quinto,"Cala del Quinto (Relieve Litoral / Marítimo) en Conil de la Frontera. WGS84: 36.292808, -6.11572.",IECA — Nomenclátor Geográfico de Andalucía (WFS app:Entidad),https://www.ideandalucia.es/wfs-nga/services,alta,Cádiz,Conil de la Frontera,36.292808,-6.11572,2026-08-28
NGA-01749,geografia,toponimo,Cala del Tío Juan de Medina,"Cala del Tío Juan de Medina (Relieve Litoral / Marítimo) en Conil de la Frontera. WGS84: 36.299304, -6.146608.",IECA — Nomenclátor Geográfico de Andalucía (WFS app:Entidad),https://www.ideandalucia.es/wfs-nga/services,alta,Cádiz,Conil de la Frontera,36.299304,-6.146608,2026-08-28
NGA-01750,geografia,toponimo,Cala del Varadero,"Cala del Varadero (Relieve Litoral / Marítimo) en Barbate. WGS84: 36.185524, -6.027329.",IECA — Nomenclátor Geográfico de Andalucía (WFS app:Entidad),https://www.ideandalucia.es/wfs-nga/services,alta,Cádiz,Barbate,36.185524,-6.027329,2026-08-28
NGA-01754,geografia,toponimo,Caleta del Aceite,"Caleta del Aceite (Relieve Litoral / Marítimo) en Conil de la Frontera. WGS84: 36.296187, -6.133127.",IECA — Nomenclátor Geográfico de Andalucía (WFS app:Entidad),https://www.ideandalucia.es/wfs-nga/services,alta,Cádiz,Conil de la Frontera,36.296187,-6.133127,2026-08-28
NGA-01755,geografia,toponimo,Caleta del Agua,"Caleta del Agua (Relieve Litoral / Marítimo) en El Puerto de Santa María. WGS84: 36.57952, -6.264088.",IECA — Nomenclátor Geográfico de Andalucía (WFS app:Entidad),https://www.ideandalucia.es/wfs-nga/services,alta,Cádiz,El Puerto de Santa María,36.57952,-6.264088,2026-08-28
NGA-01756,geografia,toponimo,Caletón de Zahora o Cala de Meléndez,"Caletón de Zahora o Cala de Meléndez (Relieve Litoral / Marítimo) en Barbate. WGS84: 36.199169, -6.050508.",IECA — Nomenclátor Geográfico de Andalucía (WFS app:Entidad),https://www.ideandalucia.es/wfs-nga/services,alta,Cádiz,Barbate,36.199169,-6.050508,2026-08-28
NGA-02197,geografia,toponimo,Campamento Juvenil Cerro Mulera,"Campamento Juvenil Cerro Mulera (Servicio/Equipamiento) en Ubrique. WGS84: 36.6637, -5.484769.",IECA — Nomenclátor Geográfico de Andalucía (WFS app:Entidad),https://www.ideandalucia.es/wfs-nga/services,alta,Cádiz,Ubrique,36.6637,-5.484769,2026-08-28
NGA-02198,geografia,toponimo,Campamento la Llana,"Campamento la Llana (Servicio/Equipamiento) en Jimera de Líbar. WGS84: 36.650808, -5.28953.",IECA — Nomenclátor Geográfico de Andalucía (WFS app:Entidad),https://www.ideandalucia.es/wfs-nga/services,alta,Cádiz,Jimera de Líbar,36.650808,-5.28953,2026-08-28
NGA-02207,geografia,toponimo,Camping Arcos de la Frontera (Junta de Andalucía),"Camping Arcos de la Frontera (Junta de Andalucía) (Servicio/Equipamiento) en Arcos de la Frontera. WGS84: 36.758687, -5.783693.",IECA — Nomenclátor Geográfico de Andalucía (WFS app:Entidad),https://www.ideandalucia.es/wfs-nga/services,alta,Cádiz,Arcos de la Frontera,36.758687,-5.783693,2026-08-28
NGA-02208,geografia,toponimo,Camping Bahía de la Plata,"Camping Bahía de la Plata (Servicio/Equipamiento) en Tarifa. WGS84: 36.123259, -5.835897.",IECA — Nomenclátor Geográfico de Andalucía (WFS app:Entidad),https://www.ideandalucia.es/wfs-nga/services,alta,Cádiz,Tarifa,36.123259,-5.835897,2026-08-28
NGA-02209,geografia,toponimo,Camping Cabañas Jimera de Líbar,"Camping Cabañas Jimera de Líbar (Servicio/Equipamiento) en Jimera de Líbar. WGS84: 36.655248, -5.288652.",IECA — Nomenclátor Geográfico de Andalucía (WFS app:Entidad),https://www.ideandalucia.es/wfs-nga/services,alta,Cádiz,Jimera de Líbar,36.655248,-5.288652,2026-08-28
NGA-02210,geografia,toponimo,Camping Chipiona,"Camping Chipiona (Servicio/Equipamiento) en Chipiona. WGS84: 36.713858, -6.423247.",IECA — Nomenclátor Geográfico de Andalucía (WFS app:Entidad),https://www.ideandalucia.es/wfs-nga/services,alta,Cádiz,Chipiona,36.713858,-6.423247,2026-08-28
NGA-02211,geografia,toponimo,Camping Chullera 3,"Camping Chullera 3 (Servicio/Equipamiento) en Manilva. WGS84: 36.347635, -5.23519.",IECA — Nomenclátor Geográfico de Andalucía (WFS app:Entidad),https://www.ideandalucia.es/wfs-nga/services,alta,Cádiz,Manilva,36.347635,-5.23519,2026-08-28
NGA-02212,geografia,toponimo,Camping Costa del Sol,"Camping Costa del Sol (Servicio/Equipamiento) en Algeciras. WGS84: 36.147714, -5.455395.",IECA — Nomenclátor Geográfico de Andalucía (WFS app:Entidad),https://www.ideandalucia.es/wfs-nga/services,alta,Cádiz,Algeciras,36.147714,-5.455395,2026-08-28
NGA-02213,geografia,toponimo,Camping Guadalete,"Camping Guadalete (Servicio/Equipamiento) en El Puerto de Santa María. WGS84: 36.578798, -6.217045.",IECA — Nomenclátor Geográfico de Andalucía (WFS app:Entidad),https://www.ideandalucia.es/wfs-nga/services,alta,Cádiz,El Puerto de Santa María,36.578798,-6.217045,2026-08-28
NGA-02214,geografia,toponimo,Camping Paloma,"Camping Paloma (Servicio/Equipamiento) en Tarifa. WGS84: 36.076504, -5.6957.",IECA — Nomenclátor Geográfico de Andalucía (WFS app:Entidad),https://www.ideandalucia.es/wfs-nga/services,alta,Cádiz,Tarifa,36.076504,-5.6957,2026-08-28
NGA-02215,geografia,toponimo,Camping Playa las Dunas de San Antón,"Camping Playa las Dunas de San Antón (Servicio/Equipamiento) en El Puerto de Santa María. WGS84: 36.588636, -6.239045.",IECA — Nomenclátor Geográfico de Andalucía (WFS app:Entidad),https://www.ideandalucia.es/wfs-nga/services,alta,Cádiz,El Puerto de Santa María,36.588636,-6.239045,2026-08-28
NGA-02216,geografia,toponimo,Camping Río Jara,"Camping Río Jara (Servicio/Equipamiento) en Tarifa. WGS84: 36.041546, -5.62999.",IECA — Nomenclátor Geográfico de Andalucía (WFS app:Entidad),https://www.ideandalucia.es/wfs-nga/services,alta,Cádiz,Tarifa,36.041546,-5.62999,2026-08-28
NGA-02217,geografia,toponimo,Camping Tarifa,"Camping Tarifa (Servicio/Equipamiento) en Tarifa. WGS84: 36.054557, -5.650496.",IECA — Nomenclátor Geográfico de Andalucía (WFS app:Entidad),https://www.ideandalucia.es/wfs-nga/services,alta,Cádiz,Tarifa,36.054557,-5.650496,2026-08-28
NGA-02218,geografia,toponimo,Camping Torre de la Peña,"Camping Torre de la Peña (Servicio/Equipamiento) en Tarifa. WGS84: 36.05612, -5.656681.",IECA — Nomenclátor Geográfico de Andalucía (WFS app:Entidad),https://www.ideandalucia.es/wfs-nga/services,alta,Cádiz,Tarifa,36.05612,-5.656681,2026-08-28
NGA-02219,geografia,toponimo,Camping de Aguadulce,"Camping de Aguadulce (Servicio/Equipamiento) en Rota. WGS84: 36.671061, -6.407116.",IECA — Nomenclátor Geográfico de Andalucía (WFS app:Entidad),https://www.ideandalucia.es/wfs-nga/services,alta,Cádiz,Rota,36.671061,-6.407116,2026-08-28
NGA-02220,geografia,toponimo,Camping la Casita,"Camping la Casita (Servicio/Equipamiento) en San Roque. WGS84: 36.251107, -5.337456.",IECA — Nomenclátor Geográfico de Andalucía (WFS app:Entidad),https://www.ideandalucia.es/wfs-nga/services,alta,Cádiz,San Roque,36.251107,-5.337456,2026-08-28
NGA-02221,geografia,toponimo,Camping los Alcornocales,"Camping los Alcornocales (Servicio/Equipamiento) en Jimena de la Frontera. WGS84: 36.442977, -5.460184.",IECA — Nomenclátor Geográfico de Andalucía (WFS app:Entidad),https://www.ideandalucia.es/wfs-nga/services,alta,Cádiz,Jimena de la Frontera,36.442977,-5.460184,2026-08-28
NGA-02226,geografia,toponimo,Campo de Fútbol Juan Antonio Guzmán Pérez,"Campo de Fútbol Juan Antonio Guzmán Pérez (Servicio/Equipamiento) en Setenil de las Bodegas. WGS84: 36.864403, -5.174235.",IECA — Nomenclátor Geográfico de Andalucía (WFS app:Entidad),https://www.ideandalucia.es/wfs-nga/services,alta,Cádiz,Setenil de las Bodegas,36.864403,-5.174235,2026-08-28
NGA-02230,geografia,toponimo,Campo de la Juventud,"Campo de la Juventud (Servicio/Equipamiento) en Jerez de la Frontera. WGS84: 36.673569, -6.13983.",IECA — Nomenclátor Geográfico de Andalucía (WFS app:Entidad),https://www.ideandalucia.es/wfs-nga/services,alta,Cádiz,Jerez de la Frontera,36.673569,-6.13983,2026-08-28
NGA-02234,geografia,toponimo,Campus el Sabio,"Campus el Sabio (Servicio/Equipamiento) en Jerez de la Frontera. WGS84: 36.661864, -6.155516.",IECA — Nomenclátor Geográfico de Andalucía (WFS app:Entidad),https://www.ideandalucia.es/wfs-nga/services,alta,Cádiz,Jerez de la Frontera,36.661864,-6.155516,2026-08-28
NGA-02237,geografia,toponimo,Canal Colector del Este,"Canal Colector del Este (Obra Hidráulica) en Barbate. WGS84: 36.212315, -5.901739.",IECA — Nomenclátor Geográfico de Andalucía (WFS app:Entidad),https://www.ideandalucia.es/wfs-nga/services,alta,Cádiz,Barbate,36.212315,-5.901739,2026-08-28
NGA-02238,geografia,toponimo,Canal Colector del Este,"Canal Colector del Este (Obra Hidráulica) en Tarifa. WGS84: 36.213339, -5.776283.",IECA — Nomenclátor Geográfico de Andalucía (WFS app:Entidad),https://www.ideandalucia.es/wfs-nga/services,alta,Cádiz,Tarifa,36.213339,-5.776283,2026-08-28
NGA-02239,geografia,toponimo,Canal Secundario,"Canal Secundario (Obra Hidráulica) en Vejer de la Frontera. WGS84: 36.243768, -5.798834.",IECA — Nomenclátor Geográfico de Andalucía (WFS app:Entidad),https://www.ideandalucia.es/wfs-nga/services,alta,Cádiz,Vejer de la Frontera,36.243768,-5.798834,2026-08-28
NGA-02240,geografia,toponimo,Canal de Alto Cielo,"Canal de Alto Cielo (Obra Hidráulica) en Arcos de la Frontera. WGS84: 36.707409, -5.911155.",IECA — Nomenclátor Geográfico de Andalucía (WFS app:Entidad),https://www.ideandalucia.es/wfs-nga/services,alta,Cádiz,Arcos de la Frontera,36.707409,-5.911155,2026-08-28
NGA-02241,geografia,toponimo,Canal de Carboneros,"Canal de Carboneros (Curso Fluvial) en Chiclana de la Frontera. WGS84: 36.404967, -6.196545.",IECA — Nomenclátor Geográfico de Andalucía (WFS app:Entidad),https://www.ideandalucia.es/wfs-nga/services,alta,Cádiz,Chiclana de la Frontera,36.404967,-6.196545,2026-08-28
NGA-02242,geografia,toponimo,Canal de Desagüe Primario,"Canal de Desagüe Primario (Obra Hidráulica) en Lebrija. WGS84: 36.930399, -6.099731.",IECA — Nomenclátor Geográfico de Andalucía (WFS app:Entidad),https://www.ideandalucia.es/wfs-nga/services,alta,Cádiz,Lebrija,36.930399,-6.099731,2026-08-28
NGA-02243,geografia,toponimo,Canal de Majada Verde,"Canal de Majada Verde (Obra Hidráulica) en Vejer de la Frontera. WGS84: 36.239774, -5.816781.",IECA — Nomenclátor Geográfico de Andalucía (WFS app:Entidad),https://www.ideandalucia.es/wfs-nga/services,alta,Cádiz,Vejer de la Frontera,36.239774,-5.816781,2026-08-28
NGA-02244,geografia,toponimo,Canal de Medianilla,"Canal de Medianilla (Obra Hidráulica) en Vejer de la Frontera. WGS84: 36.254243, -5.857847.",IECA — Nomenclátor Geográfico de Andalucía (WFS app:Entidad),https://www.ideandalucia.es/wfs-nga/services,alta,Cádiz,Vejer de la Frontera,36.254243,-5.857847,2026-08-28
NGA-02245,geografia,toponimo,Canal de Riego,"Canal de Riego (Obra Hidráulica) en Jimena de la Frontera. WGS84: 36.470642, -5.41931.",IECA — Nomenclátor Geográfico de Andalucía (WFS app:Entidad),https://www.ideandalucia.es/wfs-nga/services,alta,Cádiz,Jimena de la Frontera,36.470642,-5.41931,2026-08-28
NGA-02246,geografia,toponimo,Canal de San Carlos,"Canal de San Carlos (Curso Fluvial) en San Fernando. WGS84: 36.482585, -6.183622.",IECA — Nomenclátor Geográfico de Andalucía (WFS app:Entidad),https://www.ideandalucia.es/wfs-nga/services,alta,Cádiz,San Fernando,36.482585,-6.183622,2026-08-28
NGA-02247,geografia,toponimo,Canal de San José,"Canal de San José (Obra Hidráulica) en Vejer de la Frontera. WGS84: 36.249027, -5.872487.",IECA — Nomenclátor Geográfico de Andalucía (WFS app:Entidad),https://www.ideandalucia.es/wfs-nga/services,alta,Cádiz,Vejer de la Frontera,36.249027,-5.872487,2026-08-28
NGA-02248,geografia,toponimo,Canal de la Central del Guadiaro,"Canal de la Central del Guadiaro (Obra Hidráulica) en Gaucín. WGS84: 36.510271, -5.407395.",IECA — Nomenclátor Geográfico de Andalucía (WFS app:Entidad),https://www.ideandalucia.es/wfs-nga/services,alta,Cádiz,Gaucín,36.510271,-5.407395,2026-08-28
NGA-02249,geografia,toponimo,Canal de la Confederación Hidrográfica del Guadalquivir,"Canal de la Confederación Hidrográfica del Guadalquivir (Obra Hidráulica) en El Puerto de Santa María. WGS84: 36.641039, -6.239406.",IECA — Nomenclátor Geográfico de Andalucía (WFS app:Entidad),https://www.ideandalucia.es/wfs-nga/services,alta,Cádiz,El Puerto de Santa María,36.641039,-6.239406,2026-08-28
NGA-02250,geografia,toponimo,Canal de la Confederación Hidrográfica del Sur,"Canal de la Confederación Hidrográfica del Sur (Obra Hidráulica) en Castellar de la Frontera. WGS84: 36.275523, -5.416506.",IECA — Nomenclátor Geográfico de Andalucía (WFS app:Entidad),https://www.ideandalucia.es/wfs-nga/services,alta,Cádiz,Castellar de la Frontera,36.275523,-5.416506,2026-08-28
NGA-02251,geografia,toponimo,Canal de la Esparragosilla,"Canal de la Esparragosilla (Obra Hidráulica) en La Puebla del Río. WGS84: 36.954405, -6.269276.",IECA — Nomenclátor Geográfico de Andalucía (WFS app:Entidad),https://www.ideandalucia.es/wfs-nga/services,alta,Cádiz,La Puebla del Río,36.954405,-6.269276,2026-08-28
NGA-02252,geografia,toponimo,Canal de la Isleta,"Canal de la Isleta (Curso Fluvial) en Chiclana de la Frontera. WGS84: 36.414328, -6.207991.",IECA — Nomenclátor Geográfico de Andalucía (WFS app:Entidad),https://www.ideandalucia.es/wfs-nga/services,alta,Cádiz,Chiclana de la Frontera,36.414328,-6.207991,2026-08-28
NGA-02253,geografia,toponimo,Canal de la Margen Derecha,"Canal de la Margen Derecha (Obra Hidráulica) en Jerez de la Frontera. WGS84: 36.624968, -6.140345.",IECA — Nomenclátor Geográfico de Andalucía (WFS app:Entidad),https://www.ideandalucia.es/wfs-nga/services,alta,Cádiz,Jerez de la Frontera,36.624968,-6.140345,2026-08-28
NGA-02254,geografia,toponimo,Canal de la Punta de la Arenilla,"Canal de la Punta de la Arenilla (Obra Hidráulica) en La Puebla del Río. WGS84: 36.983339, -6.175692.",IECA — Nomenclátor Geográfico de Andalucía (WFS app:Entidad),https://www.ideandalucia.es/wfs-nga/services,alta,Cádiz,La Puebla del Río,36.983339,-6.175692,2026-08-28
NGA-02255,geografia,toponimo,Canal de las Águilas,"Canal de las Águilas (Obra Hidráulica) en La Puebla del Río. WGS84: 36.957213, -6.262005.",IECA — Nomenclátor Geográfico de Andalucía (WFS app:Entidad),https://www.ideandalucia.es/wfs-nga/services,alta,Cádiz,La Puebla del Río,36.957213,-6.262005,2026-08-28
NGA-02256,geografia,toponimo,Canal de los Hurones,"Canal de los Hurones (Obra Hidráulica) en San José del Valle. WGS84: 36.626941, -5.79997.",IECA — Nomenclátor Geográfico de Andalucía (WFS app:Entidad),https://www.ideandalucia.es/wfs-nga/services,alta,Cádiz,San José del Valle,36.626941,-5.79997,2026-08-28
NGA-02257,geografia,toponimo,Canal de los Mazorques,"Canal de los Mazorques (Obra Hidráulica) en Lebrija. WGS84: 36.939055, -6.100873.",IECA — Nomenclátor Geográfico de Andalucía (WFS app:Entidad),https://www.ideandalucia.es/wfs-nga/services,alta,Cádiz,Lebrija,36.939055,-6.100873,2026-08-28
NGA-02258,geografia,toponimo,Canal de los Yesos,"Canal de los Yesos (Obra Hidráulica) en Lebrija. WGS84: 36.905943, -6.162136.",IECA — Nomenclátor Geográfico de Andalucía (WFS app:Entidad),https://www.ideandalucia.es/wfs-nga/services,alta,Cádiz,Lebrija,36.905943,-6.162136,2026-08-28
NGA-02260,geografia,toponimo,Canal del Guadalcacín,"Canal del Guadalcacín (Obra Hidráulica) en Jerez de la Frontera. WGS84: 36.624485, -6.031215.",IECA — Nomenclátor Geográfico de Andalucía (WFS app:Entidad),https://www.ideandalucia.es/wfs-nga/services,alta,Cádiz,Jerez de la Frontera,36.624485,-6.031215,2026-08-28
NGA-02261,geografia,toponimo,Canal del Molino,"Canal del Molino (Curso Fluvial) en Chiclana de la Frontera. WGS84: 36.391465, -6.199082.",IECA — Nomenclátor Geográfico de Andalucía (WFS app:Entidad),https://www.ideandalucia.es/wfs-nga/services,alta,Cádiz,Chiclana de la Frontera,36.391465,-6.199082,2026-08-28
NGA-02262,geografia,toponimo,Canal del Paraíso,"Canal del Paraíso (Obra Hidráulica) en Las Cabezas de San Juan. WGS84: 37.019847, -5.913155.",IECA — Nomenclátor Geográfico de Andalucía (WFS app:Entidad),https://www.ideandalucia.es/wfs-nga/services,alta,Cádiz,Las Cabezas de San Juan,37.019847,-5.913155,2026-08-28
NGA-02317,geografia,toponimo,Canuto Campanario,"Canuto Campanario (Curso Fluvial) en Medina Sidonia. WGS84: 36.278852, -5.700364.",IECA — Nomenclátor Geográfico de Andalucía (WFS app:Entidad),https://www.ideandalucia.es/wfs-nga/services,alta,Cádiz,Medina Sidonia,36.278852,-5.700364,2026-08-28
NGA-02320,geografia,toponimo,Canuto de Lázaro,"Canuto de Lázaro (Curso Fluvial) en Los Barrios. WGS84: 36.223431, -5.661273.",IECA — Nomenclátor Geográfico de Andalucía (WFS app:Entidad),https://www.ideandalucia.es/wfs-nga/services,alta,Cádiz,Los Barrios,36.223431,-5.661273,2026-08-28
NGA-02321,geografia,toponimo,Canuto de Utrera,"Canuto de Utrera (Curso Fluvial) en Manilva. WGS84: 36.379122, -5.264188.",IECA — Nomenclátor Geográfico de Andalucía (WFS app:Entidad),https://www.ideandalucia.es/wfs-nga/services,alta,Cádiz,Manilva,36.379122,-5.264188,2026-08-28
NGA-02322,geografia,toponimo,Canuto de la Bruja,"Canuto de la Bruja (Curso Fluvial) en Los Barrios. WGS84: 36.277381, -5.626957.",IECA — Nomenclátor Geográfico de Andalucía (WFS app:Entidad),https://www.ideandalucia.es/wfs-nga/services,alta,Cádiz,Los Barrios,36.277381,-5.626957,2026-08-28
NGA-02323,geografia,toponimo,Canuto de las Arenas de Maldía,"Canuto de las Arenas de Maldía (Curso Fluvial) en Jimena de la Frontera. WGS84: 36.386727, -5.550471.",IECA — Nomenclátor Geográfico de Andalucía (WFS app:Entidad),https://www.ideandalucia.es/wfs-nga/services,alta,Cádiz,Jimena de la Frontera,36.386727,-5.550471,2026-08-28
NGA-02324,geografia,toponimo,Canuto de las Palas,"Canuto de las Palas (Curso Fluvial) en Los Barrios. WGS84: 36.275775, -5.621017.",IECA — Nomenclátor Geográfico de Andalucía (WFS app:Entidad),https://www.ideandalucia.es/wfs-nga/services,alta,Cádiz,Los Barrios,36.275775,-5.621017,2026-08-28
NGA-02326,geografia,toponimo,Canuto de los Tajos,"Canuto de los Tajos (Curso Fluvial) en Los Barrios. WGS84: 36.234747, -5.592124.",IECA — Nomenclátor Geográfico de Andalucía (WFS app:Entidad),https://www.ideandalucia.es/wfs-nga/services,alta,Cádiz,Los Barrios,36.234747,-5.592124,2026-08-28
NGA-02328,geografia,toponimo,Canuto del Laurel,"Canuto del Laurel (Curso Fluvial) en Castellar de la Frontera. WGS84: 36.356047, -5.549186.",IECA — Nomenclátor Geográfico de Andalucía (WFS app:Entidad),https://www.ideandalucia.es/wfs-nga/services,alta,Cádiz,Castellar de la Frontera,36.356047,-5.549186,2026-08-28
NGA-02329,geografia,toponimo,Canuto los Corchos,"Canuto los Corchos (Curso Fluvial) en Medina Sidonia. WGS84: 36.282103, -5.771815.",IECA — Nomenclátor Geográfico de Andalucía (WFS app:Entidad),https://www.ideandalucia.es/wfs-nga/services,alta,Cádiz,Medina Sidonia,36.282103,-5.771815,2026-08-28
NGA-02335,geografia,toponimo,Capilla de San Juan de Letrán,"Capilla de San Juan de Letrán (Servicio/Equipamiento) en Zahara. WGS84: 36.839925, -5.391615.",IECA — Nomenclátor Geográfico de Andalucía (WFS app:Entidad),https://www.ideandalucia.es/wfs-nga/services,alta,Cádiz,Zahara,36.839925,-5.391615,2026-08-28
NGA-02353,geografia,toponimo,Carmen de Bartivás,"Carmen de Bartivás (Masa de Agua) en Chiclana de la Frontera. WGS84: 36.431119, -6.168599.",IECA — Nomenclátor Geográfico de Andalucía (WFS app:Entidad),https://www.ideandalucia.es/wfs-nga/services,alta,Cádiz,Chiclana de la Frontera,36.431119,-6.168599,2026-08-28
NGA-03331,geografia,toponimo,Casa la Porqueriza (Zona Recreativa),"Casa la Porqueriza (Zona Recreativa) (Servicio/Equipamiento) en Los Barrios. WGS84: 36.216646, -5.573934.",IECA — Nomenclátor Geográfico de Andalucía (WFS app:Entidad),https://www.ideandalucia.es/wfs-nga/services,alta,Cádiz,Los Barrios,36.216646,-5.573934,2026-08-28
NGA-03571,geografia,toponimo,Casino Bahía de Cádiz,"Casino Bahía de Cádiz (Servicio/Equipamiento) en El Puerto de Santa María. WGS84: 36.629822, -6.212202.",IECA — Nomenclátor Geográfico de Andalucía (WFS app:Entidad),https://www.ideandalucia.es/wfs-nga/services,alta,Cádiz,El Puerto de Santa María,36.629822,-6.212202,2026-08-28
NGA-03573,geografia,toponimo,Casitas Cueva,"Casitas Cueva (Servicio/Equipamiento) en Benaoján. WGS84: 36.727691, -5.235048.",IECA — Nomenclátor Geográfico de Andalucía (WFS app:Entidad),https://www.ideandalucia.es/wfs-nga/services,alta,Cádiz,Benaoján,36.727691,-5.235048,2026-08-28
NGA-03611,geografia,toponimo,Cauce Viejo del Barbate,"Cauce Viejo del Barbate (Curso Fluvial) en Vejer de la Frontera. WGS84: 36.289417, -5.846061.",IECA — Nomenclátor Geográfico de Andalucía (WFS app:Entidad),https://www.ideandalucia.es/wfs-nga/services,alta,Cádiz,Vejer de la Frontera,36.289417,-5.846061,2026-08-28
NGA-03621,geografia,toponimo,Cañada Honda,"Cañada Honda (Curso Fluvial) en Medina Sidonia. WGS84: 36.392593, -5.852158.",IECA — Nomenclátor Geográfico de Andalucía (WFS app:Entidad),https://www.ideandalucia.es/wfs-nga/services,alta,Cádiz,Medina Sidonia,36.392593,-5.852158,2026-08-28
NGA-03648,geografia,toponimo,Cañada Real de los Navazos,"Cañada Real de los Navazos (Curso Fluvial) en Villaluenga del Rosario. WGS84: 36.712144, -5.385043.",IECA — Nomenclátor Geográfico de Andalucía (WFS app:Entidad),https://www.ideandalucia.es/wfs-nga/services,alta,Cádiz,Villaluenga del Rosario,36.712144,-5.385043,2026-08-28
NGA-03657,geografia,toponimo,Cañada de Botijo,"Cañada de Botijo (Curso Fluvial) en Algeciras. WGS84: 36.073711, -5.497902.",IECA — Nomenclátor Geográfico de Andalucía (WFS app:Entidad),https://www.ideandalucia.es/wfs-nga/services,alta,Cádiz,Algeciras,36.073711,-5.497902,2026-08-28
NGA-03658,geografia,toponimo,Cañada de Cantarranas,"Cañada de Cantarranas (Curso Fluvial) en Jerez de la Frontera. WGS84: 36.695904, -6.202023.",IECA — Nomenclátor Geográfico de Andalucía (WFS app:Entidad),https://www.ideandalucia.es/wfs-nga/services,alta,Cádiz,Jerez de la Frontera,36.695904,-6.202023,2026-08-28
NGA-03693,geografia,toponimo,Cañada de la Cólera,"Cañada de la Cólera (Curso Fluvial) en San Martín del Tesorillo. WGS84: 36.353032, -5.359731.",IECA — Nomenclátor Geográfico de Andalucía (WFS app:Entidad),https://www.ideandalucia.es/wfs-nga/services,alta,Cádiz,San Martín del Tesorillo,36.353032,-5.359731,2026-08-28
NGA-03701,geografia,toponimo,Cañada de la Mina,"Cañada de la Mina (Curso Fluvial) en Conil de la Frontera. WGS84: 36.310521, -6.051516.",IECA — Nomenclátor Geográfico de Andalucía (WFS app:Entidad),https://www.ideandalucia.es/wfs-nga/services,alta,Cádiz,Conil de la Frontera,36.310521,-6.051516,2026-08-28
NGA-03712,geografia,toponimo,Cañada de los Alelíes,"Cañada de los Alelíes (Curso Fluvial) en Tarifa. WGS84: 36.038353, -5.528954.",IECA — Nomenclátor Geográfico de Andalucía (WFS app:Entidad),https://www.ideandalucia.es/wfs-nga/services,alta,Cádiz,Tarifa,36.038353,-5.528954,2026-08-28
NGA-03715,geografia,toponimo,Cañada de los Charcones,"Cañada de los Charcones (Curso Fluvial) en Jerez de la Frontera. WGS84: 36.581068, -5.49139.",IECA — Nomenclátor Geográfico de Andalucía (WFS app:Entidad),https://www.ideandalucia.es/wfs-nga/services,alta,Cádiz,Jerez de la Frontera,36.581068,-5.49139,2026-08-28
NGA-03739,geografia,toponimo,Cañada del Rayo,"Cañada del Rayo (Curso Fluvial) en Casares. WGS84: 36.452412, -5.329837.",IECA — Nomenclátor Geográfico de Andalucía (WFS app:Entidad),https://www.ideandalucia.es/wfs-nga/services,alta,Cádiz,Casares,36.452412,-5.329837,2026-08-28
NGA-03752,geografia,toponimo,Caño Carraloja,"Caño Carraloja (Curso Fluvial) en Aznalcázar. WGS84: 36.966637, -6.306125.",IECA — Nomenclátor Geográfico de Andalucía (WFS app:Entidad),https://www.ideandalucia.es/wfs-nga/services,alta,Cádiz,Aznalcázar,36.966637,-6.306125,2026-08-28
NGA-03753,geografia,toponimo,Caño Guerrero,"Caño Guerrero (Obra Hidráulica) en La Puebla del Río. WGS84: 36.936481, -6.260199.",IECA — Nomenclátor Geográfico de Andalucía (WFS app:Entidad),https://www.ideandalucia.es/wfs-nga/services,alta,Cádiz,La Puebla del Río,36.936481,-6.260199,2026-08-28
NGA-03755,geografia,toponimo,Caño Madre o de Talanquera,"Caño Madre o de Talanquera (Curso Fluvial) en Puerto Real. WGS84: 36.480863, -6.156141.",IECA — Nomenclátor Geográfico de Andalucía (WFS app:Entidad),https://www.ideandalucia.es/wfs-nga/services,alta,Cádiz,Puerto Real,36.480863,-6.156141,2026-08-28
NGA-03756,geografia,toponimo,Caño Nuevo,"Caño Nuevo (Curso Fluvial) en La Puebla del Río. WGS84: 36.987956, -6.243196.",IECA — Nomenclátor Geográfico de Andalucía (WFS app:Entidad),https://www.ideandalucia.es/wfs-nga/services,alta,Cádiz,La Puebla del Río,36.987956,-6.243196,2026-08-28
NGA-03757,geografia,toponimo,Caño Travieso,"Caño Travieso (Curso Fluvial) en Aznalcázar. WGS84: 37.01215, -6.310618.",IECA — Nomenclátor Geográfico de Andalucía (WFS app:Entidad),https://www.ideandalucia.es/wfs-nga/services,alta,Cádiz,Aznalcázar,37.01215,-6.310618,2026-08-28
NGA-03758,geografia,toponimo,Caño Travieso,"Caño Travieso (Curso Fluvial) en Almonte. WGS84: 36.943289, -6.412714.",IECA — Nomenclátor Geográfico de Andalucía (WFS app:Entidad),https://www.ideandalucia.es/wfs-nga/services,alta,Cádiz,Almonte,36.943289,-6.412714,2026-08-28
NGA-03759,geografia,toponimo,Caño de Brenes,"Caño de Brenes (Curso Fluvial) en Sanlúcar de Barrameda. WGS84: 36.901159, -6.330757.",IECA — Nomenclátor Geográfico de Andalucía (WFS app:Entidad),https://www.ideandalucia.es/wfs-nga/services,alta,Cádiz,Sanlúcar de Barrameda,36.901159,-6.330757,2026-08-28
NGA-03760,geografia,toponimo,Caño de Capita,"Caño de Capita (Curso Fluvial) en Jerez de la Frontera. WGS84: 36.829764, -6.131617.",IECA — Nomenclátor Geográfico de Andalucía (WFS app:Entidad),https://www.ideandalucia.es/wfs-nga/services,alta,Cádiz,Jerez de la Frontera,36.829764,-6.131617,2026-08-28
NGA-03761,geografia,toponimo,Caño de Guadiamar,"Caño de Guadiamar (Curso Fluvial) en Hinojos. WGS84: 36.936484, -6.377926.",IECA — Nomenclátor Geográfico de Andalucía (WFS app:Entidad),https://www.ideandalucia.es/wfs-nga/services,alta,Cádiz,Hinojos,36.936484,-6.377926,2026-08-28
NGA-03762,geografia,toponimo,Caño de Hervas,"Caño de Hervas (Obra Hidráulica) en La Puebla del Río. WGS84: 36.919902, -6.22164.",IECA — Nomenclátor Geográfico de Andalucía (WFS app:Entidad),https://www.ideandalucia.es/wfs-nga/services,alta,Cádiz,La Puebla del Río,36.919902,-6.22164,2026-08-28
NGA-03763,geografia,toponimo,Caño de San Carlos,"Caño de San Carlos (Obra Hidráulica) en La Puebla del Río. WGS84: 36.932664, -6.210506.",IECA — Nomenclátor Geográfico de Andalucía (WFS app:Entidad),https://www.ideandalucia.es/wfs-nga/services,alta,Cádiz,La Puebla del Río,36.932664,-6.210506,2026-08-28
NGA-03764,geografia,toponimo,Caño de San Fernando,"Caño de San Fernando (Curso Fluvial) en San Fernando. WGS84: 36.498823, -6.182118.",IECA — Nomenclátor Geográfico de Andalucía (WFS app:Entidad),https://www.ideandalucia.es/wfs-nga/services,alta,Cádiz,San Fernando,36.498823,-6.182118,2026-08-28
NGA-03765,geografia,toponimo,Caño de Sancti-Petri o de la Carraca,"Caño de Sancti-Petri o de la Carraca (Curso Fluvial) en San Fernando. WGS84: 36.488388, -6.180136.",IECA — Nomenclátor Geográfico de Andalucía (WFS app:Entidad),https://www.ideandalucia.es/wfs-nga/services,alta,Cádiz,San Fernando,36.488388,-6.180136,2026-08-28
NGA-03766,geografia,toponimo,Caño de la Boca Ancha,"Caño de la Boca Ancha (Curso Fluvial) en Barbate. WGS84: 36.191724, -5.898213.",IECA — Nomenclátor Geográfico de Andalucía (WFS app:Entidad),https://www.ideandalucia.es/wfs-nga/services,alta,Cádiz,Barbate,36.191724,-5.898213,2026-08-28
NGA-03767,geografia,toponimo,Caño de la Cobacha,"Caño de la Cobacha (Curso Fluvial) en Puerto Real. WGS84: 36.518013, -6.205004.",IECA — Nomenclátor Geográfico de Andalucía (WFS app:Entidad),https://www.ideandalucia.es/wfs-nga/services,alta,Cádiz,Puerto Real,36.518013,-6.205004,2026-08-28
NGA-03768,geografia,toponimo,Caño de la Cortadura,"Caño de la Cortadura (Curso Fluvial) en Puerto Real. WGS84: 36.523589, -6.215004.",IECA — Nomenclátor Geográfico de Andalucía (WFS app:Entidad),https://www.ideandalucia.es/wfs-nga/services,alta,Cádiz,Puerto Real,36.523589,-6.215004,2026-08-28
NGA-03769,geografia,toponimo,Caño de la Junquera,"Caño de la Junquera (Curso Fluvial) en Almonte. WGS84: 36.964056, -6.411005.",IECA — Nomenclátor Geográfico de Andalucía (WFS app:Entidad),https://www.ideandalucia.es/wfs-nga/services,alta,Cádiz,Almonte,36.964056,-6.411005,2026-08-28
NGA-03770,geografia,toponimo,Caño de la Salina,"Caño de la Salina (Curso Fluvial) en Chiclana de la Frontera. WGS84: 36.465263, -6.139918.",IECA — Nomenclátor Geográfico de Andalucía (WFS app:Entidad),https://www.ideandalucia.es/wfs-nga/services,alta,Cádiz,Chiclana de la Frontera,36.465263,-6.139918,2026-08-28
NGA-03771,geografia,toponimo,Caño de las Astillas,"Caño de las Astillas (Curso Fluvial) en San Fernando. WGS84: 36.491849, -6.185507.",IECA — Nomenclátor Geográfico de Andalucía (WFS app:Entidad),https://www.ideandalucia.es/wfs-nga/services,alta,Cádiz,San Fernando,36.491849,-6.185507,2026-08-28
NGA-03772,geografia,toponimo,Caño de las Conejeras,"Caño de las Conejeras (Curso Fluvial) en Jerez de la Frontera. WGS84: 36.822398, -6.154759.",IECA — Nomenclátor Geográfico de Andalucía (WFS app:Entidad),https://www.ideandalucia.es/wfs-nga/services,alta,Cádiz,Jerez de la Frontera,36.822398,-6.154759,2026-08-28
NGA-03773,geografia,toponimo,Caño de las Gavetas,"Caño de las Gavetas (Curso Fluvial) en La Puebla del Río. WGS84: 36.989125, -6.22792.",IECA — Nomenclátor Geográfico de Andalucía (WFS app:Entidad),https://www.ideandalucia.es/wfs-nga/services,alta,Cádiz,La Puebla del Río,36.989125,-6.22792,2026-08-28
NGA-03775,geografia,toponimo,Caño de las Vacas,"Caño de las Vacas (Curso Fluvial) en Hinojos. WGS84: 36.986936, -6.359136.",IECA — Nomenclátor Geográfico de Andalucía (WFS app:Entidad),https://www.ideandalucia.es/wfs-nga/services,alta,Cádiz,Hinojos,36.986936,-6.359136,2026-08-28
NGA-03776,geografia,toponimo,Caño del Bote,"Caño del Bote (Curso Fluvial) en El Puerto de Santa María. WGS84: 36.561498, -6.209423.",IECA — Nomenclátor Geográfico de Andalucía (WFS app:Entidad),https://www.ideandalucia.es/wfs-nga/services,alta,Cádiz,El Puerto de Santa María,36.561498,-6.209423,2026-08-28
NGA-03777,geografia,toponimo,Caño del Buen Tiro,"Caño del Buen Tiro (Curso Fluvial) en Aznalcázar. WGS84: 36.944598, -6.30792.",IECA — Nomenclátor Geográfico de Andalucía (WFS app:Entidad),https://www.ideandalucia.es/wfs-nga/services,alta,Cádiz,Aznalcázar,36.944598,-6.30792,2026-08-28
NGA-03778,geografia,toponimo,Caño del Bujón,"Caño del Bujón (Obra Hidráulica) en Jerez de la Frontera. WGS84: 36.817069, -6.131364.",IECA — Nomenclátor Geográfico de Andalucía (WFS app:Entidad),https://www.ideandalucia.es/wfs-nga/services,alta,Cádiz,Jerez de la Frontera,36.817069,-6.131364,2026-08-28
NGA-03779,geografia,toponimo,Caño del Carrascón,"Caño del Carrascón (Curso Fluvial) en San Fernando. WGS84: 36.446811, -6.199143.",IECA — Nomenclátor Geográfico de Andalucía (WFS app:Entidad),https://www.ideandalucia.es/wfs-nga/services,alta,Cádiz,San Fernando,36.446811,-6.199143,2026-08-28
NGA-03780,geografia,toponimo,Caño del Caserón,"Caño del Caserón (Curso Fluvial) en El Puerto de Santa María. WGS84: 36.543291, -6.222775.",IECA — Nomenclátor Geográfico de Andalucía (WFS app:Entidad),https://www.ideandalucia.es/wfs-nga/services,alta,Cádiz,El Puerto de Santa María,36.543291,-6.222775,2026-08-28
NGA-03781,geografia,toponimo,Caño del Consulado,"Caño del Consulado (Curso Fluvial) en Puerto Real. WGS84: 36.513062, -6.215203.",IECA — Nomenclátor Geográfico de Andalucía (WFS app:Entidad),https://www.ideandalucia.es/wfs-nga/services,alta,Cádiz,Puerto Real,36.513062,-6.215203,2026-08-28
NGA-03782,geografia,toponimo,Caño del Peral,"Caño del Peral (Curso Fluvial) en Almonte. WGS84: 36.968583, -6.418887.",IECA — Nomenclátor Geográfico de Andalucía (WFS app:Entidad),https://www.ideandalucia.es/wfs-nga/services,alta,Cádiz,Almonte,36.968583,-6.418887,2026-08-28
NGA-03783,geografia,toponimo,Caño del Rubial,"Caño del Rubial (Curso Fluvial) en Chiclana de la Frontera. WGS84: 36.462977, -6.156275.",IECA — Nomenclátor Geográfico de Andalucía (WFS app:Entidad),https://www.ideandalucia.es/wfs-nga/services,alta,Cádiz,Chiclana de la Frontera,36.462977,-6.156275,2026-08-28
NGA-03784,geografia,toponimo,Caño del Tablazo,"Caño del Tablazo (Curso Fluvial) en Barbate. WGS84: 36.20072, -5.905756.",IECA — Nomenclátor Geográfico de Andalucía (WFS app:Entidad),https://www.ideandalucia.es/wfs-nga/services,alta,Cádiz,Barbate,36.20072,-5.905756,2026-08-28
NGA-03785,geografia,toponimo,Caño del Trocadero,"Caño del Trocadero (Curso Fluvial) en Puerto Real. WGS84: 36.51394, -6.226777.",IECA — Nomenclátor Geográfico de Andalucía (WFS app:Entidad),https://www.ideandalucia.es/wfs-nga/services,alta,Cádiz,Puerto Real,36.51394,-6.226777,2026-08-28
NGA-03786,geografia,toponimo,Caño del Águila,"Caño del Águila (Curso Fluvial) en Puerto Real. WGS84: 36.480878, -6.163597.",IECA — Nomenclátor Geográfico de Andalucía (WFS app:Entidad),https://www.ideandalucia.es/wfs-nga/services,alta,Cádiz,Puerto Real,36.480878,-6.163597,2026-08-28
NGA-03794,geografia,toponimo,Cedro Alto,"Cedro Alto (Servicio/Equipamiento) en Benaoján. WGS84: 36.719761, -5.230537.",IECA — Nomenclátor Geográfico de Andalucía (WFS app:Entidad),https://www.ideandalucia.es/wfs-nga/services,alta,Cádiz,Benaoján,36.719761,-5.230537,2026-08-28
NGA-03795,geografia,toponimo,Cementerio Municipal Antiguo,"Cementerio Municipal Antiguo (Servicio/Equipamiento) en Algeciras. WGS84: 36.144126, -5.447165.",IECA — Nomenclátor Geográfico de Andalucía (WFS app:Entidad),https://www.ideandalucia.es/wfs-nga/services,alta,Cádiz,Algeciras,36.144126,-5.447165,2026-08-28
NGA-03796,geografia,toponimo,Cementerio Municipal Nuestra Señora de la Oliva,"Cementerio Municipal Nuestra Señora de la Oliva (Servicio/Equipamiento) en Lebrija. WGS84: 36.922284, -6.070538.",IECA — Nomenclátor Geográfico de Andalucía (WFS app:Entidad),https://www.ideandalucia.es/wfs-nga/services,alta,Cádiz,Lebrija,36.922284,-6.070538,2026-08-28
NGA-03797,geografia,toponimo,Cementerio Municipal de San José,"Cementerio Municipal de San José (Servicio/Equipamiento) en La Línea de la Concepción. WGS84: 36.182653, -5.348594.",IECA — Nomenclátor Geográfico de Andalucía (WFS app:Entidad),https://www.ideandalucia.es/wfs-nga/services,alta,Cádiz,La Línea de la Concepción,36.182653,-5.348594,2026-08-28
NGA-03798,geografia,toponimo,Cementerio Municipal de San Pablo,"Cementerio Municipal de San Pablo (Servicio/Equipamiento) en Jimena de la Frontera. WGS84: 36.448017, -5.432833.",IECA — Nomenclátor Geográfico de Andalucía (WFS app:Entidad),https://www.ideandalucia.es/wfs-nga/services,alta,Cádiz,Jimena de la Frontera,36.448017,-5.432833,2026-08-28
NGA-03799,geografia,toponimo,Cementerio Parroquial,"Cementerio Parroquial (Servicio/Equipamiento) en Olvera. WGS84: 36.935936, -5.268014.",IECA — Nomenclátor Geográfico de Andalucía (WFS app:Entidad),https://www.ideandalucia.es/wfs-nga/services,alta,Cádiz,Olvera,36.935936,-5.268014,2026-08-28
NGA-03800,geografia,toponimo,Cementerio Parroquial de San Miguel,"Cementerio Parroquial de San Miguel (Servicio/Equipamiento) en Vejer de la Frontera. WGS84: 36.250712, -5.966299.",IECA — Nomenclátor Geográfico de Andalucía (WFS app:Entidad),https://www.ideandalucia.es/wfs-nga/services,alta,Cádiz,Vejer de la Frontera,36.250712,-5.966299,2026-08-28
NGA-03801,geografia,toponimo,Cementerio Viejo,"Cementerio Viejo (Servicio/Equipamiento) en Jimena de la Frontera. WGS84: 36.434369, -5.455841.",IECA — Nomenclátor Geográfico de Andalucía (WFS app:Entidad),https://www.ideandalucia.es/wfs-nga/services,alta,Cádiz,Jimena de la Frontera,36.434369,-5.455841,2026-08-28
NGA-03802,geografia,toponimo,Cementerio de Nuestra Señora de la Merced,"Cementerio de Nuestra Señora de la Merced (Servicio/Equipamiento) en Jerez de la Frontera. WGS84: 36.685897, -6.095108.",IECA — Nomenclátor Geográfico de Andalucía (WFS app:Entidad),https://www.ideandalucia.es/wfs-nga/services,alta,Cádiz,Jerez de la Frontera,36.685897,-6.095108,2026-08-28
NGA-03803,geografia,toponimo,Cementerio de San Lorenzo,"Cementerio de San Lorenzo (Servicio/Equipamiento) en Benaoján. WGS84: 36.727935, -5.248844.",IECA — Nomenclátor Geográfico de Andalucía (WFS app:Entidad),https://www.ideandalucia.es/wfs-nga/services,alta,Cádiz,Benaoján,36.727935,-5.248844,2026-08-28
NGA-03804,geografia,toponimo,Cementerio de San Martín del Tesorillo,"Cementerio de San Martín del Tesorillo (Servicio/Equipamiento) en San Martín del Tesorillo. WGS84: 36.346899, -5.330673.",IECA — Nomenclátor Geográfico de Andalucía (WFS app:Entidad),https://www.ideandalucia.es/wfs-nga/services,alta,Cádiz,San Martín del Tesorillo,36.346899,-5.330673,2026-08-28
NGA-03805,geografia,toponimo,Cementerio de San Miguel,"Cementerio de San Miguel (Servicio/Equipamiento) en Arcos de la Frontera. WGS84: 36.753766, -5.808472.",IECA — Nomenclátor Geográfico de Andalucía (WFS app:Entidad),https://www.ideandalucia.es/wfs-nga/services,alta,Cádiz,Arcos de la Frontera,36.753766,-5.808472,2026-08-28
NGA-03806,geografia,toponimo,Cementerio de San Roque,"Cementerio de San Roque (Servicio/Equipamiento) en Puerto Real. WGS84: 36.54091, -6.198373.",IECA — Nomenclátor Geográfico de Andalucía (WFS app:Entidad),https://www.ideandalucia.es/wfs-nga/services,alta,Cádiz,Puerto Real,36.54091,-6.198373,2026-08-28
NGA-03807,geografia,toponimo,Cementerio de San Sebastián,"Cementerio de San Sebastián (Servicio/Equipamiento) en Las Cabezas de San Juan. WGS84: 36.988828, -5.934115.",IECA — Nomenclátor Geográfico de Andalucía (WFS app:Entidad),https://www.ideandalucia.es/wfs-nga/services,alta,Cádiz,Las Cabezas de San Juan,36.988828,-5.934115,2026-08-28
NGA-03814,geografia,toponimo,Centro Experimental Agrícola y Ganadero,"Centro Experimental Agrícola y Ganadero (Servicio/Equipamiento) en Jerez de la Frontera. WGS84: 36.70528, -6.052576.",IECA — Nomenclátor Geográfico de Andalucía (WFS app:Entidad),https://www.ideandalucia.es/wfs-nga/services,alta,Cádiz,Jerez de la Frontera,36.70528,-6.052576,2026-08-28
NGA-03815,geografia,toponimo,Centro Hípico las Lagunetas,"Centro Hípico las Lagunetas (Servicio/Equipamiento) en Rota. WGS84: 36.673968, -6.374103.",IECA — Nomenclátor Geográfico de Andalucía (WFS app:Entidad),https://www.ideandalucia.es/wfs-nga/services,alta,Cádiz,Rota,36.673968,-6.374103,2026-08-28
NGA-03816,geografia,toponimo,Centro Penitenciario Puerto I,"Centro Penitenciario Puerto I (Servicio/Equipamiento) en El Puerto de Santa María. WGS84: 36.662503, -6.248334.",IECA — Nomenclátor Geográfico de Andalucía (WFS app:Entidad),https://www.ideandalucia.es/wfs-nga/services,alta,Cádiz,El Puerto de Santa María,36.662503,-6.248334,2026-08-28
NGA-03817,geografia,toponimo,Centro Penitenciario Puerto II,"Centro Penitenciario Puerto II (Servicio/Equipamiento) en El Puerto de Santa María. WGS84: 36.661531, -6.24726.",IECA — Nomenclátor Geográfico de Andalucía (WFS app:Entidad),https://www.ideandalucia.es/wfs-nga/services,alta,Cádiz,El Puerto de Santa María,36.661531,-6.24726,2026-08-28
NGA-03818,geografia,toponimo,Centro Penitenciario Puerto III,"Centro Penitenciario Puerto III (Servicio/Equipamiento) en El Puerto de Santa María. WGS84: 36.665491, -6.257985.",IECA — Nomenclátor Geográfico de Andalucía (WFS app:Entidad),https://www.ideandalucia.es/wfs-nga/services,alta,Cádiz,El Puerto de Santa María,36.665491,-6.257985,2026-08-28
NGA-03819,geografia,toponimo,Centro Penitenciario de Algeciras,"Centro Penitenciario de Algeciras (Servicio/Equipamiento) en Algeciras. WGS84: 36.144928, -5.485973.",IECA — Nomenclátor Geográfico de Andalucía (WFS app:Entidad),https://www.ideandalucia.es/wfs-nga/services,alta,Cádiz,Algeciras,36.144928,-5.485973,2026-08-28
NGA-03820,geografia,toponimo,Centro de Compostaje,"Centro de Compostaje (Servicio/Equipamiento) en Rota. WGS84: 36.664658, -6.375951.",IECA — Nomenclátor Geográfico de Andalucía (WFS app:Entidad),https://www.ideandalucia.es/wfs-nga/services,alta,Cádiz,Rota,36.664658,-6.375951,2026-08-28
NGA-03821,geografia,toponimo,Centro de Educación Ambiental,"Centro de Educación Ambiental (Servicio/Equipamiento) en El Puerto de Santa María. WGS84: 36.580586, -6.206603.",IECA — Nomenclátor Geográfico de Andalucía (WFS app:Entidad),https://www.ideandalucia.es/wfs-nga/services,alta,Cádiz,El Puerto de Santa María,36.580586,-6.206603,2026-08-28
NGA-03822,geografia,toponimo,Centro de Internamiento de Menores la Marchenilla,"Centro de Internamiento de Menores la Marchenilla (Servicio/Equipamiento) en Algeciras. WGS84: 36.092571, -5.477133.",IECA — Nomenclátor Geográfico de Andalucía (WFS app:Entidad),https://www.ideandalucia.es/wfs-nga/services,alta,Cádiz,Algeciras,36.092571,-5.477133,2026-08-28
NGA-03823,geografia,toponimo,Centro de Investigación y Formación Agraria y Pesquera de Andalucía el Toruño,"Centro de Investigación y Formación Agraria y Pesquera de Andalucía el Toruño (Servicio/Equipamiento) en El Puerto de Santa María. WGS84: 36.579957, -6.210869.",IECA — Nomenclátor Geográfico de Andalucía (WFS app:Entidad),https://www.ideandalucia.es/wfs-nga/services,alta,Cádiz,El Puerto de Santa María,36.579957,-6.210869,2026-08-28
NGA-03824,geografia,toponimo,Centro de Recepción Arqueológica Fuente de Ramo,"Centro de Recepción Arqueológica Fuente de Ramo (Servicio/Equipamiento) en Puerto Serrano. WGS84: 36.918489, -5.526362.",IECA — Nomenclátor Geográfico de Andalucía (WFS app:Entidad),https://www.ideandalucia.es/wfs-nga/services,alta,Cádiz,Puerto Serrano,36.918489,-5.526362,2026-08-28
NGA-03825,geografia,toponimo,Centro de Salud San Fernando Doctor Cayetano Roldán,"Centro de Salud San Fernando Doctor Cayetano Roldán (Servicio/Equipamiento) en San Fernando. WGS84: 36.468402, -6.190759.",IECA — Nomenclátor Geográfico de Andalucía (WFS app:Entidad),https://www.ideandalucia.es/wfs-nga/services,alta,Cádiz,San Fernando,36.468402,-6.190759,2026-08-28
NGA-04995,geografia,toponimo,Charca de la Camilla,"Charca de la Camilla (Masa de Agua) en Zahara. WGS84: 36.80503, -5.403196.",IECA — Nomenclátor Geográfico de Andalucía (WFS app:Entidad),https://www.ideandalucia.es/wfs-nga/services,alta,Cádiz,Zahara,36.80503,-5.403196,2026-08-28
NGA-05047,geografia,toponimo,Circuito de Jerez Ángel Nieto,"Circuito de Jerez Ángel Nieto (Servicio/Equipamiento) en Jerez de la Frontera. WGS84: 36.711689, -6.030657.",IECA — Nomenclátor Geográfico de Andalucía (WFS app:Entidad),https://www.ideandalucia.es/wfs-nga/services,alta,Cádiz,Jerez de la Frontera,36.711689,-6.030657,2026-08-28
NGA-05056,geografia,toponimo,Club Getares,"Club Getares (Servicio/Equipamiento) en Algeciras. WGS84: 36.091653, -5.444717.",IECA — Nomenclátor Geográfico de Andalucía (WFS app:Entidad),https://www.ideandalucia.es/wfs-nga/services,alta,Cádiz,Algeciras,36.091653,-5.444717,2026-08-28
NGA-05057,geografia,toponimo,Club Guadalete,"Club Guadalete (Servicio/Equipamiento) en El Puerto de Santa María. WGS84: 36.582433, -6.205858.",IECA — Nomenclátor Geográfico de Andalucía (WFS app:Entidad),https://www.ideandalucia.es/wfs-nga/services,alta,Cádiz,El Puerto de Santa María,36.582433,-6.205858,2026-08-28
NGA-05058,geografia,toponimo,Club de Polo y Doma Dos Lunas,"Club de Polo y Doma Dos Lunas (Servicio/Equipamiento) en San Martín del Tesorillo. WGS84: 36.334769, -5.33637.",IECA — Nomenclátor Geográfico de Andalucía (WFS app:Entidad),https://www.ideandalucia.es/wfs-nga/services,alta,Cádiz,San Martín del Tesorillo,36.334769,-5.33637,2026-08-28
NGA-05096,geografia,toponimo,Colegio Marianistas,"Colegio Marianistas (Servicio/Equipamiento) en Jerez de la Frontera. WGS84: 36.696545, -6.139903.",IECA — Nomenclátor Geográfico de Andalucía (WFS app:Entidad),https://www.ideandalucia.es/wfs-nga/services,alta,Cádiz,Jerez de la Frontera,36.696545,-6.139903,2026-08-28
NGA-05097,geografia,toponimo,Colegio de Educación Infantil y Primaria Maestro Juan María Marín,"Colegio de Educación Infantil y Primaria Maestro Juan María Marín (Servicio/Equipamiento) en Zahara. WGS84: 36.841588, -5.393025.",IECA — Nomenclátor Geográfico de Andalucía (WFS app:Entidad),https://www.ideandalucia.es/wfs-nga/services,alta,Cádiz,Zahara,36.841588,-5.393025,2026-08-28
NGA-05123,geografia,toponimo,Complejo Deportivo Chapín,"Complejo Deportivo Chapín (Servicio/Equipamiento) en Jerez de la Frontera. WGS84: 36.692336, -6.117678.",IECA — Nomenclátor Geográfico de Andalucía (WFS app:Entidad),https://www.ideandalucia.es/wfs-nga/services,alta,Cádiz,Jerez de la Frontera,36.692336,-6.117678,2026-08-28
NGA-05124,geografia,toponimo,Complejo Deportivo la Granja,"Complejo Deportivo la Granja (Servicio/Equipamiento) en Jerez de la Frontera. WGS84: 36.697337, -6.107373.",IECA — Nomenclátor Geográfico de Andalucía (WFS app:Entidad),https://www.ideandalucia.es/wfs-nga/services,alta,Cádiz,Jerez de la Frontera,36.697337,-6.107373,2026-08-28
NGA-05125,geografia,toponimo,Complejo Deportivo la Menacha,"Complejo Deportivo la Menacha (Servicio/Equipamiento) en Algeciras. WGS84: 36.165035, -5.465878.",IECA — Nomenclátor Geográfico de Andalucía (WFS app:Entidad),https://www.ideandalucia.es/wfs-nga/services,alta,Cádiz,Algeciras,36.165035,-5.465878,2026-08-28
NGA-05128,geografia,toponimo,Compuerta del Cuquero,"Compuerta del Cuquero (Obra Hidráulica) en La Puebla del Río. WGS84: 37.000607, -6.249916.",IECA — Nomenclátor Geográfico de Andalucía (WFS app:Entidad),https://www.ideandalucia.es/wfs-nga/services,alta,Cádiz,La Puebla del Río,37.000607,-6.249916,2026-08-28
NGA-05129,geografia,toponimo,Compuertas del Cangrejo,"Compuertas del Cangrejo (Obra Hidráulica) en Aznalcázar. WGS84: 37.019059, -6.275257.",IECA — Nomenclátor Geográfico de Andalucía (WFS app:Entidad),https://www.ideandalucia.es/wfs-nga/services,alta,Cádiz,Aznalcázar,37.019059,-6.275257,2026-08-28
NGA-05131,geografia,toponimo,Comunidad de Regantes del Bajo Guadalquivir,"Comunidad de Regantes del Bajo Guadalquivir (Servicio/Equipamiento) en Lebrija. WGS84: 36.959431, -6.045271.",IECA — Nomenclátor Geográfico de Andalucía (WFS app:Entidad),https://www.ideandalucia.es/wfs-nga/services,alta,Cádiz,Lebrija,36.959431,-6.045271,2026-08-28
NGA-05145,geografia,toponimo,Convento María de Dios,"Convento María de Dios (Servicio/Equipamiento) en Sanlúcar de Barrameda. WGS84: 36.777559, -6.355225.",IECA — Nomenclátor Geográfico de Andalucía (WFS app:Entidad),https://www.ideandalucia.es/wfs-nga/services,alta,Cádiz,Sanlúcar de Barrameda,36.777559,-6.355225,2026-08-28
NGA-05179,geografia,toponimo,Cordel del Arroyo Salado,"Cordel del Arroyo Salado (Curso Fluvial) en Olvera. WGS84: 36.941979, -5.251038.",IECA — Nomenclátor Geográfico de Andalucía (WFS app:Entidad),https://www.ideandalucia.es/wfs-nga/services,alta,Cádiz,Olvera,36.941979,-5.251038,2026-08-28
NGA-05809,geografia,toponimo,Cortijo de Capita,"Cortijo de Capita (Servicio/Equipamiento) en Jerez de la Frontera. WGS84: 36.765545, -6.08161.",IECA — Nomenclátor Geográfico de Andalucía (WFS app:Entidad),https://www.ideandalucia.es/wfs-nga/services,alta,Cádiz,Jerez de la Frontera,36.765545,-6.08161,2026-08-28
NGA-05860,geografia,toponimo,Cortijo de Faín,"Cortijo de Faín (Servicio/Equipamiento) en Arcos de la Frontera. WGS84: 36.726019, -5.762299.",IECA — Nomenclátor Geográfico de Andalucía (WFS app:Entidad),https://www.ideandalucia.es/wfs-nga/services,alta,Cádiz,Arcos de la Frontera,36.726019,-5.762299,2026-08-28
NGA-06144,geografia,toponimo,Cortijo de la Holla,"Cortijo de la Holla (Servicio/Equipamiento) en Benalup-Casas Viejas. WGS84: 36.313259, -5.720948.",IECA — Nomenclátor Geográfico de Andalucía (WFS app:Entidad),https://www.ideandalucia.es/wfs-nga/services,alta,Cádiz,Benalup-Casas Viejas,36.313259,-5.720948,2026-08-28
NGA-06699,geografia,toponimo,Cortijo la Bodega,"Cortijo la Bodega (Servicio/Equipamiento) en Benaoján. WGS84: 36.721571, -5.236444.",IECA — Nomenclátor Geográfico de Andalucía (WFS app:Entidad),https://www.ideandalucia.es/wfs-nga/services,alta,Cádiz,Benaoján,36.721571,-5.236444,2026-08-28
NGA-06902,geografia,toponimo,Cortijo los Naranjos de San Juan,"Cortijo los Naranjos de San Juan (Servicio/Equipamiento) en Las Cabezas de San Juan. WGS84: 36.941029, -5.918191.",IECA — Nomenclátor Geográfico de Andalucía (WFS app:Entidad),https://www.ideandalucia.es/wfs-nga/services,alta,Cádiz,Las Cabezas de San Juan,36.941029,-5.918191,2026-08-28
NGA-06932,geografia,toponimo,Costa de la Grajuela,"Costa de la Grajuela (Relieve Litoral / Marítimo) en Chipiona. WGS84: 36.744088, -6.429397.",IECA — Nomenclátor Geográfico de Andalucía (WFS app:Entidad),https://www.ideandalucia.es/wfs-nga/services,alta,Cádiz,Chipiona,36.744088,-6.429397,2026-08-28
NGA-06997,geografia,toponimo,Cueva de Garabaquin,"Cueva de Garabaquin (Cueva) en Zahara. WGS84: 36.855952, -5.480416.",IECA — Nomenclátor Geográfico de Andalucía (WFS app:Entidad),https://www.ideandalucia.es/wfs-nga/services,alta,Cádiz,Zahara,36.855952,-5.480416,2026-08-28
NGA-07002,geografia,toponimo,Cueva de la Pileta,"Cueva de la Pileta (Cueva) en Benaoján. WGS84: 36.689747, -5.268585.",IECA — Nomenclátor Geográfico de Andalucía (WFS app:Entidad),https://www.ideandalucia.es/wfs-nga/services,alta,Cádiz,Benaoján,36.689747,-5.268585,2026-08-28
NGA-07011,geografia,toponimo,Cueva del Gato,"Cueva del Gato (Cueva) en Benaoján. WGS84: 36.727633, -5.240298.",IECA — Nomenclátor Geográfico de Andalucía (WFS app:Entidad),https://www.ideandalucia.es/wfs-nga/services,alta,Cádiz,Benaoján,36.727633,-5.240298,2026-08-28
NGA-07012,geografia,toponimo,Cueva del Hundidero,"Cueva del Hundidero (Cueva) en Montejaque. WGS84: 36.754653, -5.239894.",IECA — Nomenclátor Geográfico de Andalucía (WFS app:Entidad),https://www.ideandalucia.es/wfs-nga/services,alta,Cádiz,Montejaque,36.754653,-5.239894,2026-08-28
NGA-07024,geografia,toponimo,Cámping Cala del Aceite,"Cámping Cala del Aceite (Servicio/Equipamiento) en Conil de la Frontera. WGS84: 36.299998, -6.12684.",IECA — Nomenclátor Geográfico de Andalucía (WFS app:Entidad),https://www.ideandalucia.es/wfs-nga/services,alta,Cádiz,Conil de la Frontera,36.299998,-6.12684,2026-08-28
NGA-07025,geografia,toponimo,Cámping Camaleón,"Cámping Camaleón (Servicio/Equipamiento) en Barbate. WGS84: 36.188171, -6.013971.",IECA — Nomenclátor Geográfico de Andalucía (WFS app:Entidad),https://www.ideandalucia.es/wfs-nga/services,alta,Cádiz,Barbate,36.188171,-6.013971,2026-08-28
NGA-07026,geografia,toponimo,Cámping Caños de Meca,"Cámping Caños de Meca (Servicio/Equipamiento) en Barbate. WGS84: 36.201492, -6.037935.",IECA — Nomenclátor Geográfico de Andalucía (WFS app:Entidad),https://www.ideandalucia.es/wfs-nga/services,alta,Cádiz,Barbate,36.201492,-6.037935,2026-08-28
NGA-07027,geografia,toponimo,Cámping Punta Candor,"Cámping Punta Candor (Servicio/Equipamiento) en Rota. WGS84: 36.639664, -6.390776.",IECA — Nomenclátor Geográfico de Andalucía (WFS app:Entidad),https://www.ideandalucia.es/wfs-nga/services,alta,Cádiz,Rota,36.639664,-6.390776,2026-08-28
NGA-07028,geografia,toponimo,Cámping Roche,"Cámping Roche (Servicio/Equipamiento) en Conil de la Frontera. WGS84: 36.312071, -6.113163.",IECA — Nomenclátor Geográfico de Andalucía (WFS app:Entidad),https://www.ideandalucia.es/wfs-nga/services,alta,Cádiz,Conil de la Frontera,36.312071,-6.113163,2026-08-28
NGA-07029,geografia,toponimo,Cámping Trafalgar,"Cámping Trafalgar (Servicio/Equipamiento) en Barbate. WGS84: 36.189548, -6.029598.",IECA — Nomenclátor Geográfico de Andalucía (WFS app:Entidad),https://www.ideandalucia.es/wfs-nga/services,alta,Cádiz,Barbate,36.189548,-6.029598,2026-08-28
NGA-07030,geografia,toponimo,Cámping Tula,"Cámping Tula (Servicio/Equipamiento) en Conil de la Frontera. WGS84: 36.313549, -6.093964.",IECA — Nomenclátor Geográfico de Andalucía (WFS app:Entidad),https://www.ideandalucia.es/wfs-nga/services,alta,Cádiz,Conil de la Frontera,36.313549,-6.093964,2026-08-28
NGA-07031,geografia,toponimo,Cámping el Palmar,"Cámping el Palmar (Servicio/Equipamiento) en Vejer de la Frontera. WGS84: 36.234665, -6.059394.",IECA — Nomenclátor Geográfico de Andalucía (WFS app:Entidad),https://www.ideandalucia.es/wfs-nga/services,alta,Cádiz,Vejer de la Frontera,36.234665,-6.059394,2026-08-28
NGA-07032,geografia,toponimo,Cámping los Eucaliptos,"Cámping los Eucaliptos (Servicio/Equipamiento) en Conil de la Frontera. WGS84: 36.28861, -6.092049.",IECA — Nomenclátor Geográfico de Andalucía (WFS app:Entidad),https://www.ideandalucia.es/wfs-nga/services,alta,Cádiz,Conil de la Frontera,36.28861,-6.092049,2026-08-28
NGA-07033,geografia,toponimo,Cámping los Molinos,"Cámping los Molinos (Servicio/Equipamiento) en Vejer de la Frontera. WGS84: 36.274313, -5.97785.",IECA — Nomenclátor Geográfico de Andalucía (WFS app:Entidad),https://www.ideandalucia.es/wfs-nga/services,alta,Cádiz,Vejer de la Frontera,36.274313,-5.97785,2026-08-28
NGA-07146,geografia,toponimo,Depuradora Aguas del Huesna,"Depuradora Aguas del Huesna (Obra Hidráulica) en Lebrija. WGS84: 36.940816, -6.076349.",IECA — Nomenclátor Geográfico de Andalucía (WFS app:Entidad),https://www.ideandalucia.es/wfs-nga/services,alta,Cádiz,Lebrija,36.940816,-6.076349,2026-08-28
NGA-07147,geografia,toponimo,Depuradora de Aguas Residuales,"Depuradora de Aguas Residuales (Obra Hidráulica) en Setenil de las Bodegas. WGS84: 36.865587, -5.183859.",IECA — Nomenclátor Geográfico de Andalucía (WFS app:Entidad),https://www.ideandalucia.es/wfs-nga/services,alta,Cádiz,Setenil de las Bodegas,36.865587,-5.183859,2026-08-28
NGA-07148,geografia,toponimo,Depuradora del Portal,"Depuradora del Portal (Obra Hidráulica) en Jerez de la Frontera. WGS84: 36.643872, -6.128736.",IECA — Nomenclátor Geográfico de Andalucía (WFS app:Entidad),https://www.ideandalucia.es/wfs-nga/services,alta,Cádiz,Jerez de la Frontera,36.643872,-6.128736,2026-08-28
NGA-07150,geografia,toponimo,Depósito de Agua el Tempul,"Depósito de Agua el Tempul (Obra Hidráulica) en Jerez de la Frontera. WGS84: 36.690017, -6.150623.",IECA — Nomenclátor Geográfico de Andalucía (WFS app:Entidad),https://www.ideandalucia.es/wfs-nga/services,alta,Cádiz,Jerez de la Frontera,36.690017,-6.150623,2026-08-28
NGA-07151,geografia,toponimo,Depósito de hidrocarburos,"Depósito de hidrocarburos (Servicio/Equipamiento) en El Puerto de Santa María. WGS84: 36.624436, -6.284318.",IECA — Nomenclátor Geográfico de Andalucía (WFS app:Entidad),https://www.ideandalucia.es/wfs-nga/services,alta,Cádiz,El Puerto de Santa María,36.624436,-6.284318,2026-08-28
NGA-07152,geografia,toponimo,Depósitos de Abastecimiento,"Depósitos de Abastecimiento (Obra Hidráulica) en Puerto Serrano. WGS84: 36.919766, -5.528943.",IECA — Nomenclátor Geográfico de Andalucía (WFS app:Entidad),https://www.ideandalucia.es/wfs-nga/services,alta,Cádiz,Puerto Serrano,36.919766,-5.528943,2026-08-28
NGA-07153,geografia,toponimo,Desagüe de Magallanes,"Desagüe de Magallanes (Obra Hidráulica) en Trebujena. WGS84: 36.893083, -6.225649.",IECA — Nomenclátor Geográfico de Andalucía (WFS app:Entidad),https://www.ideandalucia.es/wfs-nga/services,alta,Cádiz,Trebujena,36.893083,-6.225649,2026-08-28
NGA-07154,geografia,toponimo,Desagüe de la Figuerola,"Desagüe de la Figuerola (Obra Hidráulica) en Almonte. WGS84: 36.899659, -6.35427.",IECA — Nomenclátor Geográfico de Andalucía (WFS app:Entidad),https://www.ideandalucia.es/wfs-nga/services,alta,Cádiz,Almonte,36.899659,-6.35427,2026-08-28
NGA-07155,geografia,toponimo,Desagüe de la Figuerola,"Desagüe de la Figuerola (Obra Hidráulica) en La Puebla del Río. WGS84: 36.914621, -6.271527.",IECA — Nomenclátor Geográfico de Andalucía (WFS app:Entidad),https://www.ideandalucia.es/wfs-nga/services,alta,Cádiz,La Puebla del Río,36.914621,-6.271527,2026-08-28
NGA-07166,geografia,toponimo,Dique de la Isla Mayor,"Dique de la Isla Mayor (Obra Hidráulica) en La Puebla del Río. WGS84: 36.91868, -6.270385.",IECA — Nomenclátor Geográfico de Andalucía (WFS app:Entidad),https://www.ideandalucia.es/wfs-nga/services,alta,Cádiz,La Puebla del Río,36.91868,-6.270385,2026-08-28
NGA-07190,geografia,toponimo,Dunas,"Dunas (Relieve Litoral / Marítimo) en Almonte. WGS84: 36.814091, -6.394851.",IECA — Nomenclátor Geográfico de Andalucía (WFS app:Entidad),https://www.ideandalucia.es/wfs-nga/services,alta,Cádiz,Almonte,36.814091,-6.394851,2026-08-28
NGA-07191,geografia,toponimo,Dunas de San Antonio,"Dunas de San Antonio (Relieve Litoral / Marítimo) en El Puerto de Santa María. WGS84: 36.584478, -6.252513.",IECA — Nomenclátor Geográfico de Andalucía (WFS app:Entidad),https://www.ideandalucia.es/wfs-nga/services,alta,Cádiz,El Puerto de Santa María,36.584478,-6.252513,2026-08-28
NGA-07384,geografia,toponimo,El Carmen de San Miguel,"El Carmen de San Miguel (Masa de Agua) en Puerto Real. WGS84: 36.490658, -6.169774.",IECA — Nomenclátor Geográfico de Andalucía (WFS app:Entidad),https://www.ideandalucia.es/wfs-nga/services,alta,Cádiz,Puerto Real,36.490658,-6.169774,2026-08-28
NGA-07491,geografia,toponimo,El Consulado,"El Consulado (Masa de Agua) en Puerto Real. WGS84: 36.506726, -6.235736.",IECA — Nomenclátor Geográfico de Andalucía (WFS app:Entidad),https://www.ideandalucia.es/wfs-nga/services,alta,Cádiz,Puerto Real,36.506726,-6.235736,2026-08-28
NGA-07539,geografia,toponimo,El Diplomático Feo,"El Diplomático Feo (Servicio/Equipamiento) en Jimena de la Frontera. WGS84: 36.480695, -5.40986.",IECA — Nomenclátor Geográfico de Andalucía (WFS app:Entidad),https://www.ideandalucia.es/wfs-nga/services,alta,Cádiz,Jimena de la Frontera,36.480695,-5.40986,2026-08-28
NGA-07680,geografia,toponimo,El Lucio,"El Lucio (Relieve Litoral / Marítimo) en Las Cabezas de San Juan. WGS84: 37.015548, -5.911595.",IECA — Nomenclátor Geográfico de Andalucía (WFS app:Entidad),https://www.ideandalucia.es/wfs-nga/services,alta,Cádiz,Las Cabezas de San Juan,37.015548,-5.911595,2026-08-28
NGA-07681,geografia,toponimo,El Lucio,"El Lucio (Relieve Litoral / Marítimo) en Almonte. WGS84: 36.822314, -6.368012.",IECA — Nomenclátor Geográfico de Andalucía (WFS app:Entidad),https://www.ideandalucia.es/wfs-nga/services,alta,Cádiz,Almonte,36.822314,-6.368012,2026-08-28
NGA-07690,geografia,toponimo,El Madrugador,"El Madrugador (Servicio/Equipamiento) en El Puerto de Santa María. WGS84: 36.623843, -6.191537.",IECA — Nomenclátor Geográfico de Andalucía (WFS app:Entidad),https://www.ideandalucia.es/wfs-nga/services,alta,Cádiz,El Puerto de Santa María,36.623843,-6.191537,2026-08-28
NGA-07709,geografia,toponimo,El Matadero,"El Matadero (Servicio/Equipamiento) en Barbate. WGS84: 36.194671, -5.913256.",IECA — Nomenclátor Geográfico de Andalucía (WFS app:Entidad),https://www.ideandalucia.es/wfs-nga/services,alta,Cádiz,Barbate,36.194671,-5.913256,2026-08-28
NGA-07728,geografia,toponimo,El Molinete,"El Molinete (Masa de Agua) en Puerto Real. WGS84: 36.520415, -6.171928.",IECA — Nomenclátor Geográfico de Andalucía (WFS app:Entidad),https://www.ideandalucia.es/wfs-nga/services,alta,Cádiz,Puerto Real,36.520415,-6.171928,2026-08-28
NGA-07798,geografia,toponimo,El Palomar de la Breña,"El Palomar de la Breña (Servicio/Equipamiento) en Barbate. WGS84: 36.209656, -5.972949.",IECA — Nomenclátor Geográfico de Andalucía (WFS app:Entidad),https://www.ideandalucia.es/wfs-nga/services,alta,Cádiz,Barbate,36.209656,-5.972949,2026-08-28
NGA-07800,geografia,toponimo,El Paraíso,"El Paraíso (Servicio/Equipamiento) en Las Cabezas de San Juan. WGS84: 36.983449, -5.919138.",IECA — Nomenclátor Geográfico de Andalucía (WFS app:Entidad),https://www.ideandalucia.es/wfs-nga/services,alta,Cádiz,Las Cabezas de San Juan,36.983449,-5.919138,2026-08-28
NGA-08067,geografia,toponimo,Embalse de Arcos de la Frontera,"Embalse de Arcos de la Frontera (Obra Hidráulica) en Arcos de la Frontera. WGS84: 36.768515, -5.770465.",IECA — Nomenclátor Geográfico de Andalucía (WFS app:Entidad),https://www.ideandalucia.es/wfs-nga/services,alta,Cádiz,Arcos de la Frontera,36.768515,-5.770465,2026-08-28
NGA-08068,geografia,toponimo,Embalse de Bornos,"Embalse de Bornos (Obra Hidráulica) en Bornos. WGS84: 36.810886, -5.71215.",IECA — Nomenclátor Geográfico de Andalucía (WFS app:Entidad),https://www.ideandalucia.es/wfs-nga/services,alta,Cádiz,Bornos,36.810886,-5.71215,2026-08-28
NGA-08069,geografia,toponimo,Embalse de Cabrahigos,"Embalse de Cabrahigos (Obra Hidráulica) en Vejer de la Frontera. WGS84: 36.31204, -5.877498.",IECA — Nomenclátor Geográfico de Andalucía (WFS app:Entidad),https://www.ideandalucia.es/wfs-nga/services,alta,Cádiz,Vejer de la Frontera,36.31204,-5.877498,2026-08-28
NGA-08070,geografia,toponimo,Embalse de Charco Redondo,"Embalse de Charco Redondo (Obra Hidráulica) en Los Barrios. WGS84: 36.241267, -5.540359.",IECA — Nomenclátor Geográfico de Andalucía (WFS app:Entidad),https://www.ideandalucia.es/wfs-nga/services,alta,Cádiz,Los Barrios,36.241267,-5.540359,2026-08-28
NGA-08071,geografia,toponimo,Embalse de Guadalcacín,"Embalse de Guadalcacín (Obra Hidráulica) en San José del Valle. WGS84: 36.667889, -5.785981.",IECA — Nomenclátor Geográfico de Andalucía (WFS app:Entidad),https://www.ideandalucia.es/wfs-nga/services,alta,Cádiz,San José del Valle,36.667889,-5.785981,2026-08-28
NGA-08072,geografia,toponimo,Embalse de Torre del Águila,"Embalse de Torre del Águila (Obra Hidráulica) en Utrera. WGS84: 37.030578, -5.709113.",IECA — Nomenclátor Geográfico de Andalucía (WFS app:Entidad),https://www.ideandalucia.es/wfs-nga/services,alta,Cádiz,Utrera,37.030578,-5.709113,2026-08-28
NGA-08073,geografia,toponimo,Embalse de Zahara-El Gastor,"Embalse de Zahara-El Gastor (Obra Hidráulica) en El Gastor. WGS84: 36.827043, -5.365822.",IECA — Nomenclátor Geográfico de Andalucía (WFS app:Entidad),https://www.ideandalucia.es/wfs-nga/services,alta,Cádiz,El Gastor,36.827043,-5.365822,2026-08-28
NGA-08074,geografia,toponimo,Embalse de los Hurones,"Embalse de los Hurones (Obra Hidráulica) en Ubrique. WGS84: 36.685446, -5.53255.",IECA — Nomenclátor Geográfico de Andalucía (WFS app:Entidad),https://www.ideandalucia.es/wfs-nga/services,alta,Cádiz,Ubrique,36.685446,-5.53255,2026-08-28
NGA-08075,geografia,toponimo,Embalse del Almodóvar,"Embalse del Almodóvar (Obra Hidráulica) en Tarifa. WGS84: 36.15553, -5.640923.",IECA — Nomenclátor Geográfico de Andalucía (WFS app:Entidad),https://www.ideandalucia.es/wfs-nga/services,alta,Cádiz,Tarifa,36.15553,-5.640923,2026-08-28
NGA-08076,geografia,toponimo,Embalse del Barbate,"Embalse del Barbate (Obra Hidráulica) en Alcalá de los Gazules. WGS84: 36.382085, -5.674323.",IECA — Nomenclátor Geográfico de Andalucía (WFS app:Entidad),https://www.ideandalucia.es/wfs-nga/services,alta,Cádiz,Alcalá de los Gazules,36.382085,-5.674323,2026-08-28
NGA-08077,geografia,toponimo,Embalse del Celemín,"Embalse del Celemín (Obra Hidráulica) en Benalup-Casas Viejas. WGS84: 36.307991, -5.754261.",IECA — Nomenclátor Geográfico de Andalucía (WFS app:Entidad),https://www.ideandalucia.es/wfs-nga/services,alta,Cádiz,Benalup-Casas Viejas,36.307991,-5.754261,2026-08-28
NGA-08078,geografia,toponimo,Embalse del Guadarranque,"Embalse del Guadarranque (Obra Hidráulica) en Castellar de la Frontera. WGS84: 36.339675, -5.469814.",IECA — Nomenclátor Geográfico de Andalucía (WFS app:Entidad),https://www.ideandalucia.es/wfs-nga/services,alta,Cádiz,Castellar de la Frontera,36.339675,-5.469814,2026-08-28
NGA-08079,geografia,toponimo,Embalse del Milagro,"Embalse del Milagro (Obra Hidráulica) en Vejer de la Frontera. WGS84: 36.30301, -5.86581.",IECA — Nomenclátor Geográfico de Andalucía (WFS app:Entidad),https://www.ideandalucia.es/wfs-nga/services,alta,Cádiz,Vejer de la Frontera,36.30301,-5.86581,2026-08-28
NGA-08081,geografia,toponimo,Encauzamiento del Brazo de la Torre,"Encauzamiento del Brazo de la Torre (Curso Fluvial) en Aznalcázar. WGS84: 36.995885, -6.283948.",IECA — Nomenclátor Geográfico de Andalucía (WFS app:Entidad),https://www.ideandalucia.es/wfs-nga/services,alta,Cádiz,Aznalcázar,36.995885,-6.283948,2026-08-28
NGA-08095,geografia,toponimo,Ensenada de Barbate,"Ensenada de Barbate (Relieve Litoral / Marítimo) en Barbate. WGS84: 36.179862, -5.92272.",IECA — Nomenclátor Geográfico de Andalucía (WFS app:Entidad),https://www.ideandalucia.es/wfs-nga/services,alta,Cádiz,Barbate,36.179862,-5.92272,2026-08-28
NGA-08096,geografia,toponimo,Ensenada de Bolonia,"Ensenada de Bolonia (Relieve Litoral / Marítimo) en Tarifa. WGS84: 36.084707, -5.77084.",IECA — Nomenclátor Geográfico de Andalucía (WFS app:Entidad),https://www.ideandalucia.es/wfs-nga/services,alta,Cádiz,Tarifa,36.084707,-5.77084,2026-08-28
NGA-08097,geografia,toponimo,Ensenada de Getares,"Ensenada de Getares (Relieve Litoral / Marítimo) en Algeciras. WGS84: 36.093925, -5.443243.",IECA — Nomenclátor Geográfico de Andalucía (WFS app:Entidad),https://www.ideandalucia.es/wfs-nga/services,alta,Cádiz,Algeciras,36.093925,-5.443243,2026-08-28
NGA-08098,geografia,toponimo,Ensenada de Zahara,"Ensenada de Zahara (Relieve Litoral / Marítimo) en Barbate. WGS84: 36.154843, -5.87659.",IECA — Nomenclátor Geográfico de Andalucía (WFS app:Entidad),https://www.ideandalucia.es/wfs-nga/services,alta,Cádiz,Barbate,36.154843,-5.87659,2026-08-28
NGA-08099,geografia,toponimo,Ensenada de la Punta de Huete,"Ensenada de la Punta de Huete (Relieve Litoral / Marítimo) en Rota. WGS84: 36.616788, -6.307317.",IECA — Nomenclátor Geográfico de Andalucía (WFS app:Entidad),https://www.ideandalucia.es/wfs-nga/services,alta,Cádiz,Rota,36.616788,-6.307317,2026-08-28
NGA-08100,geografia,toponimo,Ensenada del Aculadero,"Ensenada del Aculadero (Relieve Litoral / Marítimo) en El Puerto de Santa María. WGS84: 36.582703, -6.249529.",IECA — Nomenclátor Geográfico de Andalucía (WFS app:Entidad),https://www.ideandalucia.es/wfs-nga/services,alta,Cádiz,El Puerto de Santa María,36.582703,-6.249529,2026-08-28
NGA-08101,geografia,toponimo,Ensenada del Saladillo,"Ensenada del Saladillo (Relieve Litoral / Marítimo) en Algeciras. WGS84: 36.118196, -5.437139.",IECA — Nomenclátor Geográfico de Andalucía (WFS app:Entidad),https://www.ideandalucia.es/wfs-nga/services,alta,Cádiz,Algeciras,36.118196,-5.437139,2026-08-28
NGA-08102,geografia,toponimo,Ensenada del Tolmo,"Ensenada del Tolmo (Relieve Litoral / Marítimo) en Algeciras. WGS84: 36.053307, -5.487171.",IECA — Nomenclátor Geográfico de Andalucía (WFS app:Entidad),https://www.ideandalucia.es/wfs-nga/services,alta,Cádiz,Algeciras,36.053307,-5.487171,2026-08-28
NGA-08107,geografia,toponimo,Ermita Sagrado Corazón de Jesús,"Ermita Sagrado Corazón de Jesús (Servicio/Equipamiento) en Algeciras. WGS84: 36.13611, -5.465126.",IECA — Nomenclátor Geográfico de Andalucía (WFS app:Entidad),https://www.ideandalucia.es/wfs-nga/services,alta,Cádiz,Algeciras,36.13611,-5.465126,2026-08-28
NGA-08108,geografia,toponimo,Ermita San Roque,"Ermita San Roque (Servicio/Equipamiento) en San Roque. WGS84: 36.210101, -5.392003.",IECA — Nomenclátor Geográfico de Andalucía (WFS app:Entidad),https://www.ideandalucia.es/wfs-nga/services,alta,Cádiz,San Roque,36.210101,-5.392003,2026-08-28
NGA-08109,geografia,toponimo,Ermita Virgen de la Soledad,"Ermita Virgen de la Soledad (Servicio/Equipamiento) en Chiclana de la Frontera. WGS84: 36.418768, -6.159726.",IECA — Nomenclátor Geográfico de Andalucía (WFS app:Entidad),https://www.ideandalucia.es/wfs-nga/services,alta,Cádiz,Chiclana de la Frontera,36.418768,-6.159726,2026-08-28
NGA-08111,geografia,toponimo,Ermita de María Auxiliadora,"Ermita de María Auxiliadora (Servicio/Equipamiento) en Conil de la Frontera. WGS84: 36.329873, -6.080424.",IECA — Nomenclátor Geográfico de Andalucía (WFS app:Entidad),https://www.ideandalucia.es/wfs-nga/services,alta,Cádiz,Conil de la Frontera,36.329873,-6.080424,2026-08-28
NGA-08112,geografia,toponimo,Ermita de Murillo,"Ermita de Murillo (Servicio/Equipamiento) en Algeciras. WGS84: 36.116062, -5.488531.",IECA — Nomenclátor Geográfico de Andalucía (WFS app:Entidad),https://www.ideandalucia.es/wfs-nga/services,alta,Cádiz,Algeciras,36.116062,-5.488531,2026-08-28
NGA-08113,geografia,toponimo,Ermita de Nuestra Señora de la Ina,"Ermita de Nuestra Señora de la Ina (Servicio/Equipamiento) en Jerez de la Frontera. WGS84: 36.64424, -6.050029.",IECA — Nomenclátor Geográfico de Andalucía (WFS app:Entidad),https://www.ideandalucia.es/wfs-nga/services,alta,Cádiz,Jerez de la Frontera,36.64424,-6.050029,2026-08-28
NGA-08114,geografia,toponimo,Ermita de Nuestra Señora de los Milagros,"Ermita de Nuestra Señora de los Milagros (Servicio/Equipamiento) en Algeciras. WGS84: 36.154597, -5.451018.",IECA — Nomenclátor Geográfico de Andalucía (WFS app:Entidad),https://www.ideandalucia.es/wfs-nga/services,alta,Cádiz,Algeciras,36.154597,-5.451018,2026-08-28
NGA-08115,geografia,toponimo,Ermita de Nuestra Señora de los Remedios,"Ermita de Nuestra Señora de los Remedios (Servicio/Equipamiento) en Olvera. WGS84: 36.926401, -5.240637.",IECA — Nomenclátor Geográfico de Andalucía (WFS app:Entidad),https://www.ideandalucia.es/wfs-nga/services,alta,Cádiz,Olvera,36.926401,-5.240637,2026-08-28
NGA-08116,geografia,toponimo,Ermita de San Ambrosio,"Ermita de San Ambrosio (Servicio/Equipamiento) en Barbate. WGS84: 36.214913, -6.002428.",IECA — Nomenclátor Geográfico de Andalucía (WFS app:Entidad),https://www.ideandalucia.es/wfs-nga/services,alta,Cádiz,Barbate,36.214913,-6.002428,2026-08-28
NGA-08117,geografia,toponimo,Ermita de San Benito,"Ermita de San Benito (Servicio/Equipamiento) en Lebrija. WGS84: 36.936603, -6.05999.",IECA — Nomenclátor Geográfico de Andalucía (WFS app:Entidad),https://www.ideandalucia.es/wfs-nga/services,alta,Cádiz,Lebrija,36.936603,-6.05999,2026-08-28
NGA-08118,geografia,toponimo,Ermita de San Fermín,"Ermita de San Fermín (Servicio/Equipamiento) en Medina Sidonia. WGS84: 36.36963, -5.871332.",IECA — Nomenclátor Geográfico de Andalucía (WFS app:Entidad),https://www.ideandalucia.es/wfs-nga/services,alta,Cádiz,Medina Sidonia,36.36963,-5.871332,2026-08-28
NGA-08119,geografia,toponimo,Ermita de San Juan Bautista,"Ermita de San Juan Bautista (Servicio/Equipamiento) en Rota. WGS84: 36.618624, -6.357923.",IECA — Nomenclátor Geográfico de Andalucía (WFS app:Entidad),https://www.ideandalucia.es/wfs-nga/services,alta,Cádiz,Rota,36.618624,-6.357923,2026-08-28
NGA-08120,geografia,toponimo,Ermita de San Juan de Beltrán,"Ermita de San Juan de Beltrán (Servicio/Equipamiento) en Ubrique. WGS84: 36.679363, -5.443013.",IECA — Nomenclátor Geográfico de Andalucía (WFS app:Entidad),https://www.ideandalucia.es/wfs-nga/services,alta,Cádiz,Ubrique,36.679363,-5.443013,2026-08-28
NGA-08121,geografia,toponimo,Ermita de San Roque,"Ermita de San Roque (Servicio/Equipamiento) en Rota. WGS84: 36.620246, -6.360621.",IECA — Nomenclátor Geográfico de Andalucía (WFS app:Entidad),https://www.ideandalucia.es/wfs-nga/services,alta,Cádiz,Rota,36.620246,-6.360621,2026-08-28
NGA-08122,geografia,toponimo,Ermita de San Telmo,"Ermita de San Telmo (Servicio/Equipamiento) en Jerez de la Frontera. WGS84: 36.676862, -6.133292.",IECA — Nomenclátor Geográfico de Andalucía (WFS app:Entidad),https://www.ideandalucia.es/wfs-nga/services,alta,Cádiz,Jerez de la Frontera,36.676862,-6.133292,2026-08-28
NGA-08123,geografia,toponimo,Ermita de Santa Ana,"Ermita de Santa Ana (Servicio/Equipamiento) en Tarifa. WGS84: 36.162229, -5.816448.",IECA — Nomenclátor Geográfico de Andalucía (WFS app:Entidad),https://www.ideandalucia.es/wfs-nga/services,alta,Cádiz,Tarifa,36.162229,-5.816448,2026-08-28
NGA-08124,geografia,toponimo,Ermita de la Cabeza,"Ermita de la Cabeza (Servicio/Equipamiento) en Ronda. WGS84: 36.734858, -5.180778.",IECA — Nomenclátor Geográfico de Andalucía (WFS app:Entidad),https://www.ideandalucia.es/wfs-nga/services,alta,Cádiz,Ronda,36.734858,-5.180778,2026-08-28
NGA-08125,geografia,toponimo,Ermita de la Fuensanta,"Ermita de la Fuensanta (Servicio/Equipamiento) en Arcos de la Frontera. WGS84: 36.765849, -5.668491.",IECA — Nomenclátor Geográfico de Andalucía (WFS app:Entidad),https://www.ideandalucia.es/wfs-nga/services,alta,Cádiz,Arcos de la Frontera,36.765849,-5.668491,2026-08-28
NGA-08126,geografia,toponimo,Ermita de la Salud,"Ermita de la Salud (Servicio/Equipamiento) en Jimera de Líbar. WGS84: 36.663261, -5.281324.",IECA — Nomenclátor Geográfico de Andalucía (WFS app:Entidad),https://www.ideandalucia.es/wfs-nga/services,alta,Cádiz,Jimera de Líbar,36.663261,-5.281324,2026-08-28
NGA-08127,geografia,toponimo,Ermita de las Montañas,"Ermita de las Montañas (Servicio/Equipamiento) en Villamartín. WGS84: 36.799272, -5.57328.",IECA — Nomenclátor Geográfico de Andalucía (WFS app:Entidad),https://www.ideandalucia.es/wfs-nga/services,alta,Cádiz,Villamartín,36.799272,-5.57328,2026-08-28
NGA-08128,geografia,toponimo,Ermita de los Padres Cartujos,"Ermita de los Padres Cartujos (Servicio/Equipamiento) en Jerez de la Frontera. WGS84: 36.652101, -6.013936.",IECA — Nomenclátor Geográfico de Andalucía (WFS app:Entidad),https://www.ideandalucia.es/wfs-nga/services,alta,Cádiz,Jerez de la Frontera,36.652101,-6.013936,2026-08-28
NGA-08129,geografia,toponimo,Ermita de los Santos,"Ermita de los Santos (Servicio/Equipamiento) en Alcalá de los Gazules. WGS84: 36.446744, -5.779509.",IECA — Nomenclátor Geográfico de Andalucía (WFS app:Entidad),https://www.ideandalucia.es/wfs-nga/services,alta,Cádiz,Alcalá de los Gazules,36.446744,-5.779509,2026-08-28
NGA-08130,geografia,toponimo,Ermita de los Santos Mártires,"Ermita de los Santos Mártires (Servicio/Equipamiento) en Medina Sidonia. WGS84: 36.449137, -5.931774.",IECA — Nomenclátor Geográfico de Andalucía (WFS app:Entidad),https://www.ideandalucia.es/wfs-nga/services,alta,Cádiz,Medina Sidonia,36.449137,-5.931774,2026-08-28
NGA-08131,geografia,toponimo,Ermita del Calvario,"Ermita del Calvario (Servicio/Equipamiento) en Bornos. WGS84: 36.811478, -5.748557.",IECA — Nomenclátor Geográfico de Andalucía (WFS app:Entidad),https://www.ideandalucia.es/wfs-nga/services,alta,Cádiz,Bornos,36.811478,-5.748557,2026-08-28
NGA-08132,geografia,toponimo,Ermita del Calvario,"Ermita del Calvario (Servicio/Equipamiento) en Villaluenga del Rosario. WGS84: 36.693519, -5.393025.",IECA — Nomenclátor Geográfico de Andalucía (WFS app:Entidad),https://www.ideandalucia.es/wfs-nga/services,alta,Cádiz,Villaluenga del Rosario,36.693519,-5.393025,2026-08-28
NGA-08133,geografia,toponimo,Ermita del Cristo de Veracruz,"Ermita del Cristo de Veracruz (Servicio/Equipamiento) en Benarrabá. WGS84: 36.550657, -5.273524.",IECA — Nomenclátor Geográfico de Andalucía (WFS app:Entidad),https://www.ideandalucia.es/wfs-nga/services,alta,Cádiz,Benarrabá,36.550657,-5.273524,2026-08-28
NGA-08134,geografia,toponimo,Ermita del Cristo del Romeral,"Ermita del Cristo del Romeral (Servicio/Equipamiento) en Arcos de la Frontera. WGS84: 36.743645, -5.778222.",IECA — Nomenclátor Geográfico de Andalucía (WFS app:Entidad),https://www.ideandalucia.es/wfs-nga/services,alta,Cádiz,Arcos de la Frontera,36.743645,-5.778222,2026-08-28
NGA-08136,geografia,toponimo,Ermita del Rosario,"Ermita del Rosario (Servicio/Equipamiento) en Casares. WGS84: 36.40777, -5.330712.",IECA — Nomenclátor Geográfico de Andalucía (WFS app:Entidad),https://www.ideandalucia.es/wfs-nga/services,alta,Cádiz,Casares,36.40777,-5.330712,2026-08-28
NGA-08157,geografia,toponimo,Esperanza Chica,"Esperanza Chica (Masa de Agua) en Puerto Real. WGS84: 36.509562, -6.154954.",IECA — Nomenclátor Geográfico de Andalucía (WFS app:Entidad),https://www.ideandalucia.es/wfs-nga/services,alta,Cádiz,Puerto Real,36.509562,-6.154954,2026-08-28
NGA-08158,geografia,toponimo,Esperanza Grande,"Esperanza Grande (Masa de Agua) en Puerto Real. WGS84: 36.512396, -6.156912.",IECA — Nomenclátor Geográfico de Andalucía (WFS app:Entidad),https://www.ideandalucia.es/wfs-nga/services,alta,Cádiz,Puerto Real,36.512396,-6.156912,2026-08-28
NGA-08160,geografia,toponimo,Espigón,"Espigón (Relieve Litoral / Marítimo) en Chipiona. WGS84: 36.748316, -6.429384.",IECA — Nomenclátor Geográfico de Andalucía (WFS app:Entidad),https://www.ideandalucia.es/wfs-nga/services,alta,Cádiz,Chipiona,36.748316,-6.429384,2026-08-28
NGA-08161,geografia,toponimo,Espigón de San Felipe,"Espigón de San Felipe (Relieve Litoral / Marítimo) en La Línea de la Concepción. WGS84: 36.15773, -5.363713.",IECA — Nomenclátor Geográfico de Andalucía (WFS app:Entidad),https://www.ideandalucia.es/wfs-nga/services,alta,Cádiz,La Línea de la Concepción,36.15773,-5.363713,2026-08-28
NGA-08165,geografia,toponimo,Estación Depuradora de Aguas Residuales las Galeras,"Estación Depuradora de Aguas Residuales las Galeras (Obra Hidráulica) en El Puerto de Santa María. WGS84: 36.586308, -6.252977.",IECA — Nomenclátor Geográfico de Andalucía (WFS app:Entidad),https://www.ideandalucia.es/wfs-nga/services,alta,Cádiz,El Puerto de Santa María,36.586308,-6.252977,2026-08-28
NGA-08167,geografia,toponimo,Estación Radio Naval,"Estación Radio Naval (Servicio/Equipamiento) en Puerto Real. WGS84: 36.49583, -6.11973.",IECA — Nomenclátor Geográfico de Andalucía (WFS app:Entidad),https://www.ideandalucia.es/wfs-nga/services,alta,Cádiz,Puerto Real,36.49583,-6.11973,2026-08-28
NGA-08172,geografia,toponimo,Estadio Municipal Nuevo Mirador,"Estadio Municipal Nuevo Mirador (Servicio/Equipamiento) en Algeciras. WGS84: 36.163053, -5.465072.",IECA — Nomenclátor Geográfico de Andalucía (WFS app:Entidad),https://www.ideandalucia.es/wfs-nga/services,alta,Cádiz,Algeciras,36.163053,-5.465072,2026-08-28
NGA-08186,geografia,toponimo,Estrecho de Gibraltar,"Estrecho de Gibraltar (Relieve Litoral / Marítimo) en Tarifa. WGS84: 36.014137, -5.574687.",IECA — Nomenclátor Geográfico de Andalucía (WFS app:Entidad),https://www.ideandalucia.es/wfs-nga/services,alta,Cádiz,Tarifa,36.014137,-5.574687,2026-08-28
NGA-08203,geografia,toponimo,Farallón Grande,"Farallón Grande (Relieve Litoral / Marítimo) en San Fernando. WGS84: 36.378392, -6.222239.",IECA — Nomenclátor Geográfico de Andalucía (WFS app:Entidad),https://www.ideandalucia.es/wfs-nga/services,alta,Cádiz,San Fernando,36.378392,-6.222239,2026-08-28
NGA-08213,geografia,toponimo,Finca Ave María,"Finca Ave María (Servicio/Equipamiento) en Rota. WGS84: 36.641926, -6.380933.",IECA — Nomenclátor Geográfico de Andalucía (WFS app:Entidad),https://www.ideandalucia.es/wfs-nga/services,alta,Cádiz,Rota,36.641926,-6.380933,2026-08-28
NGA-08243,geografia,toponimo,Fuente Alta,"Fuente Alta (Curso Fluvial) en Algodonales. WGS84: 36.883751, -5.396198.",IECA — Nomenclátor Geográfico de Andalucía (WFS app:Entidad),https://www.ideandalucia.es/wfs-nga/services,alta,Cádiz,Algodonales,36.883751,-5.396198,2026-08-28
NGA-08247,geografia,toponimo,Fuente Duque,"Fuente Duque (Curso Fluvial) en Pruna. WGS84: 36.993904, -5.217941.",IECA — Nomenclátor Geográfico de Andalucía (WFS app:Entidad),https://www.ideandalucia.es/wfs-nga/services,alta,Cádiz,Pruna,36.993904,-5.217941,2026-08-28
NGA-08256,geografia,toponimo,Fuente de Soto Grande,"Fuente de Soto Grande (Curso Fluvial) en Castellar de la Frontera. WGS84: 36.271015, -5.413731.",IECA — Nomenclátor Geográfico de Andalucía (WFS app:Entidad),https://www.ideandalucia.es/wfs-nga/services,alta,Cádiz,Castellar de la Frontera,36.271015,-5.413731,2026-08-28
NGA-08258,geografia,toponimo,Fuente de la Caracola,"Fuente de la Caracola (Curso Fluvial) en Pruna. WGS84: 36.966467, -5.227554.",IECA — Nomenclátor Geográfico de Andalucía (WFS app:Entidad),https://www.ideandalucia.es/wfs-nga/services,alta,Cádiz,Pruna,36.966467,-5.227554,2026-08-28
NGA-08263,geografia,toponimo,Fuente del Chiquero,"Fuente del Chiquero (Curso Fluvial) en Benaocaz. WGS84: 36.706046, -5.403035.",IECA — Nomenclátor Geográfico de Andalucía (WFS app:Entidad),https://www.ideandalucia.es/wfs-nga/services,alta,Cádiz,Benaocaz,36.706046,-5.403035,2026-08-28
NGA-08267,geografia,toponimo,Fuente del Parralejo,"Fuente del Parralejo (Curso Fluvial) en Alcalá de los Gazules. WGS84: 36.526949, -5.685118.",IECA — Nomenclátor Geográfico de Andalucía (WFS app:Entidad),https://www.ideandalucia.es/wfs-nga/services,alta,Cádiz,Alcalá de los Gazules,36.526949,-5.685118,2026-08-28
NGA-08272,geografia,toponimo,Fuente la Piedra,"Fuente la Piedra (Curso Fluvial) en Jerez de la Frontera. WGS84: 36.525479, -5.988707.",IECA — Nomenclátor Geográfico de Andalucía (WFS app:Entidad),https://www.ideandalucia.es/wfs-nga/services,alta,Cádiz,Jerez de la Frontera,36.525479,-5.988707,2026-08-28
NGA-08273,geografia,toponimo,Fuente la Socarré,"Fuente la Socarré (Curso Fluvial) en Medina Sidonia. WGS84: 36.467696, -5.936529.",IECA — Nomenclátor Geográfico de Andalucía (WFS app:Entidad),https://www.ideandalucia.es/wfs-nga/services,alta,Cádiz,Medina Sidonia,36.467696,-5.936529,2026-08-28
NGA-08306,geografia,toponimo,Garay Estanque,"Garay Estanque (Obra Hidráulica) en Puerto Serrano. WGS84: 37.005902, -5.458639.",IECA — Nomenclátor Geográfico de Andalucía (WFS app:Entidad),https://www.ideandalucia.es/wfs-nga/services,alta,Cádiz,Puerto Serrano,37.005902,-5.458639,2026-08-28
NGA-08309,geografia,toponimo,Garganta Canuto Ancho,"Garganta Canuto Ancho (Curso Fluvial) en Jimena de la Frontera. WGS84: 36.426434, -5.55656.",IECA — Nomenclátor Geográfico de Andalucía (WFS app:Entidad),https://www.ideandalucia.es/wfs-nga/services,alta,Cádiz,Jimena de la Frontera,36.426434,-5.55656,2026-08-28
NGA-08310,geografia,toponimo,Garganta Facinilla,"Garganta Facinilla (Curso Fluvial) en Tarifa. WGS84: 36.154665, -5.68813.",IECA — Nomenclátor Geográfico de Andalucía (WFS app:Entidad),https://www.ideandalucia.es/wfs-nga/services,alta,Cádiz,Tarifa,36.154665,-5.68813,2026-08-28
NGA-08311,geografia,toponimo,Garganta Fatigas,"Garganta Fatigas (Curso Fluvial) en Los Barrios. WGS84: 36.298116, -5.57584.",IECA — Nomenclátor Geográfico de Andalucía (WFS app:Entidad),https://www.ideandalucia.es/wfs-nga/services,alta,Cádiz,Los Barrios,36.298116,-5.57584,2026-08-28
NGA-08312,geografia,toponimo,Garganta Labrada,"Garganta Labrada (Curso Fluvial) en San José del Valle. WGS84: 36.576814, -5.763524.",IECA — Nomenclátor Geográfico de Andalucía (WFS app:Entidad),https://www.ideandalucia.es/wfs-nga/services,alta,Cádiz,San José del Valle,36.576814,-5.763524,2026-08-28
NGA-08313,geografia,toponimo,Garganta Seca,"Garganta Seca (Curso Fluvial) en Zahara. WGS84: 36.812751, -5.421188.",IECA — Nomenclátor Geográfico de Andalucía (WFS app:Entidad),https://www.ideandalucia.es/wfs-nga/services,alta,Cádiz,Zahara,36.812751,-5.421188,2026-08-28
NGA-08314,geografia,toponimo,Garganta de Aborite,"Garganta de Aborite (Curso Fluvial) en Alcalá de los Gazules. WGS84: 36.455395, -5.615868.",IECA — Nomenclátor Geográfico de Andalucía (WFS app:Entidad),https://www.ideandalucia.es/wfs-nga/services,alta,Cádiz,Alcalá de los Gazules,36.455395,-5.615868,2026-08-28
NGA-08315,geografia,toponimo,Garganta de Almed,"Garganta de Almed (Curso Fluvial) en Alcalá de los Gazules. WGS84: 36.502265, -5.658538.",IECA — Nomenclátor Geográfico de Andalucía (WFS app:Entidad),https://www.ideandalucia.es/wfs-nga/services,alta,Cádiz,Alcalá de los Gazules,36.502265,-5.658538,2026-08-28
NGA-08316,geografia,toponimo,Garganta de Arnao,"Garganta de Arnao (Curso Fluvial) en Alcalá de los Gazules. WGS84: 36.415329, -5.590958.",IECA — Nomenclátor Geográfico de Andalucía (WFS app:Entidad),https://www.ideandalucia.es/wfs-nga/services,alta,Cádiz,Alcalá de los Gazules,36.415329,-5.590958,2026-08-28
NGA-08317,geografia,toponimo,Garganta de Barrida,"Garganta de Barrida (Curso Fluvial) en Ubrique. WGS84: 36.639739, -5.414173.",IECA — Nomenclátor Geográfico de Andalucía (WFS app:Entidad),https://www.ideandalucia.es/wfs-nga/services,alta,Cádiz,Ubrique,36.639739,-5.414173,2026-08-28
NGA-08318,geografia,toponimo,Garganta de Bogas,"Garganta de Bogas (Curso Fluvial) en San José del Valle. WGS84: 36.642516, -5.710651.",IECA — Nomenclátor Geográfico de Andalucía (WFS app:Entidad),https://www.ideandalucia.es/wfs-nga/services,alta,Cádiz,San José del Valle,36.642516,-5.710651,2026-08-28
NGA-08319,geografia,toponimo,Garganta de Canuto del Madroñal,"Garganta de Canuto del Madroñal (Curso Fluvial) en Alcalá de los Gazules. WGS84: 36.410028, -5.595331.",IECA — Nomenclátor Geográfico de Andalucía (WFS app:Entidad),https://www.ideandalucia.es/wfs-nga/services,alta,Cádiz,Alcalá de los Gazules,36.410028,-5.595331,2026-08-28
NGA-08320,geografia,toponimo,Garganta de Diego Duro,"Garganta de Diego Duro (Curso Fluvial) en Jerez de la Frontera. WGS84: 36.529311, -5.53292.",IECA — Nomenclátor Geográfico de Andalucía (WFS app:Entidad),https://www.ideandalucia.es/wfs-nga/services,alta,Cádiz,Jerez de la Frontera,36.529311,-5.53292,2026-08-28
NGA-08321,geografia,toponimo,Garganta de Diego Díaz,"Garganta de Diego Díaz (Curso Fluvial) en Jimena de la Frontera. WGS84: 36.474289, -5.428068.",IECA — Nomenclátor Geográfico de Andalucía (WFS app:Entidad),https://www.ideandalucia.es/wfs-nga/services,alta,Cádiz,Jimena de la Frontera,36.474289,-5.428068,2026-08-28
NGA-08322,geografia,toponimo,Garganta de Don Sancho,"Garganta de Don Sancho (Curso Fluvial) en Tarifa. WGS84: 36.071577, -5.645509.",IECA — Nomenclátor Geográfico de Andalucía (WFS app:Entidad),https://www.ideandalucia.es/wfs-nga/services,alta,Cádiz,Tarifa,36.071577,-5.645509,2026-08-28
NGA-08323,geografia,toponimo,Garganta de Gandelar,"Garganta de Gandelar (Curso Fluvial) en Los Barrios. WGS84: 36.141951, -5.579363.",IECA — Nomenclátor Geográfico de Andalucía (WFS app:Entidad),https://www.ideandalucia.es/wfs-nga/services,alta,Cádiz,Los Barrios,36.141951,-5.579363,2026-08-28
NGA-08324,geografia,toponimo,Garganta de Juan Azorero,"Garganta de Juan Azorero (Curso Fluvial) en Los Barrios. WGS84: 36.226023, -5.650708.",IECA — Nomenclátor Geográfico de Andalucía (WFS app:Entidad),https://www.ideandalucia.es/wfs-nga/services,alta,Cádiz,Los Barrios,36.226023,-5.650708,2026-08-28
NGA-08325,geografia,toponimo,Garganta de Juan Azul,"Garganta de Juan Azul (Curso Fluvial) en Los Barrios. WGS84: 36.247064, -5.53937.",IECA — Nomenclátor Geográfico de Andalucía (WFS app:Entidad),https://www.ideandalucia.es/wfs-nga/services,alta,Cádiz,Los Barrios,36.247064,-5.53937,2026-08-28
NGA-08326,geografia,toponimo,Garganta de Juan Ramos,"Garganta de Juan Ramos (Curso Fluvial) en Los Barrios. WGS84: 36.230035, -5.559683.",IECA — Nomenclátor Geográfico de Andalucía (WFS app:Entidad),https://www.ideandalucia.es/wfs-nga/services,alta,Cádiz,Los Barrios,36.230035,-5.559683,2026-08-28
NGA-08327,geografia,toponimo,Garganta de Julián,"Garganta de Julián (Curso Fluvial) en Medina Sidonia. WGS84: 36.306335, -5.665615.",IECA — Nomenclátor Geográfico de Andalucía (WFS app:Entidad),https://www.ideandalucia.es/wfs-nga/services,alta,Cádiz,Medina Sidonia,36.306335,-5.665615,2026-08-28
NGA-08328,geografia,toponimo,Garganta de Lora,"Garganta de Lora (Curso Fluvial) en Jimena de la Frontera. WGS84: 36.468888, -5.531959.",IECA — Nomenclátor Geográfico de Andalucía (WFS app:Entidad),https://www.ideandalucia.es/wfs-nga/services,alta,Cádiz,Jimena de la Frontera,36.468888,-5.531959,2026-08-28
NGA-08329,geografia,toponimo,Garganta de Macote,"Garganta de Macote (Curso Fluvial) en Alcalá de los Gazules. WGS84: 36.34577, -5.686691.",IECA — Nomenclátor Geográfico de Andalucía (WFS app:Entidad),https://www.ideandalucia.es/wfs-nga/services,alta,Cádiz,Alcalá de los Gazules,36.34577,-5.686691,2026-08-28
NGA-08330,geografia,toponimo,Garganta de Malillos,"Garganta de Malillos (Curso Fluvial) en Cortes de la Frontera. WGS84: 36.524024, -5.423862.",IECA — Nomenclátor Geográfico de Andalucía (WFS app:Entidad),https://www.ideandalucia.es/wfs-nga/services,alta,Cádiz,Cortes de la Frontera,36.524024,-5.423862,2026-08-28
NGA-08331,geografia,toponimo,Garganta de Marroquí,"Garganta de Marroquí (Curso Fluvial) en Ubrique. WGS84: 36.643476, -5.449469.",IECA — Nomenclátor Geográfico de Andalucía (WFS app:Entidad),https://www.ideandalucia.es/wfs-nga/services,alta,Cádiz,Ubrique,36.643476,-5.449469,2026-08-28
NGA-08332,geografia,toponimo,Garganta de Millán,"Garganta de Millán (Curso Fluvial) en Ubrique. WGS84: 36.657666, -5.477618.",IECA — Nomenclátor Geográfico de Andalucía (WFS app:Entidad),https://www.ideandalucia.es/wfs-nga/services,alta,Cádiz,Ubrique,36.657666,-5.477618,2026-08-28
NGA-08333,geografia,toponimo,Garganta de Mofeta,"Garganta de Mofeta (Curso Fluvial) en Alcalá de los Gazules. WGS84: 36.355495, -5.664999.",IECA — Nomenclátor Geográfico de Andalucía (WFS app:Entidad),https://www.ideandalucia.es/wfs-nga/services,alta,Cádiz,Alcalá de los Gazules,36.355495,-5.664999,2026-08-28
NGA-08334,geografia,toponimo,Garganta de Moracha,"Garganta de Moracha (Curso Fluvial) en Jimena de la Frontera. WGS84: 36.486243, -5.540702.",IECA — Nomenclátor Geográfico de Andalucía (WFS app:Entidad),https://www.ideandalucia.es/wfs-nga/services,alta,Cádiz,Jimena de la Frontera,36.486243,-5.540702,2026-08-28
NGA-08335,geografia,toponimo,Garganta de Ortela,"Garganta de Ortela (Curso Fluvial) en Jerez de la Frontera. WGS84: 36.553889, -5.62031.",IECA — Nomenclátor Geográfico de Andalucía (WFS app:Entidad),https://www.ideandalucia.es/wfs-nga/services,alta,Cádiz,Jerez de la Frontera,36.553889,-5.62031,2026-08-28
NGA-08336,geografia,toponimo,Garganta de Pasacruces,"Garganta de Pasacruces (Curso Fluvial) en Los Barrios. WGS84: 36.227557, -5.678461.",IECA — Nomenclátor Geográfico de Andalucía (WFS app:Entidad),https://www.ideandalucia.es/wfs-nga/services,alta,Cádiz,Los Barrios,36.227557,-5.678461,2026-08-28
NGA-08337,geografia,toponimo,Garganta de Pedro Jiménez,"Garganta de Pedro Jiménez (Curso Fluvial) en Tarifa. WGS84: 36.113413, -5.618447.",IECA — Nomenclátor Geográfico de Andalucía (WFS app:Entidad),https://www.ideandalucia.es/wfs-nga/services,alta,Cádiz,Tarifa,36.113413,-5.618447,2026-08-28
NGA-08338,geografia,toponimo,Garganta de Puerto Oscuro,"Garganta de Puerto Oscuro (Curso Fluvial) en Alcalá de los Gazules. WGS84: 36.517561, -5.629687.",IECA — Nomenclátor Geográfico de Andalucía (WFS app:Entidad),https://www.ideandalucia.es/wfs-nga/services,alta,Cádiz,Alcalá de los Gazules,36.517561,-5.629687,2026-08-28
NGA-08339,geografia,toponimo,Garganta de Pulga,"Garganta de Pulga (Curso Fluvial) en Cortes de la Frontera. WGS84: 36.574428, -5.375812.",IECA — Nomenclátor Geográfico de Andalucía (WFS app:Entidad),https://www.ideandalucia.es/wfs-nga/services,alta,Cádiz,Cortes de la Frontera,36.574428,-5.375812,2026-08-28
NGA-08340,geografia,toponimo,Garganta de Rosada Llana,"Garganta de Rosada Llana (Curso Fluvial) en Cortes de la Frontera. WGS84: 36.545278, -5.57724.",IECA — Nomenclátor Geográfico de Andalucía (WFS app:Entidad),https://www.ideandalucia.es/wfs-nga/services,alta,Cádiz,Cortes de la Frontera,36.545278,-5.57724,2026-08-28
NGA-08341,geografia,toponimo,Garganta de la Alberquilla,"Garganta de la Alberquilla (Curso Fluvial) en Casares. WGS84: 36.495407, -5.278134.",IECA — Nomenclátor Geográfico de Andalucía (WFS app:Entidad),https://www.ideandalucia.es/wfs-nga/services,alta,Cádiz,Casares,36.495407,-5.278134,2026-08-28
NGA-08342,geografia,toponimo,Garganta de la Armada,"Garganta de la Armada (Curso Fluvial) en Jimena de la Frontera. WGS84: 36.465483, -5.544487.",IECA — Nomenclátor Geográfico de Andalucía (WFS app:Entidad),https://www.ideandalucia.es/wfs-nga/services,alta,Cádiz,Jimena de la Frontera,36.465483,-5.544487,2026-08-28
NGA-08343,geografia,toponimo,Garganta de la Balsa,"Garganta de la Balsa (Curso Fluvial) en Jimena de la Frontera. WGS84: 36.515052, -5.496143.",IECA — Nomenclátor Geográfico de Andalucía (WFS app:Entidad),https://www.ideandalucia.es/wfs-nga/services,alta,Cádiz,Jimena de la Frontera,36.515052,-5.496143,2026-08-28
NGA-08344,geografia,toponimo,Garganta de la Calderona,"Garganta de la Calderona (Curso Fluvial) en Cortes de la Frontera. WGS84: 36.591333, -5.416304.",IECA — Nomenclátor Geográfico de Andalucía (WFS app:Entidad),https://www.ideandalucia.es/wfs-nga/services,alta,Cádiz,Cortes de la Frontera,36.591333,-5.416304,2026-08-28
NGA-08345,geografia,toponimo,Garganta de la Cañada del Valle,"Garganta de la Cañada del Valle (Curso Fluvial) en Medina Sidonia. WGS84: 36.29399, -5.755649.",IECA — Nomenclátor Geográfico de Andalucía (WFS app:Entidad),https://www.ideandalucia.es/wfs-nga/services,alta,Cádiz,Medina Sidonia,36.29399,-5.755649,2026-08-28
NGA-08346,geografia,toponimo,Garganta de la Cierva,"Garganta de la Cierva (Curso Fluvial) en Alcalá de los Gazules. WGS84: 36.521609, -5.646274.",IECA — Nomenclátor Geográfico de Andalucía (WFS app:Entidad),https://www.ideandalucia.es/wfs-nga/services,alta,Cádiz,Alcalá de los Gazules,36.521609,-5.646274,2026-08-28
NGA-08347,geografia,toponimo,Garganta de la Cuesta,"Garganta de la Cuesta (Curso Fluvial) en Genalguacil. WGS84: 36.517669, -5.264854.",IECA — Nomenclátor Geográfico de Andalucía (WFS app:Entidad),https://www.ideandalucia.es/wfs-nga/services,alta,Cádiz,Genalguacil,36.517669,-5.264854,2026-08-28
NGA-08348,geografia,toponimo,Garganta de la Cueva del Loro,"Garganta de la Cueva del Loro (Curso Fluvial) en Alcalá de los Gazules. WGS84: 36.364627, -5.692437.",IECA — Nomenclátor Geográfico de Andalucía (WFS app:Entidad),https://www.ideandalucia.es/wfs-nga/services,alta,Cádiz,Alcalá de los Gazules,36.364627,-5.692437,2026-08-28
NGA-08349,geografia,toponimo,Garganta de la Fuente Santa,"Garganta de la Fuente Santa (Curso Fluvial) en Casares. WGS84: 36.509361, -5.244785.",IECA — Nomenclátor Geográfico de Andalucía (WFS app:Entidad),https://www.ideandalucia.es/wfs-nga/services,alta,Cádiz,Casares,36.509361,-5.244785,2026-08-28
NGA-08350,geografia,toponimo,Garganta de la Gallina,"Garganta de la Gallina (Curso Fluvial) en Jerez de la Frontera. WGS84: 36.593413, -5.561507.",IECA — Nomenclátor Geográfico de Andalucía (WFS app:Entidad),https://www.ideandalucia.es/wfs-nga/services,alta,Cádiz,Jerez de la Frontera,36.593413,-5.561507,2026-08-28
NGA-08351,geografia,toponimo,Garganta de la Gredera,"Garganta de la Gredera (Curso Fluvial) en Jimena de la Frontera. WGS84: 36.458973, -5.53269.",IECA — Nomenclátor Geográfico de Andalucía (WFS app:Entidad),https://www.ideandalucia.es/wfs-nga/services,alta,Cádiz,Jimena de la Frontera,36.458973,-5.53269,2026-08-28
NGA-08352,geografia,toponimo,Garganta de la Higuera,"Garganta de la Higuera (Curso Fluvial) en Jimena de la Frontera. WGS84: 36.448112, -5.541016.",IECA — Nomenclátor Geográfico de Andalucía (WFS app:Entidad),https://www.ideandalucia.es/wfs-nga/services,alta,Cádiz,Jimena de la Frontera,36.448112,-5.541016,2026-08-28
NGA-08353,geografia,toponimo,Garganta de la Higuera,"Garganta de la Higuera (Curso Fluvial) en Jerez de la Frontera. WGS84: 36.572006, -5.523795.",IECA — Nomenclátor Geográfico de Andalucía (WFS app:Entidad),https://www.ideandalucia.es/wfs-nga/services,alta,Cádiz,Jerez de la Frontera,36.572006,-5.523795,2026-08-28
NGA-08354,geografia,toponimo,Garganta de la Jacoba,"Garganta de la Jacoba (Curso Fluvial) en Alcalá de los Gazules. WGS84: 36.419395, -5.60756.",IECA — Nomenclátor Geográfico de Andalucía (WFS app:Entidad),https://www.ideandalucia.es/wfs-nga/services,alta,Cádiz,Alcalá de los Gazules,36.419395,-5.60756,2026-08-28
NGA-08355,geografia,toponimo,Garganta de la Jota,"Garganta de la Jota (Curso Fluvial) en Alcalá de los Gazules. WGS84: 36.405646, -5.617149.",IECA — Nomenclátor Geográfico de Andalucía (WFS app:Entidad),https://www.ideandalucia.es/wfs-nga/services,alta,Cádiz,Alcalá de los Gazules,36.405646,-5.617149,2026-08-28
NGA-08356,geografia,toponimo,Garganta de la Lapa,"Garganta de la Lapa (Curso Fluvial) en Alcalá de los Gazules. WGS84: 36.51173, -5.673438.",IECA — Nomenclátor Geográfico de Andalucía (WFS app:Entidad),https://www.ideandalucia.es/wfs-nga/services,alta,Cádiz,Alcalá de los Gazules,36.51173,-5.673438,2026-08-28
NGA-08357,geografia,toponimo,Garganta de la Majada Madriá,"Garganta de la Majada Madriá (Curso Fluvial) en Casares. WGS84: 36.499369, -5.284569.",IECA — Nomenclátor Geográfico de Andalucía (WFS app:Entidad),https://www.ideandalucia.es/wfs-nga/services,alta,Cádiz,Casares,36.499369,-5.284569,2026-08-28
NGA-08358,geografia,toponimo,Garganta de la Miel,"Garganta de la Miel (Curso Fluvial) en Jerez de la Frontera. WGS84: 36.591976, -5.505017.",IECA — Nomenclátor Geográfico de Andalucía (WFS app:Entidad),https://www.ideandalucia.es/wfs-nga/services,alta,Cádiz,Jerez de la Frontera,36.591976,-5.505017,2026-08-28
NGA-08359,geografia,toponimo,Garganta de la Sauceda,"Garganta de la Sauceda (Curso Fluvial) en Jerez de la Frontera. WGS84: 36.53945, -5.544103.",IECA — Nomenclátor Geográfico de Andalucía (WFS app:Entidad),https://www.ideandalucia.es/wfs-nga/services,alta,Cádiz,Jerez de la Frontera,36.53945,-5.544103,2026-08-28
NGA-08360,geografia,toponimo,Garganta de la Tejonera,"Garganta de la Tejonera (Curso Fluvial) en Castellar de la Frontera. WGS84: 36.292367, -5.524155.",IECA — Nomenclátor Geográfico de Andalucía (WFS app:Entidad),https://www.ideandalucia.es/wfs-nga/services,alta,Cádiz,Castellar de la Frontera,36.292367,-5.524155,2026-08-28
NGA-08361,geografia,toponimo,Garganta de la Toma,"Garganta de la Toma (Curso Fluvial) en Jerez de la Frontera. WGS84: 36.556965, -5.694611.",IECA — Nomenclátor Geográfico de Andalucía (WFS app:Entidad),https://www.ideandalucia.es/wfs-nga/services,alta,Cádiz,Jerez de la Frontera,36.556965,-5.694611,2026-08-28
NGA-08362,geografia,toponimo,Garganta de la Vigueta,"Garganta de la Vigueta (Curso Fluvial) en Los Barrios. WGS84: 36.194662, -5.583291.",IECA — Nomenclátor Geográfico de Andalucía (WFS app:Entidad),https://www.ideandalucia.es/wfs-nga/services,alta,Cádiz,Los Barrios,36.194662,-5.583291,2026-08-28
NGA-08363,geografia,toponimo,Garganta de las Acedías,"Garganta de las Acedías (Curso Fluvial) en Casares. WGS84: 36.452128, -5.231851.",IECA — Nomenclátor Geográfico de Andalucía (WFS app:Entidad),https://www.ideandalucia.es/wfs-nga/services,alta,Cádiz,Casares,36.452128,-5.231851,2026-08-28
NGA-08364,geografia,toponimo,Garganta de las Azores,"Garganta de las Azores (Curso Fluvial) en Casares. WGS84: 36.469914, -5.246027.",IECA — Nomenclátor Geográfico de Andalucía (WFS app:Entidad),https://www.ideandalucia.es/wfs-nga/services,alta,Cádiz,Casares,36.469914,-5.246027,2026-08-28
NGA-08365,geografia,toponimo,Garganta de las Cabrerizas,"Garganta de las Cabrerizas (Curso Fluvial) en Tarifa. WGS84: 36.049885, -5.562308.",IECA — Nomenclátor Geográfico de Andalucía (WFS app:Entidad),https://www.ideandalucia.es/wfs-nga/services,alta,Cádiz,Tarifa,36.049885,-5.562308,2026-08-28
NGA-08366,geografia,toponimo,Garganta de las Corchas,"Garganta de las Corchas (Curso Fluvial) en Castellar de la Frontera. WGS84: 36.336591, -5.535642.",IECA — Nomenclátor Geográfico de Andalucía (WFS app:Entidad),https://www.ideandalucia.es/wfs-nga/services,alta,Cádiz,Castellar de la Frontera,36.336591,-5.535642,2026-08-28
NGA-08367,geografia,toponimo,Garganta de las Maravillas,"Garganta de las Maravillas (Curso Fluvial) en Jimena de la Frontera. WGS84: 36.490301, -5.403618.",IECA — Nomenclátor Geográfico de Andalucía (WFS app:Entidad),https://www.ideandalucia.es/wfs-nga/services,alta,Cádiz,Jimena de la Frontera,36.490301,-5.403618,2026-08-28
NGA-08368,geografia,toponimo,Garganta de las Minas,"Garganta de las Minas (Curso Fluvial) en Estepona. WGS84: 36.468859, -5.189686.",IECA — Nomenclátor Geográfico de Andalucía (WFS app:Entidad),https://www.ideandalucia.es/wfs-nga/services,alta,Cádiz,Estepona,36.468859,-5.189686,2026-08-28
NGA-08369,geografia,toponimo,Garganta de las Peñas,"Garganta de las Peñas (Curso Fluvial) en Alcalá de los Gazules. WGS84: 36.490755, -5.693187.",IECA — Nomenclátor Geográfico de Andalucía (WFS app:Entidad),https://www.ideandalucia.es/wfs-nga/services,alta,Cádiz,Alcalá de los Gazules,36.490755,-5.693187,2026-08-28
NGA-08370,geografia,toponimo,Garganta de las Viñas,"Garganta de las Viñas (Curso Fluvial) en Alcalá de los Gazules. WGS84: 36.510817, -5.777444.",IECA — Nomenclátor Geográfico de Andalucía (WFS app:Entidad),https://www.ideandalucia.es/wfs-nga/services,alta,Cádiz,Alcalá de los Gazules,36.510817,-5.777444,2026-08-28
NGA-08371,geografia,toponimo,Garganta de los Corcitos,"Garganta de los Corcitos (Curso Fluvial) en Jerez de la Frontera. WGS84: 36.568016, -5.530813.",IECA — Nomenclátor Geográfico de Andalucía (WFS app:Entidad),https://www.ideandalucia.es/wfs-nga/services,alta,Cádiz,Jerez de la Frontera,36.568016,-5.530813,2026-08-28
NGA-08372,geografia,toponimo,Garganta de los Hierros,"Garganta de los Hierros (Curso Fluvial) en Jimena de la Frontera. WGS84: 36.408742, -5.560756.",IECA — Nomenclátor Geográfico de Andalucía (WFS app:Entidad),https://www.ideandalucia.es/wfs-nga/services,alta,Cádiz,Jimena de la Frontera,36.408742,-5.560756,2026-08-28
NGA-08373,geografia,toponimo,Garganta de los Laureles,"Garganta de los Laureles (Curso Fluvial) en Alcalá de los Gazules. WGS84: 36.437544, -5.612942.",IECA — Nomenclátor Geográfico de Andalucía (WFS app:Entidad),https://www.ideandalucia.es/wfs-nga/services,alta,Cádiz,Alcalá de los Gazules,36.437544,-5.612942,2026-08-28
NGA-08374,geografia,toponimo,Garganta de los Pitones,"Garganta de los Pitones (Curso Fluvial) en Los Barrios. WGS84: 36.321316, -5.556598.",IECA — Nomenclátor Geográfico de Andalucía (WFS app:Entidad),https://www.ideandalucia.es/wfs-nga/services,alta,Cádiz,Los Barrios,36.321316,-5.556598,2026-08-28
NGA-08375,geografia,toponimo,Garganta del Acebuchal,"Garganta del Acebuchal (Curso Fluvial) en Alcalá de los Gazules. WGS84: 36.469997, -5.656391.",IECA — Nomenclátor Geográfico de Andalucía (WFS app:Entidad),https://www.ideandalucia.es/wfs-nga/services,alta,Cádiz,Alcalá de los Gazules,36.469997,-5.656391,2026-08-28
NGA-08376,geografia,toponimo,Garganta del Agua,"Garganta del Agua (Curso Fluvial) en Los Barrios. WGS84: 36.323028, -5.567755.",IECA — Nomenclátor Geográfico de Andalucía (WFS app:Entidad),https://www.ideandalucia.es/wfs-nga/services,alta,Cádiz,Los Barrios,36.323028,-5.567755,2026-08-28
NGA-08377,geografia,toponimo,Garganta del Algarrobo,"Garganta del Algarrobo (Curso Fluvial) en Genalguacil. WGS84: 36.520538, -5.207235.",IECA — Nomenclátor Geográfico de Andalucía (WFS app:Entidad),https://www.ideandalucia.es/wfs-nga/services,alta,Cádiz,Genalguacil,36.520538,-5.207235,2026-08-28
NGA-08378,geografia,toponimo,Garganta del Aliscar,"Garganta del Aliscar (Curso Fluvial) en Alcalá de los Gazules. WGS84: 36.435174, -5.620024.",IECA — Nomenclátor Geográfico de Andalucía (WFS app:Entidad),https://www.ideandalucia.es/wfs-nga/services,alta,Cádiz,Alcalá de los Gazules,36.435174,-5.620024,2026-08-28
NGA-08379,geografia,toponimo,Garganta del Aljibe,"Garganta del Aljibe (Curso Fluvial) en Jerez de la Frontera. WGS84: 36.544141, -5.634304.",IECA — Nomenclátor Geográfico de Andalucía (WFS app:Entidad),https://www.ideandalucia.es/wfs-nga/services,alta,Cádiz,Jerez de la Frontera,36.544141,-5.634304,2026-08-28
NGA-08380,geografia,toponimo,Garganta del Amarguillo,"Garganta del Amarguillo (Curso Fluvial) en Los Barrios. WGS84: 36.160511, -5.538033.",IECA — Nomenclátor Geográfico de Andalucía (WFS app:Entidad),https://www.ideandalucia.es/wfs-nga/services,alta,Cádiz,Los Barrios,36.160511,-5.538033,2026-08-28
NGA-08381,geografia,toponimo,Garganta del Berrueco,"Garganta del Berrueco (Curso Fluvial) en Ubrique. WGS84: 36.631299, -5.426744.",IECA — Nomenclátor Geográfico de Andalucía (WFS app:Entidad),https://www.ideandalucia.es/wfs-nga/services,alta,Cádiz,Ubrique,36.631299,-5.426744,2026-08-28
NGA-08382,geografia,toponimo,Garganta del Camello,"Garganta del Camello (Curso Fluvial) en Alcalá de los Gazules. WGS84: 36.454127, -5.625574.",IECA — Nomenclátor Geográfico de Andalucía (WFS app:Entidad),https://www.ideandalucia.es/wfs-nga/services,alta,Cádiz,Alcalá de los Gazules,36.454127,-5.625574,2026-08-28
NGA-08383,geografia,toponimo,Garganta del Carrizoso,"Garganta del Carrizoso (Curso Fluvial) en Alcalá de los Gazules. WGS84: 36.43924, -5.659382.",IECA — Nomenclátor Geográfico de Andalucía (WFS app:Entidad),https://www.ideandalucia.es/wfs-nga/services,alta,Cádiz,Alcalá de los Gazules,36.43924,-5.659382,2026-08-28
NGA-08384,geografia,toponimo,Garganta del Cañuelo,"Garganta del Cañuelo (Curso Fluvial) en Los Barrios. WGS84: 36.324131, -5.571951.",IECA — Nomenclátor Geográfico de Andalucía (WFS app:Entidad),https://www.ideandalucia.es/wfs-nga/services,alta,Cádiz,Los Barrios,36.324131,-5.571951,2026-08-28
NGA-08385,geografia,toponimo,Garganta del Conejo,"Garganta del Conejo (Curso Fluvial) en Tarifa. WGS84: 36.097008, -5.613237.",IECA — Nomenclátor Geográfico de Andalucía (WFS app:Entidad),https://www.ideandalucia.es/wfs-nga/services,alta,Cádiz,Tarifa,36.097008,-5.613237,2026-08-28
NGA-08386,geografia,toponimo,Garganta del Cuerno,"Garganta del Cuerno (Curso Fluvial) en Jerez de la Frontera. WGS84: 36.600943, -5.463601.",IECA — Nomenclátor Geográfico de Andalucía (WFS app:Entidad),https://www.ideandalucia.es/wfs-nga/services,alta,Cádiz,Jerez de la Frontera,36.600943,-5.463601,2026-08-28
NGA-08387,geografia,toponimo,Garganta del Cura,"Garganta del Cura (Curso Fluvial) en Los Barrios. WGS84: 36.266206, -5.572342.",IECA — Nomenclátor Geográfico de Andalucía (WFS app:Entidad),https://www.ideandalucia.es/wfs-nga/services,alta,Cádiz,Los Barrios,36.266206,-5.572342,2026-08-28
NGA-08388,geografia,toponimo,Garganta del Enemigo,"Garganta del Enemigo (Curso Fluvial) en Jerez de la Frontera. WGS84: 36.58123, -5.494544.",IECA — Nomenclátor Geográfico de Andalucía (WFS app:Entidad),https://www.ideandalucia.es/wfs-nga/services,alta,Cádiz,Jerez de la Frontera,36.58123,-5.494544,2026-08-28
NGA-08389,geografia,toponimo,Garganta del Espino,"Garganta del Espino (Curso Fluvial) en Alcalá de los Gazules. WGS84: 36.480232, -5.632719.",IECA — Nomenclátor Geográfico de Andalucía (WFS app:Entidad),https://www.ideandalucia.es/wfs-nga/services,alta,Cádiz,Alcalá de los Gazules,36.480232,-5.632719,2026-08-28
NGA-08390,geografia,toponimo,Garganta del Gavilán,"Garganta del Gavilán (Curso Fluvial) en Alcalá de los Gazules. WGS84: 36.367499, -5.625075.",IECA — Nomenclátor Geográfico de Andalucía (WFS app:Entidad),https://www.ideandalucia.es/wfs-nga/services,alta,Cádiz,Alcalá de los Gazules,36.367499,-5.625075,2026-08-28
NGA-08391,geografia,toponimo,Garganta del Guijo,"Garganta del Guijo (Curso Fluvial) en Algeciras. WGS84: 36.0969, -5.473729.",IECA — Nomenclátor Geográfico de Andalucía (WFS app:Entidad),https://www.ideandalucia.es/wfs-nga/services,alta,Cádiz,Algeciras,36.0969,-5.473729,2026-08-28
NGA-08392,geografia,toponimo,Garganta del Jateadero,"Garganta del Jateadero (Curso Fluvial) en Jimena de la Frontera. WGS84: 36.462072, -5.500664.",IECA — Nomenclátor Geográfico de Andalucía (WFS app:Entidad),https://www.ideandalucia.es/wfs-nga/services,alta,Cádiz,Jimena de la Frontera,36.462072,-5.500664,2026-08-28
NGA-08393,geografia,toponimo,Garganta del Medio,"Garganta del Medio (Curso Fluvial) en Jerez de la Frontera. WGS84: 36.543501, -5.637687.",IECA — Nomenclátor Geográfico de Andalucía (WFS app:Entidad),https://www.ideandalucia.es/wfs-nga/services,alta,Cádiz,Jerez de la Frontera,36.543501,-5.637687,2026-08-28
NGA-08394,geografia,toponimo,Garganta del Molino,"Garganta del Molino (Curso Fluvial) en Los Barrios. WGS84: 36.286275, -5.598701.",IECA — Nomenclátor Geográfico de Andalucía (WFS app:Entidad),https://www.ideandalucia.es/wfs-nga/services,alta,Cádiz,Los Barrios,36.286275,-5.598701,2026-08-28
NGA-08395,geografia,toponimo,Garganta del Mondongo,"Garganta del Mondongo (Curso Fluvial) en Alcalá de los Gazules. WGS84: 36.457304, -5.673795.",IECA — Nomenclátor Geográfico de Andalucía (WFS app:Entidad),https://www.ideandalucia.es/wfs-nga/services,alta,Cádiz,Alcalá de los Gazules,36.457304,-5.673795,2026-08-28
NGA-08396,geografia,toponimo,Garganta del Montoro,"Garganta del Montoro (Curso Fluvial) en Alcalá de los Gazules. WGS84: 36.34567, -5.614118.",IECA — Nomenclátor Geográfico de Andalucía (WFS app:Entidad),https://www.ideandalucia.es/wfs-nga/services,alta,Cádiz,Alcalá de los Gazules,36.34567,-5.614118,2026-08-28
NGA-08397,geografia,toponimo,Garganta del Moral,"Garganta del Moral (Curso Fluvial) en Jerez de la Frontera. WGS84: 36.547273, -5.580457.",IECA — Nomenclátor Geográfico de Andalucía (WFS app:Entidad),https://www.ideandalucia.es/wfs-nga/services,alta,Cádiz,Jerez de la Frontera,36.547273,-5.580457,2026-08-28
NGA-08398,geografia,toponimo,Garganta del Niño,"Garganta del Niño (Curso Fluvial) en Los Barrios. WGS84: 36.197264, -5.605733.",IECA — Nomenclátor Geográfico de Andalucía (WFS app:Entidad),https://www.ideandalucia.es/wfs-nga/services,alta,Cádiz,Los Barrios,36.197264,-5.605733,2026-08-28
NGA-08399,geografia,toponimo,Garganta del Palancar,"Garganta del Palancar (Curso Fluvial) en Cortes de la Frontera. WGS84: 36.569648, -5.407114.",IECA — Nomenclátor Geográfico de Andalucía (WFS app:Entidad),https://www.ideandalucia.es/wfs-nga/services,alta,Cádiz,Cortes de la Frontera,36.569648,-5.407114,2026-08-28
NGA-08400,geografia,toponimo,Garganta del Palo,"Garganta del Palo (Curso Fluvial) en Casares. WGS84: 36.454284, -5.242756.",IECA — Nomenclátor Geográfico de Andalucía (WFS app:Entidad),https://www.ideandalucia.es/wfs-nga/services,alta,Cádiz,Casares,36.454284,-5.242756,2026-08-28
NGA-08401,geografia,toponimo,Garganta del Parralejo,"Garganta del Parralejo (Curso Fluvial) en Jerez de la Frontera. WGS84: 36.567591, -5.497053.",IECA — Nomenclátor Geográfico de Andalucía (WFS app:Entidad),https://www.ideandalucia.es/wfs-nga/services,alta,Cádiz,Jerez de la Frontera,36.567591,-5.497053,2026-08-28
NGA-08402,geografia,toponimo,Garganta del Puerto Saud,"Garganta del Puerto Saud (Curso Fluvial) en Alcalá de los Gazules. WGS84: 36.442012, -5.580488.",IECA — Nomenclátor Geográfico de Andalucía (WFS app:Entidad),https://www.ideandalucia.es/wfs-nga/services,alta,Cádiz,Alcalá de los Gazules,36.442012,-5.580488,2026-08-28
NGA-08403,geografia,toponimo,Garganta del Quejigal,"Garganta del Quejigal (Curso Fluvial) en Jerez de la Frontera. WGS84: 36.603071, -5.550946.",IECA — Nomenclátor Geográfico de Andalucía (WFS app:Entidad),https://www.ideandalucia.es/wfs-nga/services,alta,Cádiz,Jerez de la Frontera,36.603071,-5.550946,2026-08-28
NGA-08404,geografia,toponimo,Garganta del Ramblazo,"Garganta del Ramblazo (Curso Fluvial) en Cortes de la Frontera. WGS84: 36.532328, -5.514005.",IECA — Nomenclátor Geográfico de Andalucía (WFS app:Entidad),https://www.ideandalucia.es/wfs-nga/services,alta,Cádiz,Cortes de la Frontera,36.532328,-5.514005,2026-08-28
NGA-08405,geografia,toponimo,Garganta del Reinoso,"Garganta del Reinoso (Curso Fluvial) en Cortes de la Frontera. WGS84: 36.510415, -5.534239.",IECA — Nomenclátor Geográfico de Andalucía (WFS app:Entidad),https://www.ideandalucia.es/wfs-nga/services,alta,Cádiz,Cortes de la Frontera,36.510415,-5.534239,2026-08-28
NGA-08406,geografia,toponimo,Garganta del Retozadero,"Garganta del Retozadero (Curso Fluvial) en Los Barrios. WGS84: 36.274756, -5.613426.",IECA — Nomenclátor Geográfico de Andalucía (WFS app:Entidad),https://www.ideandalucia.es/wfs-nga/services,alta,Cádiz,Los Barrios,36.274756,-5.613426,2026-08-28
NGA-08408,geografia,toponimo,Garganta del Toro,"Garganta del Toro (Curso Fluvial) en Alcalá de los Gazules. WGS84: 36.481789, -5.653541.",IECA — Nomenclátor Geográfico de Andalucía (WFS app:Entidad),https://www.ideandalucia.es/wfs-nga/services,alta,Cádiz,Alcalá de los Gazules,36.481789,-5.653541,2026-08-28
NGA-08409,geografia,toponimo,Garganta del Valle,"Garganta del Valle (Curso Fluvial) en San José del Valle. WGS84: 36.600177, -5.785173.",IECA — Nomenclátor Geográfico de Andalucía (WFS app:Entidad),https://www.ideandalucia.es/wfs-nga/services,alta,Cádiz,San José del Valle,36.600177,-5.785173,2026-08-28
NGA-08410,geografia,toponimo,Garganta la Caleta,"Garganta la Caleta (Curso Fluvial) en Jimena de la Frontera. WGS84: 36.450872, -5.554772.",IECA — Nomenclátor Geográfico de Andalucía (WFS app:Entidad),https://www.ideandalucia.es/wfs-nga/services,alta,Cádiz,Jimena de la Frontera,36.450872,-5.554772,2026-08-28
NGA-08411,geografia,toponimo,Garganta la Niña,"Garganta la Niña (Curso Fluvial) en Los Barrios. WGS84: 36.1582, -5.553517.",IECA — Nomenclátor Geográfico de Andalucía (WFS app:Entidad),https://www.ideandalucia.es/wfs-nga/services,alta,Cádiz,Los Barrios,36.1582,-5.553517,2026-08-28
NGA-08412,geografia,toponimo,Garganta las Yeguas,"Garganta las Yeguas (Curso Fluvial) en Los Barrios. WGS84: 36.318441, -5.55292.",IECA — Nomenclátor Geográfico de Andalucía (WFS app:Entidad),https://www.ideandalucia.es/wfs-nga/services,alta,Cádiz,Los Barrios,36.318441,-5.55292,2026-08-28
NGA-08440,geografia,toponimo,Golfo de Cádiz,"Golfo de Cádiz (Relieve Litoral / Marítimo) en Cádiz. WGS84: 36.494761, -6.276517.",IECA — Nomenclátor Geográfico de Andalucía (WFS app:Entidad),https://www.ideandalucia.es/wfs-nga/services,alta,Cádiz,Cádiz,36.494761,-6.276517,2026-08-28
NGA-08451,geografia,toponimo,Granja Escuela el Dorado,"Granja Escuela el Dorado (Servicio/Equipamiento) en Jimena de la Frontera. WGS84: 36.43636, -5.393808.",IECA — Nomenclátor Geográfico de Andalucía (WFS app:Entidad),https://www.ideandalucia.es/wfs-nga/services,alta,Cádiz,Jimena de la Frontera,36.43636,-5.393808,2026-08-28
NGA-08452,geografia,toponimo,Granja Escuela la Parra,"Granja Escuela la Parra (Servicio/Equipamiento) en Jerez de la Frontera. WGS84: 36.751007, -6.076862.",IECA — Nomenclátor Geográfico de Andalucía (WFS app:Entidad),https://www.ideandalucia.es/wfs-nga/services,alta,Cádiz,Jerez de la Frontera,36.751007,-6.076862,2026-08-28
NGA-08509,geografia,toponimo,Hacienda Chica,"Hacienda Chica (Masa de Agua) en Puerto Real. WGS84: 36.468443, -6.16361.",IECA — Nomenclátor Geográfico de Andalucía (WFS app:Entidad),https://www.ideandalucia.es/wfs-nga/services,alta,Cádiz,Puerto Real,36.468443,-6.16361,2026-08-28
NGA-08543,geografia,toponimo,Hacienda los Barrancos,"Hacienda los Barrancos (Servicio/Equipamiento) en Arcos de la Frontera. WGS84: 36.774497, -5.744636.",IECA — Nomenclátor Geográfico de Andalucía (WFS app:Entidad),https://www.ideandalucia.es/wfs-nga/services,alta,Cádiz,Arcos de la Frontera,36.774497,-5.744636,2026-08-28
NGA-08693,geografia,toponimo,Hipermercado,"Hipermercado (Servicio/Equipamiento) en Jerez de la Frontera. WGS84: 36.704028, -6.116147.",IECA — Nomenclátor Geográfico de Andalucía (WFS app:Entidad),https://www.ideandalucia.es/wfs-nga/services,alta,Cádiz,Jerez de la Frontera,36.704028,-6.116147,2026-08-28
NGA-08709,geografia,toponimo,Hospital de Alta Resolución de Lebrija,"Hospital de Alta Resolución de Lebrija (Servicio/Equipamiento) en Lebrija. WGS84: 36.9106, -6.072452.",IECA — Nomenclátor Geográfico de Andalucía (WFS app:Entidad),https://www.ideandalucia.es/wfs-nga/services,alta,Cádiz,Lebrija,36.9106,-6.072452,2026-08-28
NGA-08710,geografia,toponimo,Hospital de Jerez,"Hospital de Jerez (Servicio/Equipamiento) en Jerez de la Frontera. WGS84: 36.699077, -6.149462.",IECA — Nomenclátor Geográfico de Andalucía (WFS app:Entidad),https://www.ideandalucia.es/wfs-nga/services,alta,Cádiz,Jerez de la Frontera,36.699077,-6.149462,2026-08-28
NGA-08712,geografia,toponimo,Hotel Cueva del Gato,"Hotel Cueva del Gato (Servicio/Equipamiento) en Benaoján. WGS84: 36.726476, -5.236343.",IECA — Nomenclátor Geográfico de Andalucía (WFS app:Entidad),https://www.ideandalucia.es/wfs-nga/services,alta,Cádiz,Benaoján,36.726476,-5.236343,2026-08-28
NGA-08713,geografia,toponimo,Hotel Dehesilla,"Hotel Dehesilla (Servicio/Equipamiento) en Benaoján. WGS84: 36.730483, -5.232536.",IECA — Nomenclátor Geográfico de Andalucía (WFS app:Entidad),https://www.ideandalucia.es/wfs-nga/services,alta,Cádiz,Benaoján,36.730483,-5.232536,2026-08-28
NGA-08714,geografia,toponimo,Hotel Molino Cuatro Paradas,"Hotel Molino Cuatro Paradas (Servicio/Equipamiento) en Benaoján. WGS84: 36.719203, -5.240488.",IECA — Nomenclátor Geográfico de Andalucía (WFS app:Entidad),https://www.ideandalucia.es/wfs-nga/services,alta,Cádiz,Benaoján,36.719203,-5.240488,2026-08-28
NGA-08715,geografia,toponimo,Hotel Monasterio San Martín,"Hotel Monasterio San Martín (Servicio/Equipamiento) en San Martín del Tesorillo. WGS84: 36.330148, -5.358994.",IECA — Nomenclátor Geográfico de Andalucía (WFS app:Entidad),https://www.ideandalucia.es/wfs-nga/services,alta,Cádiz,San Martín del Tesorillo,36.330148,-5.358994,2026-08-28
NGA-08883,geografia,toponimo,Humedales Intermareales de Castilnovo,"Humedales Intermareales de Castilnovo (Masa de Agua) en Conil de la Frontera. WGS84: 36.265335, -6.085344.",IECA — Nomenclátor Geográfico de Andalucía (WFS app:Entidad),https://www.ideandalucia.es/wfs-nga/services,alta,Cádiz,Conil de la Frontera,36.265335,-6.085344,2026-08-28
NGA-08885,geografia,toponimo,IFAPA Centro Rancho de la Merced,"IFAPA Centro Rancho de la Merced (Servicio/Equipamiento) en Jerez de la Frontera. WGS84: 36.718188, -6.153948.",IECA — Nomenclátor Geográfico de Andalucía (WFS app:Entidad),https://www.ideandalucia.es/wfs-nga/services,alta,Cádiz,Jerez de la Frontera,36.718188,-6.153948,2026-08-28
NGA-08888,geografia,toponimo,Iglesia de San Cristóbal,"Iglesia de San Cristóbal (Servicio/Equipamiento) en Medina Sidonia. WGS84: 36.457181, -5.928193.",IECA — Nomenclátor Geográfico de Andalucía (WFS app:Entidad),https://www.ideandalucia.es/wfs-nga/services,alta,Cádiz,Medina Sidonia,36.457181,-5.928193,2026-08-28
NGA-08889,geografia,toponimo,Iglesia de Santa María,"Iglesia de Santa María (Servicio/Equipamiento) en Arcos de la Frontera. WGS84: 36.748255, -5.806243.",IECA — Nomenclátor Geográfico de Andalucía (WFS app:Entidad),https://www.ideandalucia.es/wfs-nga/services,alta,Cádiz,Arcos de la Frontera,36.748255,-5.806243,2026-08-28
NGA-08890,geografia,toponimo,Iglesia de Santa María de la Mesa,"Iglesia de Santa María de la Mesa (Servicio/Equipamiento) en Zahara. WGS84: 36.84068, -5.39032.",IECA — Nomenclátor Geográfico de Andalucía (WFS app:Entidad),https://www.ideandalucia.es/wfs-nga/services,alta,Cádiz,Zahara,36.84068,-5.39032,2026-08-28
NGA-08891,geografia,toponimo,Iglesia de Santo Domingo,"Iglesia de Santo Domingo (Servicio/Equipamiento) en Cádiz. WGS84: 36.528695, -6.289939.",IECA — Nomenclátor Geográfico de Andalucía (WFS app:Entidad),https://www.ideandalucia.es/wfs-nga/services,alta,Cádiz,Cádiz,36.528695,-6.289939,2026-08-28
NGA-08892,geografia,toponimo,Iglesia del Antiguo Monasterio de San José del Cuervo,"Iglesia del Antiguo Monasterio de San José del Cuervo (Servicio/Equipamiento) en Medina Sidonia. WGS84: 36.279771, -5.663789.",IECA — Nomenclátor Geográfico de Andalucía (WFS app:Entidad),https://www.ideandalucia.es/wfs-nga/services,alta,Cádiz,Medina Sidonia,36.279771,-5.663789,2026-08-28
NGA-08896,geografia,toponimo,Instalaciones Municipales,"Instalaciones Municipales (Servicio/Equipamiento) en Rota. WGS84: 36.657582, -6.375453.",IECA — Nomenclátor Geográfico de Andalucía (WFS app:Entidad),https://www.ideandalucia.es/wfs-nga/services,alta,Cádiz,Rota,36.657582,-6.375453,2026-08-28
NGA-08897,geografia,toponimo,Instituto de Educación Secundaria Bajo Guadalquivir,"Instituto de Educación Secundaria Bajo Guadalquivir (Servicio/Equipamiento) en Lebrija. WGS84: 36.92188, -6.083052.",IECA — Nomenclátor Geográfico de Andalucía (WFS app:Entidad),https://www.ideandalucia.es/wfs-nga/services,alta,Cádiz,Lebrija,36.92188,-6.083052,2026-08-28
NGA-08898,geografia,toponimo,Instituto de Educación Secundaria Virgen del Castillo,"Instituto de Educación Secundaria Virgen del Castillo (Servicio/Equipamiento) en Lebrija. WGS84: 36.92215, -6.082111.",IECA — Nomenclátor Geográfico de Andalucía (WFS app:Entidad),https://www.ideandalucia.es/wfs-nga/services,alta,Cádiz,Lebrija,36.92215,-6.082111,2026-08-28
NGA-08899,geografia,toponimo,Instituto de Enseñanza Secundaria Federico García Lorca,"Instituto de Enseñanza Secundaria Federico García Lorca (Servicio/Equipamiento) en Algeciras. WGS84: 36.120357, -5.450595.",IECA — Nomenclátor Geográfico de Andalucía (WFS app:Entidad),https://www.ideandalucia.es/wfs-nga/services,alta,Cádiz,Algeciras,36.120357,-5.450595,2026-08-28
NGA-08900,geografia,toponimo,Instituto de Enseñanza Secundaria Villa de Setenil,"Instituto de Enseñanza Secundaria Villa de Setenil (Servicio/Equipamiento) en Setenil de las Bodegas. WGS84: 36.864566, -5.174643.",IECA — Nomenclátor Geográfico de Andalucía (WFS app:Entidad),https://www.ideandalucia.es/wfs-nga/services,alta,Cádiz,Setenil de las Bodegas,36.864566,-5.174643,2026-08-28
NGA-08902,geografia,toponimo,Isla Cabrita,"Isla Cabrita (Relieve Litoral / Marítimo) en Algeciras. WGS84: 36.076866, -5.424514.",IECA — Nomenclátor Geográfico de Andalucía (WFS app:Entidad),https://www.ideandalucia.es/wfs-nga/services,alta,Cádiz,Algeciras,36.076866,-5.424514,2026-08-28
NGA-08904,geografia,toponimo,Isla Verde,"Isla Verde (Relieve Litoral / Marítimo) en San Fernando. WGS84: 36.50193, -6.191249.",IECA — Nomenclátor Geográfico de Andalucía (WFS app:Entidad),https://www.ideandalucia.es/wfs-nga/services,alta,Cádiz,San Fernando,36.50193,-6.191249,2026-08-28
NGA-08908,geografia,toponimo,Isla de Sancti-Petri,"Isla de Sancti-Petri (Relieve Litoral / Marítimo) en San Fernando. WGS84: 36.386294, -6.22289.",IECA — Nomenclátor Geográfico de Andalucía (WFS app:Entidad),https://www.ideandalucia.es/wfs-nga/services,alta,Cádiz,San Fernando,36.386294,-6.22289,2026-08-28
NGA-08909,geografia,toponimo,Isla de Tarifa o de las Palomas,"Isla de Tarifa o de las Palomas (Relieve Litoral / Marítimo) en Tarifa. WGS84: 36.003784, -5.61842.",IECA — Nomenclátor Geográfico de Andalucía (WFS app:Entidad),https://www.ideandalucia.es/wfs-nga/services,alta,Cádiz,Tarifa,36.003784,-5.61842,2026-08-28
NGA-08911,geografia,toponimo,Isla de las Palomas,"Isla de las Palomas (Relieve Litoral / Marítimo) en Algeciras. WGS84: 36.065442, -5.434131.",IECA — Nomenclátor Geográfico de Andalucía (WFS app:Entidad),https://www.ideandalucia.es/wfs-nga/services,alta,Cádiz,Algeciras,36.065442,-5.434131,2026-08-28
NGA-08929,geografia,toponimo,Jardines Escénicos,"Jardines Escénicos (Servicio/Equipamiento) en Jerez de la Frontera. WGS84: 36.69974, -6.121938.",IECA — Nomenclátor Geográfico de Andalucía (WFS app:Entidad),https://www.ideandalucia.es/wfs-nga/services,alta,Cádiz,Jerez de la Frontera,36.69974,-6.121938,2026-08-28
NGA-08982,geografia,toponimo,La Albufera,"La Albufera (Relieve Litoral / Marítimo) en Cádiz. WGS84: 36.443385, -6.24686.",IECA — Nomenclátor Geográfico de Andalucía (WFS app:Entidad),https://www.ideandalucia.es/wfs-nga/services,alta,Cádiz,Cádiz,36.443385,-6.24686,2026-08-28
NGA-09118,geografia,toponimo,La Casilla,"La Casilla (Servicio/Equipamiento) en Benalup-Casas Viejas. WGS84: 36.352125, -5.841298.",IECA — Nomenclátor Geográfico de Andalucía (WFS app:Entidad),https://www.ideandalucia.es/wfs-nga/services,alta,Cádiz,Benalup-Casas Viejas,36.352125,-5.841298,2026-08-28
NGA-09158,geografia,toponimo,La Cobacha,"La Cobacha (Masa de Agua) en Puerto Real. WGS84: 36.517601, -6.208218.",IECA — Nomenclátor Geográfico de Andalucía (WFS app:Entidad),https://www.ideandalucia.es/wfs-nga/services,alta,Cádiz,Puerto Real,36.517601,-6.208218,2026-08-28
NGA-09181,geografia,toponimo,La Coracha,"La Coracha (Servicio/Equipamiento) en Los Barrios. WGS84: 36.217266, -5.484995.",IECA — Nomenclátor Geográfico de Andalucía (WFS app:Entidad),https://www.ideandalucia.es/wfs-nga/services,alta,Cádiz,Los Barrios,36.217266,-5.484995,2026-08-28
NGA-09251,geografia,toponimo,La Esperanza,"La Esperanza (Masa de Agua) en Chiclana de la Frontera. WGS84: 36.436828, -6.202261.",IECA — Nomenclátor Geográfico de Andalucía (WFS app:Entidad),https://www.ideandalucia.es/wfs-nga/services,alta,Cádiz,Chiclana de la Frontera,36.436828,-6.202261,2026-08-28
NGA-09280,geografia,toponimo,La Garganta del Muerto,"La Garganta del Muerto (Curso Fluvial) en Los Barrios. WGS84: 36.231365, -5.529376.",IECA — Nomenclátor Geográfico de Andalucía (WFS app:Entidad),https://www.ideandalucia.es/wfs-nga/services,alta,Cádiz,Los Barrios,36.231365,-5.529376,2026-08-28
NGA-09303,geografia,toponimo,La Granja de Santa Teresa,"La Granja de Santa Teresa (Servicio/Equipamiento) en Jerez de la Frontera. WGS84: 36.658139, -6.11321.",IECA — Nomenclátor Geográfico de Andalucía (WFS app:Entidad),https://www.ideandalucia.es/wfs-nga/services,alta,Cádiz,Jerez de la Frontera,36.658139,-6.11321,2026-08-28
NGA-09349,geografia,toponimo,La Imperial,"La Imperial (Masa de Agua) en Chiclana de la Frontera. WGS84: 36.429941, -6.180698.",IECA — Nomenclátor Geográfico de Andalucía (WFS app:Entidad),https://www.ideandalucia.es/wfs-nga/services,alta,Cádiz,Chiclana de la Frontera,36.429941,-6.180698,2026-08-28
NGA-09350,geografia,toponimo,La Imposible,"La Imposible (Masa de Agua) en Puerto Real. WGS84: 36.523113, -6.208232.",IECA — Nomenclátor Geográfico de Andalucía (WFS app:Entidad),https://www.ideandalucia.es/wfs-nga/services,alta,Cádiz,Puerto Real,36.523113,-6.208232,2026-08-28
NGA-09352,geografia,toponimo,La Industrial,"La Industrial (Masa de Agua) en Chiclana de la Frontera. WGS84: 36.424832, -6.197318.",IECA — Nomenclátor Geográfico de Andalucía (WFS app:Entidad),https://www.ideandalucia.es/wfs-nga/services,alta,Cádiz,Chiclana de la Frontera,36.424832,-6.197318,2026-08-28
NGA-09360,geografia,toponimo,La Isleta y Chapela,"La Isleta y Chapela (Masa de Agua) en Puerto Real. WGS84: 36.480703, -6.174139.",IECA — Nomenclátor Geográfico de Andalucía (WFS app:Entidad),https://www.ideandalucia.es/wfs-nga/services,alta,Cádiz,Puerto Real,36.480703,-6.174139,2026-08-28
NGA-09424,geografia,toponimo,La Marisma,"La Marisma (Relieve Litoral / Marítimo) en Vejer de la Frontera. WGS84: 36.238199, -5.945813.",IECA — Nomenclátor Geográfico de Andalucía (WFS app:Entidad),https://www.ideandalucia.es/wfs-nga/services,alta,Cádiz,Vejer de la Frontera,36.238199,-5.945813,2026-08-28
NGA-09425,geografia,toponimo,La Marisma,"La Marisma (Relieve Litoral / Marítimo) en Rota. WGS84: 36.670553, -6.351858.",IECA — Nomenclátor Geográfico de Andalucía (WFS app:Entidad),https://www.ideandalucia.es/wfs-nga/services,alta,Cádiz,Rota,36.670553,-6.351858,2026-08-28
NGA-09426,geografia,toponimo,La Marismilla,"La Marismilla (Relieve Litoral / Marítimo) en Almonte. WGS84: 36.832105, -6.383785.",IECA — Nomenclátor Geográfico de Andalucía (WFS app:Entidad),https://www.ideandalucia.es/wfs-nga/services,alta,Cádiz,Almonte,36.832105,-6.383785,2026-08-28
NGA-09552,geografia,toponimo,La Pastora,"La Pastora (Masa de Agua) en Puerto Real. WGS84: 36.502464, -6.165317.",IECA — Nomenclátor Geográfico de Andalucía (WFS app:Entidad),https://www.ideandalucia.es/wfs-nga/services,alta,Cádiz,Puerto Real,36.502464,-6.165317,2026-08-28
NGA-09612,geografia,toponimo,La Puntilla,"La Puntilla (Relieve Litoral / Marítimo) en Rota. WGS84: 36.615313, -6.30986.",IECA — Nomenclátor Geográfico de Andalucía (WFS app:Entidad),https://www.ideandalucia.es/wfs-nga/services,alta,Cádiz,Rota,36.615313,-6.30986,2026-08-28
NGA-09738,geografia,toponimo,La Venta,"La Venta (Servicio/Equipamiento) en Coripe. WGS84: 36.998878, -5.381798.",IECA — Nomenclátor Geográfico de Andalucía (WFS app:Entidad),https://www.ideandalucia.es/wfs-nga/services,alta,Cádiz,Coripe,36.998878,-5.381798,2026-08-28
NGA-09741,geografia,toponimo,La Ventilla,"La Ventilla (Servicio/Equipamiento) en Villamartín. WGS84: 36.901632, -5.572741.",IECA — Nomenclátor Geográfico de Andalucía (WFS app:Entidad),https://www.ideandalucia.es/wfs-nga/services,alta,Cádiz,Villamartín,36.901632,-5.572741,2026-08-28
NGA-09783,geografia,toponimo,Laboratorio Bolín,"Laboratorio Bolín (Servicio/Equipamiento) en Almonte. WGS84: 36.991418, -6.442715.",IECA — Nomenclátor Geográfico de Andalucía (WFS app:Entidad),https://www.ideandalucia.es/wfs-nga/services,alta,Cádiz,Almonte,36.991418,-6.442715,2026-08-28
NGA-09796,geografia,toponimo,Laguna Botín,"Laguna Botín (Masa de Agua) en Almonte. WGS84: 36.991457, -6.442219.",IECA — Nomenclátor Geográfico de Andalucía (WFS app:Entidad),https://www.ideandalucia.es/wfs-nga/services,alta,Cádiz,Almonte,36.991457,-6.442219,2026-08-28
NGA-09797,geografia,toponimo,Laguna Chica,"Laguna Chica (Masa de Agua) en El Puerto de Santa María. WGS84: 36.647672, -6.230419.",IECA — Nomenclátor Geográfico de Andalucía (WFS app:Entidad),https://www.ideandalucia.es/wfs-nga/services,alta,Cádiz,El Puerto de Santa María,36.647672,-6.230419,2026-08-28
NGA-09798,geografia,toponimo,Laguna Dulce de la Zorrilla,"Laguna Dulce de la Zorrilla (Masa de Agua) en Espera. WGS84: 36.856472, -5.86325.",IECA — Nomenclátor Geográfico de Andalucía (WFS app:Entidad),https://www.ideandalucia.es/wfs-nga/services,alta,Cádiz,Espera,36.856472,-5.86325,2026-08-28
NGA-09800,geografia,toponimo,Laguna Juncosa,"Laguna Juncosa (Masa de Agua) en El Puerto de Santa María. WGS84: 36.63788, -6.225612.",IECA — Nomenclátor Geográfico de Andalucía (WFS app:Entidad),https://www.ideandalucia.es/wfs-nga/services,alta,Cádiz,El Puerto de Santa María,36.63788,-6.225612,2026-08-28
NGA-09801,geografia,toponimo,Laguna Salada,"Laguna Salada (Masa de Agua) en El Puerto de Santa María. WGS84: 36.644833, -6.236207.",IECA — Nomenclátor Geográfico de Andalucía (WFS app:Entidad),https://www.ideandalucia.es/wfs-nga/services,alta,Cádiz,El Puerto de Santa María,36.644833,-6.236207,2026-08-28
NGA-09802,geografia,toponimo,Laguna Salada de la Zorrilla,"Laguna Salada de la Zorrilla (Masa de Agua) en Espera. WGS84: 36.86696, -5.866973.",IECA — Nomenclátor Geográfico de Andalucía (WFS app:Entidad),https://www.ideandalucia.es/wfs-nga/services,alta,Cádiz,Espera,36.86696,-5.866973,2026-08-28
NGA-09804,geografia,toponimo,Laguna de Campano,"Laguna de Campano (Masa de Agua) en Chiclana de la Frontera. WGS84: 36.346578, -6.139829.",IECA — Nomenclátor Geográfico de Andalucía (WFS app:Entidad),https://www.ideandalucia.es/wfs-nga/services,alta,Cádiz,Chiclana de la Frontera,36.346578,-6.139829,2026-08-28
NGA-09805,geografia,toponimo,Laguna de Cañuelas,"Laguna de Cañuelas (Masa de Agua) en Almonte. WGS84: 37.012372, -6.503132.",IECA — Nomenclátor Geográfico de Andalucía (WFS app:Entidad),https://www.ideandalucia.es/wfs-nga/services,alta,Cádiz,Almonte,37.012372,-6.503132,2026-08-28
NGA-09806,geografia,toponimo,Laguna de Jelí,"Laguna de Jelí (Masa de Agua) en Chiclana de la Frontera. WGS84: 36.441101, -6.08192.",IECA — Nomenclátor Geográfico de Andalucía (WFS app:Entidad),https://www.ideandalucia.es/wfs-nga/services,alta,Cádiz,Chiclana de la Frontera,36.441101,-6.08192,2026-08-28
NGA-09807,geografia,toponimo,Laguna de Medina,"Laguna de Medina (Masa de Agua) en Jerez de la Frontera. WGS84: 36.617061, -6.05029.",IECA — Nomenclátor Geográfico de Andalucía (WFS app:Entidad),https://www.ideandalucia.es/wfs-nga/services,alta,Cádiz,Jerez de la Frontera,36.617061,-6.05029,2026-08-28
NGA-09808,geografia,toponimo,Laguna de Montellano,"Laguna de Montellano (Masa de Agua) en Chiclana de la Frontera. WGS84: 36.459986, -6.071425.",IECA — Nomenclátor Geográfico de Andalucía (WFS app:Entidad),https://www.ideandalucia.es/wfs-nga/services,alta,Cádiz,Chiclana de la Frontera,36.459986,-6.071425,2026-08-28
NGA-09810,geografia,toponimo,Laguna de San Antonio,"Laguna de San Antonio (Masa de Agua) en Puerto Real. WGS84: 36.526726, -6.052867.",IECA — Nomenclátor Geográfico de Andalucía (WFS app:Entidad),https://www.ideandalucia.es/wfs-nga/services,alta,Cádiz,Puerto Real,36.526726,-6.052867,2026-08-28
NGA-09811,geografia,toponimo,Laguna de Santa Olalla,"Laguna de Santa Olalla (Masa de Agua) en Almonte. WGS84: 36.977878, -6.477706.",IECA — Nomenclátor Geográfico de Andalucía (WFS app:Entidad),https://www.ideandalucia.es/wfs-nga/services,alta,Cádiz,Almonte,36.977878,-6.477706,2026-08-28
NGA-09812,geografia,toponimo,Laguna de Torrox,"Laguna de Torrox (Masa de Agua) en Jerez de la Frontera. WGS84: 36.662776, -6.142673.",IECA — Nomenclátor Geográfico de Andalucía (WFS app:Entidad),https://www.ideandalucia.es/wfs-nga/services,alta,Cádiz,Jerez de la Frontera,36.662776,-6.142673,2026-08-28
NGA-09813,geografia,toponimo,Laguna de Zarracatín,"Laguna de Zarracatín (Masa de Agua) en El Palmar de Troya. WGS84: 37.031367, -5.802682.",IECA — Nomenclátor Geográfico de Andalucía (WFS app:Entidad),https://www.ideandalucia.es/wfs-nga/services,alta,Cádiz,El Palmar de Troya,37.031367,-5.802682,2026-08-28
NGA-09814,geografia,toponimo,Laguna de la Cigarrera,"Laguna de la Cigarrera (Masa de Agua) en Lebrija. WGS84: 36.893996, -5.918469.",IECA — Nomenclátor Geográfico de Andalucía (WFS app:Entidad),https://www.ideandalucia.es/wfs-nga/services,alta,Cádiz,Lebrija,36.893996,-5.918469,2026-08-28
NGA-09816,geografia,toponimo,Laguna de la Galiana,"Laguna de la Galiana (Masa de Agua) en Lebrija. WGS84: 36.895628, -5.913291.",IECA — Nomenclátor Geográfico de Andalucía (WFS app:Entidad),https://www.ideandalucia.es/wfs-nga/services,alta,Cádiz,Lebrija,36.895628,-5.913291,2026-08-28
NGA-09817,geografia,toponimo,Laguna de la Paja,"Laguna de la Paja (Masa de Agua) en Chiclana de la Frontera. WGS84: 36.394632, -6.129796.",IECA — Nomenclátor Geográfico de Andalucía (WFS app:Entidad),https://www.ideandalucia.es/wfs-nga/services,alta,Cádiz,Chiclana de la Frontera,36.394632,-6.129796,2026-08-28
NGA-09818,geografia,toponimo,Laguna de la Peña,"Laguna de la Peña (Masa de Agua) en Lebrija. WGS84: 36.900387, -5.913662.",IECA — Nomenclátor Geográfico de Andalucía (WFS app:Entidad),https://www.ideandalucia.es/wfs-nga/services,alta,Cádiz,Lebrija,36.900387,-5.913662,2026-08-28
NGA-09819,geografia,toponimo,Laguna de las Quinientas,"Laguna de las Quinientas (Masa de Agua) en Jerez de la Frontera. WGS84: 36.627442, -6.096205.",IECA — Nomenclátor Geográfico de Andalucía (WFS app:Entidad),https://www.ideandalucia.es/wfs-nga/services,alta,Cádiz,Jerez de la Frontera,36.627442,-6.096205,2026-08-28
NGA-09820,geografia,toponimo,Laguna del Brezo,"Laguna del Brezo (Masa de Agua) en Almonte. WGS84: 36.990305, -6.512999.",IECA — Nomenclátor Geográfico de Andalucía (WFS app:Entidad),https://www.ideandalucia.es/wfs-nga/services,alta,Cádiz,Almonte,36.990305,-6.512999,2026-08-28
NGA-09821,geografia,toponimo,Laguna del Colmenar,"Laguna del Colmenar (Masa de Agua) en Las Cabezas de San Juan. WGS84: 36.957698, -5.894964.",IECA — Nomenclátor Geográfico de Andalucía (WFS app:Entidad),https://www.ideandalucia.es/wfs-nga/services,alta,Cádiz,Las Cabezas de San Juan,36.957698,-5.894964,2026-08-28
NGA-09822,geografia,toponimo,Laguna del Comisario,"Laguna del Comisario (Masa de Agua) en Puerto Real. WGS84: 36.523888, -6.026397.",IECA — Nomenclátor Geográfico de Andalucía (WFS app:Entidad),https://www.ideandalucia.es/wfs-nga/services,alta,Cádiz,Puerto Real,36.523888,-6.026397,2026-08-28
NGA-09823,geografia,toponimo,Laguna del Hondo,"Laguna del Hondo (Masa de Agua) en Almonte. WGS84: 36.934801, -6.41995.",IECA — Nomenclátor Geográfico de Andalucía (WFS app:Entidad),https://www.ideandalucia.es/wfs-nga/services,alta,Cádiz,Almonte,36.934801,-6.41995,2026-08-28
NGA-09824,geografia,toponimo,Laguna del Pilón,"Laguna del Pilón (Masa de Agua) en Lebrija. WGS84: 36.9032, -5.899185.",IECA — Nomenclátor Geográfico de Andalucía (WFS app:Entidad),https://www.ideandalucia.es/wfs-nga/services,alta,Cádiz,Lebrija,36.9032,-5.899185,2026-08-28
NGA-09827,geografia,toponimo,Laguna del Taraje,"Laguna del Taraje (Masa de Agua) en Puerto Real. WGS84: 36.535474, -6.057277.",IECA — Nomenclátor Geográfico de Andalucía (WFS app:Entidad),https://www.ideandalucia.es/wfs-nga/services,alta,Cádiz,Puerto Real,36.535474,-6.057277,2026-08-28
NGA-09828,geografia,toponimo,Laguna del Taraje,"Laguna del Taraje (Masa de Agua) en Almonte. WGS84: 36.987043, -6.497287.",IECA — Nomenclátor Geográfico de Andalucía (WFS app:Entidad),https://www.ideandalucia.es/wfs-nga/services,alta,Cádiz,Almonte,36.987043,-6.497287,2026-08-28
NGA-09829,geografia,toponimo,Laguna del Taraje,"Laguna del Taraje (Masa de Agua) en Las Cabezas de San Juan. WGS84: 36.918432, -5.887967.",IECA — Nomenclátor Geográfico de Andalucía (WFS app:Entidad),https://www.ideandalucia.es/wfs-nga/services,alta,Cádiz,Las Cabezas de San Juan,36.918432,-5.887967,2026-08-28
NGA-09830,geografia,toponimo,Laguna del Tejón,"Laguna del Tejón (Masa de Agua) en Jerez de la Frontera. WGS84: 36.576136, -6.074153.",IECA — Nomenclátor Geográfico de Andalucía (WFS app:Entidad),https://www.ideandalucia.es/wfs-nga/services,alta,Cádiz,Jerez de la Frontera,36.576136,-6.074153,2026-08-28
NGA-09831,geografia,toponimo,Laguna del Zahillo,"Laguna del Zahillo (Masa de Agua) en Almonte. WGS84: 36.98691, -6.506162.",IECA — Nomenclátor Geográfico de Andalucía (WFS app:Entidad),https://www.ideandalucia.es/wfs-nga/services,alta,Cádiz,Almonte,36.98691,-6.506162,2026-08-28
NGA-09833,geografia,toponimo,Laguna la Herradura,"Laguna la Herradura (Masa de Agua) en Las Cabezas de San Juan. WGS84: 36.93757, -5.907078.",IECA — Nomenclátor Geográfico de Andalucía (WFS app:Entidad),https://www.ideandalucia.es/wfs-nga/services,alta,Cádiz,Las Cabezas de San Juan,36.93757,-5.907078,2026-08-28
NGA-09834,geografia,toponimo,Lagunas de las Pajas,"Lagunas de las Pajas (Masa de Agua) en Almonte. WGS84: 36.979334, -6.463388.",IECA — Nomenclátor Geográfico de Andalucía (WFS app:Entidad),https://www.ideandalucia.es/wfs-nga/services,alta,Cádiz,Almonte,36.979334,-6.463388,2026-08-28
NGA-09884,geografia,toponimo,Las Banderas,"Las Banderas (Servicio/Equipamiento) en Benaoján. WGS84: 36.718816, -5.238727.",IECA — Nomenclátor Geográfico de Andalucía (WFS app:Entidad),https://www.ideandalucia.es/wfs-nga/services,alta,Cádiz,Benaoján,36.718816,-5.238727,2026-08-28
NGA-09931,geografia,toponimo,Las Canteras,"Las Canteras (Masa de Agua) en Puerto Real. WGS84: 36.512095, -6.223362.",IECA — Nomenclátor Geográfico de Andalucía (WFS app:Entidad),https://www.ideandalucia.es/wfs-nga/services,alta,Cádiz,Puerto Real,36.512095,-6.223362,2026-08-28
NGA-10089,geografia,toponimo,Las Marismas,"Las Marismas (Relieve Litoral / Marítimo) en Rota. WGS84: 36.662575, -6.354306.",IECA — Nomenclátor Geográfico de Andalucía (WFS app:Entidad),https://www.ideandalucia.es/wfs-nga/services,alta,Cádiz,Rota,36.662575,-6.354306,2026-08-28
NGA-10090,geografia,toponimo,Las Marismillas,"Las Marismillas (Relieve Litoral / Marítimo) en Almonte. WGS84: 36.870205, -6.379749.",IECA — Nomenclátor Geográfico de Andalucía (WFS app:Entidad),https://www.ideandalucia.es/wfs-nga/services,alta,Cádiz,Almonte,36.870205,-6.379749,2026-08-28
NGA-10234,geografia,toponimo,Las Vetas,"Las Vetas (Relieve Litoral / Marítimo) en Benalup-Casas Viejas. WGS84: 36.351509, -5.79408.",IECA — Nomenclátor Geográfico de Andalucía (WFS app:Entidad),https://www.ideandalucia.es/wfs-nga/services,alta,Cádiz,Benalup-Casas Viejas,36.351509,-5.79408,2026-08-28
NGA-10235,geografia,toponimo,Las Vetas,"Las Vetas (Relieve Litoral / Marítimo) en Trebujena. WGS84: 36.854625, -6.233125.",IECA — Nomenclátor Geográfico de Andalucía (WFS app:Entidad),https://www.ideandalucia.es/wfs-nga/services,alta,Cádiz,Trebujena,36.854625,-6.233125,2026-08-28
NGA-10867,geografia,toponimo,Los Borreguitos,"Los Borreguitos (Servicio/Equipamiento) en Jimena de la Frontera. WGS84: 36.478488, -5.408932.",IECA — Nomenclátor Geográfico de Andalucía (WFS app:Entidad),https://www.ideandalucia.es/wfs-nga/services,alta,Cádiz,Jimena de la Frontera,36.478488,-5.408932,2026-08-28
NGA-10888,geografia,toponimo,Los Cascajales,"Los Cascajales (Servicio/Equipamiento) en Benaoján. WGS84: 36.71934, -5.2381.",IECA — Nomenclátor Geográfico de Andalucía (WFS app:Entidad),https://www.ideandalucia.es/wfs-nga/services,alta,Cádiz,Benaoján,36.71934,-5.2381,2026-08-28
NGA-10935,geografia,toponimo,Los Desamparados,"Los Desamparados (Masa de Agua) en Puerto Real. WGS84: 36.571129, -6.212142.",IECA — Nomenclátor Geográfico de Andalucía (WFS app:Entidad),https://www.ideandalucia.es/wfs-nga/services,alta,Cádiz,Puerto Real,36.571129,-6.212142,2026-08-28
NGA-11141,geografia,toponimo,Los Santos Patronos,"Los Santos Patronos (Masa de Agua) en San Fernando. WGS84: 36.488785, -6.186464.",IECA — Nomenclátor Geográfico de Andalucía (WFS app:Entidad),https://www.ideandalucia.es/wfs-nga/services,alta,Cádiz,San Fernando,36.488785,-6.186464,2026-08-28
NGA-11204,geografia,toponimo,Lucio Amoraillo,"Lucio Amoraillo (Relieve Litoral / Marítimo) en Aznalcázar. WGS84: 36.948743, -6.319365.",IECA — Nomenclátor Geográfico de Andalucía (WFS app:Entidad),https://www.ideandalucia.es/wfs-nga/services,alta,Cádiz,Aznalcázar,36.948743,-6.319365,2026-08-28
NGA-11205,geografia,toponimo,Lucio Boyero,"Lucio Boyero (Relieve Litoral / Marítimo) en Aznalcázar. WGS84: 36.95682, -6.303351.",IECA — Nomenclátor Geográfico de Andalucía (WFS app:Entidad),https://www.ideandalucia.es/wfs-nga/services,alta,Cádiz,Aznalcázar,36.95682,-6.303351,2026-08-28
NGA-11206,geografia,toponimo,Lucio Caballera,"Lucio Caballera (Relieve Litoral / Marítimo) en Almonte. WGS84: 36.959878, -6.43877.",IECA — Nomenclátor Geográfico de Andalucía (WFS app:Entidad),https://www.ideandalucia.es/wfs-nga/services,alta,Cádiz,Almonte,36.959878,-6.43877,2026-08-28
NGA-11207,geografia,toponimo,Lucio Calada de Mari López,"Lucio Calada de Mari López (Relieve Litoral / Marítimo) en Aznalcázar. WGS84: 36.98334, -6.332196.",IECA — Nomenclátor Geográfico de Andalucía (WFS app:Entidad),https://www.ideandalucia.es/wfs-nga/services,alta,Cádiz,Aznalcázar,36.98334,-6.332196,2026-08-28
NGA-11208,geografia,toponimo,Lucio Don Miguel,"Lucio Don Miguel (Relieve Litoral / Marítimo) en La Puebla del Río. WGS84: 36.995093, -6.228732.",IECA — Nomenclátor Geográfico de Andalucía (WFS app:Entidad),https://www.ideandalucia.es/wfs-nga/services,alta,Cádiz,La Puebla del Río,36.995093,-6.228732,2026-08-28
NGA-11209,geografia,toponimo,Lucio Esparragosilla Chico,"Lucio Esparragosilla Chico (Relieve Litoral / Marítimo) en La Puebla del Río. WGS84: 36.981147, -6.26536.",IECA — Nomenclátor Geográfico de Andalucía (WFS app:Entidad),https://www.ideandalucia.es/wfs-nga/services,alta,Cádiz,La Puebla del Río,36.981147,-6.26536,2026-08-28
NGA-11210,geografia,toponimo,Lucio Esparragosilla Grande,"Lucio Esparragosilla Grande (Relieve Litoral / Marítimo) en La Puebla del Río. WGS84: 36.976654, -6.252839.",IECA — Nomenclátor Geográfico de Andalucía (WFS app:Entidad),https://www.ideandalucia.es/wfs-nga/services,alta,Cádiz,La Puebla del Río,36.976654,-6.252839,2026-08-28
NGA-11211,geografia,toponimo,Lucio Grande de la Casa de Vetalengua,"Lucio Grande de la Casa de Vetalengua (Relieve Litoral / Marítimo) en Almonte. WGS84: 36.920741, -6.393467.",IECA — Nomenclátor Geográfico de Andalucía (WFS app:Entidad),https://www.ideandalucia.es/wfs-nga/services,alta,Cádiz,Almonte,36.920741,-6.393467,2026-08-28
NGA-11212,geografia,toponimo,Lucio Largo,"Lucio Largo (Relieve Litoral / Marítimo) en Almonte. WGS84: 36.913615, -6.359016.",IECA — Nomenclátor Geográfico de Andalucía (WFS app:Entidad),https://www.ideandalucia.es/wfs-nga/services,alta,Cádiz,Almonte,36.913615,-6.359016,2026-08-28
NGA-11213,geografia,toponimo,Lucio Pelón,"Lucio Pelón (Relieve Litoral / Marítimo) en Aznalcázar. WGS84: 36.918097, -6.337146.",IECA — Nomenclátor Geográfico de Andalucía (WFS app:Entidad),https://www.ideandalucia.es/wfs-nga/services,alta,Cádiz,Aznalcázar,36.918097,-6.337146,2026-08-28
NGA-11214,geografia,toponimo,Lucio Real,"Lucio Real (Relieve Litoral / Marítimo) en La Puebla del Río. WGS84: 36.972602, -6.274517.",IECA — Nomenclátor Geográfico de Andalucía (WFS app:Entidad),https://www.ideandalucia.es/wfs-nga/services,alta,Cádiz,La Puebla del Río,36.972602,-6.274517,2026-08-28
NGA-11215,geografia,toponimo,Lucio Redondo,"Lucio Redondo (Relieve Litoral / Marítimo) en Almonte. WGS84: 36.895139, -6.374956.",IECA — Nomenclátor Geográfico de Andalucía (WFS app:Entidad),https://www.ideandalucia.es/wfs-nga/services,alta,Cádiz,Almonte,36.895139,-6.374956,2026-08-28
NGA-11216,geografia,toponimo,Lucio Redondo,"Lucio Redondo (Relieve Litoral / Marítimo) en Aznalcázar. WGS84: 36.960119, -6.312785.",IECA — Nomenclátor Geográfico de Andalucía (WFS app:Entidad),https://www.ideandalucia.es/wfs-nga/services,alta,Cádiz,Aznalcázar,36.960119,-6.312785,2026-08-28
NGA-11217,geografia,toponimo,Lucio Redondo Chico,"Lucio Redondo Chico (Relieve Litoral / Marítimo) en Aznalcázar. WGS84: 36.954151, -6.311264.",IECA — Nomenclátor Geográfico de Andalucía (WFS app:Entidad),https://www.ideandalucia.es/wfs-nga/services,alta,Cádiz,Aznalcázar,36.954151,-6.311264,2026-08-28
NGA-11218,geografia,toponimo,Lucio de Aguas Rubias,"Lucio de Aguas Rubias (Relieve Litoral / Marítimo) en Almonte. WGS84: 36.926598, -6.40248.",IECA — Nomenclátor Geográfico de Andalucía (WFS app:Entidad),https://www.ideandalucia.es/wfs-nga/services,alta,Cádiz,Almonte,36.926598,-6.40248,2026-08-28
NGA-11219,geografia,toponimo,Lucio de Cúchares,"Lucio de Cúchares (Relieve Litoral / Marítimo) en La Puebla del Río. WGS84: 36.990398, -6.237082.",IECA — Nomenclátor Geográfico de Andalucía (WFS app:Entidad),https://www.ideandalucia.es/wfs-nga/services,alta,Cádiz,La Puebla del Río,36.990398,-6.237082,2026-08-28
NGA-11220,geografia,toponimo,Lucio de Mari López,"Lucio de Mari López (Relieve Litoral / Marítimo) en Aznalcázar. WGS84: 37.020183, -6.336076.",IECA — Nomenclátor Geográfico de Andalucía (WFS app:Entidad),https://www.ideandalucia.es/wfs-nga/services,alta,Cádiz,Aznalcázar,37.020183,-6.336076,2026-08-28
NGA-11221,geografia,toponimo,Lucio de Mari López (Chico),"Lucio de Mari López (Chico) (Relieve Litoral / Marítimo) en Aznalcázar. WGS84: 37.002592, -6.339765.",IECA — Nomenclátor Geográfico de Andalucía (WFS app:Entidad),https://www.ideandalucia.es/wfs-nga/services,alta,Cádiz,Aznalcázar,37.002592,-6.339765,2026-08-28
NGA-11222,geografia,toponimo,Lucio de Sanlúcar,"Lucio de Sanlúcar (Relieve Litoral / Marítimo) en Aznalcázar. WGS84: 36.925877, -6.308298.",IECA — Nomenclátor Geográfico de Andalucía (WFS app:Entidad),https://www.ideandalucia.es/wfs-nga/services,alta,Cádiz,Aznalcázar,36.925877,-6.308298,2026-08-28
NGA-11223,geografia,toponimo,Lucio de Sevilla,"Lucio de Sevilla (Relieve Litoral / Marítimo) en Aznalcázar. WGS84: 36.930953, -6.290607.",IECA — Nomenclátor Geográfico de Andalucía (WFS app:Entidad),https://www.ideandalucia.es/wfs-nga/services,alta,Cádiz,Aznalcázar,36.930953,-6.290607,2026-08-28
NGA-11224,geografia,toponimo,Lucio de Vetalengua,"Lucio de Vetalengua (Relieve Litoral / Marítimo) en Almonte. WGS84: 36.912061, -6.3782.",IECA — Nomenclátor Geográfico de Andalucía (WFS app:Entidad),https://www.ideandalucia.es/wfs-nga/services,alta,Cádiz,Almonte,36.912061,-6.3782,2026-08-28
NGA-11225,geografia,toponimo,Lucio de Vetas Altas,"Lucio de Vetas Altas (Relieve Litoral / Marítimo) en Aznalcázar. WGS84: 36.976164, -6.311607.",IECA — Nomenclátor Geográfico de Andalucía (WFS app:Entidad),https://www.ideandalucia.es/wfs-nga/services,alta,Cádiz,Aznalcázar,36.976164,-6.311607,2026-08-28
NGA-11226,geografia,toponimo,Lucio de la Algaidilla,"Lucio de la Algaidilla (Relieve Litoral / Marítimo) en Almonte. WGS84: 36.955809, -6.436714.",IECA — Nomenclátor Geográfico de Andalucía (WFS app:Entidad),https://www.ideandalucia.es/wfs-nga/services,alta,Cádiz,Almonte,36.955809,-6.436714,2026-08-28
NGA-11227,geografia,toponimo,Lucio de la Piedra,"Lucio de la Piedra (Relieve Litoral / Marítimo) en Almonte. WGS84: 36.896918, -6.373748.",IECA — Nomenclátor Geográfico de Andalucía (WFS app:Entidad),https://www.ideandalucia.es/wfs-nga/services,alta,Cádiz,Almonte,36.896918,-6.373748,2026-08-28
NGA-11228,geografia,toponimo,Lucio de la Piedra,"Lucio de la Piedra (Relieve Litoral / Marítimo) en Aznalcázar. WGS84: 36.965388, -6.337468.",IECA — Nomenclátor Geográfico de Andalucía (WFS app:Entidad),https://www.ideandalucia.es/wfs-nga/services,alta,Cádiz,Aznalcázar,36.965388,-6.337468,2026-08-28
NGA-11229,geografia,toponimo,Lucio de la Rueda,"Lucio de la Rueda (Relieve Litoral / Marítimo) en Aznalcázar. WGS84: 36.950444, -6.315306.",IECA — Nomenclátor Geográfico de Andalucía (WFS app:Entidad),https://www.ideandalucia.es/wfs-nga/services,alta,Cádiz,Aznalcázar,36.950444,-6.315306,2026-08-28
NGA-11230,geografia,toponimo,Lucio de las Gavetas,"Lucio de las Gavetas (Relieve Litoral / Marítimo) en La Puebla del Río. WGS84: 36.979747, -6.235237.",IECA — Nomenclátor Geográfico de Andalucía (WFS app:Entidad),https://www.ideandalucia.es/wfs-nga/services,alta,Cádiz,La Puebla del Río,36.979747,-6.235237,2026-08-28
NGA-11231,geografia,toponimo,Lucio de los Ansares,"Lucio de los Ansares (Relieve Litoral / Marítimo) en Aznalcázar. WGS84: 36.935066, -6.311992.",IECA — Nomenclátor Geográfico de Andalucía (WFS app:Entidad),https://www.ideandalucia.es/wfs-nga/services,alta,Cádiz,Aznalcázar,36.935066,-6.311992,2026-08-28
NGA-11232,geografia,toponimo,Lucio de los Miradores,"Lucio de los Miradores (Relieve Litoral / Marítimo) en La Puebla del Río. WGS84: 36.983871, -6.210935.",IECA — Nomenclátor Geográfico de Andalucía (WFS app:Entidad),https://www.ideandalucia.es/wfs-nga/services,alta,Cádiz,La Puebla del Río,36.983871,-6.210935,2026-08-28
NGA-11233,geografia,toponimo,Lucio de los Ojillos Salados,"Lucio de los Ojillos Salados (Relieve Litoral / Marítimo) en Hinojos. WGS84: 37.01843, -6.382508.",IECA — Nomenclátor Geográfico de Andalucía (WFS app:Entidad),https://www.ideandalucia.es/wfs-nga/services,alta,Cádiz,Hinojos,37.01843,-6.382508,2026-08-28
NGA-11234,geografia,toponimo,Lucio de los Patos Reales,"Lucio de los Patos Reales (Relieve Litoral / Marítimo) en Aznalcázar. WGS84: 36.916984, -6.304298.",IECA — Nomenclátor Geográfico de Andalucía (WFS app:Entidad),https://www.ideandalucia.es/wfs-nga/services,alta,Cádiz,Aznalcázar,36.916984,-6.304298,2026-08-28
NGA-11235,geografia,toponimo,Lucio del Arco,"Lucio del Arco (Relieve Litoral / Marítimo) en Aznalcázar. WGS84: 36.996556, -6.29703.",IECA — Nomenclátor Geográfico de Andalucía (WFS app:Entidad),https://www.ideandalucia.es/wfs-nga/services,alta,Cádiz,Aznalcázar,36.996556,-6.29703,2026-08-28
NGA-11236,geografia,toponimo,Lucio del Caño,"Lucio del Caño (Relieve Litoral / Marítimo) en Almonte. WGS84: 36.900394, -6.381184.",IECA — Nomenclátor Geográfico de Andalucía (WFS app:Entidad),https://www.ideandalucia.es/wfs-nga/services,alta,Cádiz,Almonte,36.900394,-6.381184,2026-08-28
NGA-11237,geografia,toponimo,Lucio del Caño de la Sal,"Lucio del Caño de la Sal (Relieve Litoral / Marítimo) en La Puebla del Río. WGS84: 37.011401, -6.239969.",IECA — Nomenclátor Geográfico de Andalucía (WFS app:Entidad),https://www.ideandalucia.es/wfs-nga/services,alta,Cádiz,La Puebla del Río,37.011401,-6.239969,2026-08-28
NGA-11238,geografia,toponimo,Lucio del Cuquero Chico,"Lucio del Cuquero Chico (Relieve Litoral / Marítimo) en La Puebla del Río. WGS84: 37.00122, -6.241626.",IECA — Nomenclátor Geográfico de Andalucía (WFS app:Entidad),https://www.ideandalucia.es/wfs-nga/services,alta,Cádiz,La Puebla del Río,37.00122,-6.241626,2026-08-28
NGA-11239,geografia,toponimo,Lucio del Huerto,"Lucio del Huerto (Relieve Litoral / Marítimo) en Aznalcázar. WGS84: 36.950984, -6.308353.",IECA — Nomenclátor Geográfico de Andalucía (WFS app:Entidad),https://www.ideandalucia.es/wfs-nga/services,alta,Cádiz,Aznalcázar,36.950984,-6.308353,2026-08-28
NGA-11240,geografia,toponimo,Lucio del Mal Tiempo,"Lucio del Mal Tiempo (Relieve Litoral / Marítimo) en Hinojos. WGS84: 36.951843, -6.369239.",IECA — Nomenclátor Geográfico de Andalucía (WFS app:Entidad),https://www.ideandalucia.es/wfs-nga/services,alta,Cádiz,Hinojos,36.951843,-6.369239,2026-08-28
NGA-11241,geografia,toponimo,Lucio del Matochar,"Lucio del Matochar (Relieve Litoral / Marítimo) en Aznalcázar. WGS84: 36.996996, -6.26201.",IECA — Nomenclátor Geográfico de Andalucía (WFS app:Entidad),https://www.ideandalucia.es/wfs-nga/services,alta,Cádiz,Aznalcázar,36.996996,-6.26201,2026-08-28
NGA-11242,geografia,toponimo,Lucio del Membrillo,"Lucio del Membrillo (Relieve Litoral / Marítimo) en Almonte. WGS84: 36.886647, -6.378746.",IECA — Nomenclátor Geográfico de Andalucía (WFS app:Entidad),https://www.ideandalucia.es/wfs-nga/services,alta,Cádiz,Almonte,36.886647,-6.378746,2026-08-28
NGA-11243,geografia,toponimo,Lucio del Molinillo,"Lucio del Molinillo (Relieve Litoral / Marítimo) en Aznalcázar. WGS84: 36.919377, -6.319402.",IECA — Nomenclátor Geográfico de Andalucía (WFS app:Entidad),https://www.ideandalucia.es/wfs-nga/services,alta,Cádiz,Aznalcázar,36.919377,-6.319402,2026-08-28
NGA-11244,geografia,toponimo,Lucio del Molinillo Chico,"Lucio del Molinillo Chico (Relieve Litoral / Marítimo) en Aznalcázar. WGS84: 36.917054, -6.330511.",IECA — Nomenclátor Geográfico de Andalucía (WFS app:Entidad),https://www.ideandalucia.es/wfs-nga/services,alta,Cádiz,Aznalcázar,36.917054,-6.330511,2026-08-28
NGA-11245,geografia,toponimo,Lucio del Nudo,"Lucio del Nudo (Relieve Litoral / Marítimo) en Aznalcázar. WGS84: 36.991717, -6.32562.",IECA — Nomenclátor Geográfico de Andalucía (WFS app:Entidad),https://www.ideandalucia.es/wfs-nga/services,alta,Cádiz,Aznalcázar,36.991717,-6.32562,2026-08-28
NGA-11246,geografia,toponimo,Lucio del Palacio,"Lucio del Palacio (Relieve Litoral / Marítimo) en Almonte. WGS84: 36.989248, -6.441089.",IECA — Nomenclátor Geográfico de Andalucía (WFS app:Entidad),https://www.ideandalucia.es/wfs-nga/services,alta,Cádiz,Almonte,36.989248,-6.441089,2026-08-28
NGA-11247,geografia,toponimo,Lucio del Rinconcillo,"Lucio del Rinconcillo (Relieve Litoral / Marítimo) en Aznalcázar. WGS84: 36.94532, -6.326813.",IECA — Nomenclátor Geográfico de Andalucía (WFS app:Entidad),https://www.ideandalucia.es/wfs-nga/services,alta,Cádiz,Aznalcázar,36.94532,-6.326813,2026-08-28
NGA-11248,geografia,toponimo,Lucio del Tío Orcha,"Lucio del Tío Orcha (Relieve Litoral / Marítimo) en Aznalcázar. WGS84: 36.942055, -6.272466.",IECA — Nomenclátor Geográfico de Andalucía (WFS app:Entidad),https://www.ideandalucia.es/wfs-nga/services,alta,Cádiz,Aznalcázar,36.942055,-6.272466,2026-08-28
NGA-11258,geografia,toponimo,Madre de las Marismas del Rocío,"Madre de las Marismas del Rocío (Curso Fluvial) en Almonte. WGS84: 36.946254, -6.387866.",IECA — Nomenclátor Geográfico de Andalucía (WFS app:Entidad),https://www.ideandalucia.es/wfs-nga/services,alta,Cádiz,Almonte,36.946254,-6.387866,2026-08-28
NGA-11353,geografia,toponimo,Manantial,"Manantial (Curso Fluvial) en Algodonales. WGS84: 36.934476, -5.408908.",IECA — Nomenclátor Geográfico de Andalucía (WFS app:Entidad),https://www.ideandalucia.es/wfs-nga/services,alta,Cádiz,Algodonales,36.934476,-5.408908,2026-08-28
NGA-11354,geografia,toponimo,Manantial Pozo Lobo,"Manantial Pozo Lobo (Curso Fluvial) en Olvera. WGS84: 36.977524, -5.280048.",IECA — Nomenclátor Geográfico de Andalucía (WFS app:Entidad),https://www.ideandalucia.es/wfs-nga/services,alta,Cádiz,Olvera,36.977524,-5.280048,2026-08-28
NGA-11357,geografia,toponimo,Manantial del Junco,"Manantial del Junco (Curso Fluvial) en Olvera. WGS84: 36.937537, -5.276484.",IECA — Nomenclátor Geográfico de Andalucía (WFS app:Entidad),https://www.ideandalucia.es/wfs-nga/services,alta,Cádiz,Olvera,36.937537,-5.276484,2026-08-28
NGA-11366,geografia,toponimo,Mancomunidad de Municipios Bajo Guadalquivir,"Mancomunidad de Municipios Bajo Guadalquivir (Servicio/Equipamiento) en Lebrija. WGS84: 36.934398, -6.064967.",IECA — Nomenclátor Geográfico de Andalucía (WFS app:Entidad),https://www.ideandalucia.es/wfs-nga/services,alta,Cádiz,Lebrija,36.934398,-6.064967,2026-08-28
NGA-11394,geografia,toponimo,Marisma,"Marisma (Relieve Litoral / Marítimo) en El Puerto de Santa María. WGS84: 36.65367, -6.20912.",IECA — Nomenclátor Geográfico de Andalucía (WFS app:Entidad),https://www.ideandalucia.es/wfs-nga/services,alta,Cádiz,El Puerto de Santa María,36.65367,-6.20912,2026-08-28
NGA-11395,geografia,toponimo,Marisma San Carlos,"Marisma San Carlos (Relieve Litoral / Marítimo) en Sanlúcar de Barrameda. WGS84: 36.837714, -6.352009.",IECA — Nomenclátor Geográfico de Andalucía (WFS app:Entidad),https://www.ideandalucia.es/wfs-nga/services,alta,Cádiz,Sanlúcar de Barrameda,36.837714,-6.352009,2026-08-28
NGA-11396,geografia,toponimo,Marisma Santa Teresa,"Marisma Santa Teresa (Relieve Litoral / Marítimo) en Sanlúcar de Barrameda. WGS84: 36.846548, -6.351187.",IECA — Nomenclátor Geográfico de Andalucía (WFS app:Entidad),https://www.ideandalucia.es/wfs-nga/services,alta,Cádiz,Sanlúcar de Barrameda,36.846548,-6.351187,2026-08-28
NGA-11397,geografia,toponimo,Marisma de Algodonal,"Marisma de Algodonal (Relieve Litoral / Marítimo) en Las Cabezas de San Juan. WGS84: 36.946442, -5.945862.",IECA — Nomenclátor Geográfico de Andalucía (WFS app:Entidad),https://www.ideandalucia.es/wfs-nga/services,alta,Cádiz,Las Cabezas de San Juan,36.946442,-5.945862,2026-08-28
NGA-11398,geografia,toponimo,Marisma de Cabeza Alcaide,"Marisma de Cabeza Alcaide (Relieve Litoral / Marítimo) en Sanlúcar de Barrameda. WGS84: 36.802739, -6.262042.",IECA — Nomenclátor Geográfico de Andalucía (WFS app:Entidad),https://www.ideandalucia.es/wfs-nga/services,alta,Cádiz,Sanlúcar de Barrameda,36.802739,-6.262042,2026-08-28
NGA-11399,geografia,toponimo,Marisma de Cetina,"Marisma de Cetina (Relieve Litoral / Marítimo) en Puerto Real. WGS84: 36.572125, -6.16355.",IECA — Nomenclátor Geográfico de Andalucía (WFS app:Entidad),https://www.ideandalucia.es/wfs-nga/services,alta,Cádiz,Puerto Real,36.572125,-6.16355,2026-08-28
NGA-11400,geografia,toponimo,Marisma de Corredero,"Marisma de Corredero (Relieve Litoral / Marítimo) en Trebujena. WGS84: 36.86104, -6.21327.",IECA — Nomenclátor Geográfico de Andalucía (WFS app:Entidad),https://www.ideandalucia.es/wfs-nga/services,alta,Cádiz,Trebujena,36.86104,-6.21327,2026-08-28
NGA-11401,geografia,toponimo,Marisma de Dehesilla,"Marisma de Dehesilla (Relieve Litoral / Marítimo) en Sanlúcar de Barrameda. WGS84: 36.835478, -6.338914.",IECA — Nomenclátor Geográfico de Andalucía (WFS app:Entidad),https://www.ideandalucia.es/wfs-nga/services,alta,Cádiz,Sanlúcar de Barrameda,36.835478,-6.338914,2026-08-28
NGA-11402,geografia,toponimo,Marisma de Gabela Honda,"Marisma de Gabela Honda (Relieve Litoral / Marítimo) en Trebujena. WGS84: 36.87974, -6.255808.",IECA — Nomenclátor Geográfico de Andalucía (WFS app:Entidad),https://www.ideandalucia.es/wfs-nga/services,alta,Cádiz,Trebujena,36.87974,-6.255808,2026-08-28
NGA-11403,geografia,toponimo,Marisma de Hinojos,"Marisma de Hinojos (Relieve Litoral / Marítimo) en Hinojos. WGS84: 37.005573, -6.372488.",IECA — Nomenclátor Geográfico de Andalucía (WFS app:Entidad),https://www.ideandalucia.es/wfs-nga/services,alta,Cádiz,Hinojos,37.005573,-6.372488,2026-08-28
NGA-11404,geografia,toponimo,Marisma de Majada Vieja,"Marisma de Majada Vieja (Relieve Litoral / Marítimo) en Sanlúcar de Barrameda. WGS84: 36.848127, -6.217657.",IECA — Nomenclátor Geográfico de Andalucía (WFS app:Entidad),https://www.ideandalucia.es/wfs-nga/services,alta,Cádiz,Sanlúcar de Barrameda,36.848127,-6.217657,2026-08-28
NGA-11405,geografia,toponimo,Marisma de Monteagudo,"Marisma de Monteagudo (Relieve Litoral / Marítimo) en Sanlúcar de Barrameda. WGS84: 36.8406, -6.259895.",IECA — Nomenclátor Geográfico de Andalucía (WFS app:Entidad),https://www.ideandalucia.es/wfs-nga/services,alta,Cádiz,Sanlúcar de Barrameda,36.8406,-6.259895,2026-08-28
NGA-11406,geografia,toponimo,Marisma de Rajaldabas,"Marisma de Rajaldabas (Relieve Litoral / Marítimo) en Jerez de la Frontera. WGS84: 36.822886, -6.207089.",IECA — Nomenclátor Geográfico de Andalucía (WFS app:Entidad),https://www.ideandalucia.es/wfs-nga/services,alta,Cádiz,Jerez de la Frontera,36.822886,-6.207089,2026-08-28
NGA-11407,geografia,toponimo,Marisma de Tabajete,"Marisma de Tabajete (Obra Hidráulica) en Jerez de la Frontera. WGS84: 36.760485, -6.183081.",IECA — Nomenclátor Geográfico de Andalucía (WFS app:Entidad),https://www.ideandalucia.es/wfs-nga/services,alta,Cádiz,Jerez de la Frontera,36.760485,-6.183081,2026-08-28
NGA-11408,geografia,toponimo,Marisma de Ventosilla,"Marisma de Ventosilla (Relieve Litoral / Marítimo) en Sanlúcar de Barrameda. WGS84: 36.784845, -6.283331.",IECA — Nomenclátor Geográfico de Andalucía (WFS app:Entidad),https://www.ideandalucia.es/wfs-nga/services,alta,Cádiz,Sanlúcar de Barrameda,36.784845,-6.283331,2026-08-28
NGA-11409,geografia,toponimo,Marisma de la Almajosa,"Marisma de la Almajosa (Relieve Litoral / Marítimo) en Trebujena. WGS84: 36.851818, -6.266516.",IECA — Nomenclátor Geográfico de Andalucía (WFS app:Entidad),https://www.ideandalucia.es/wfs-nga/services,alta,Cádiz,Trebujena,36.851818,-6.266516,2026-08-28
NGA-11410,geografia,toponimo,Marisma de la Rijertilla,"Marisma de la Rijertilla (Relieve Litoral / Marítimo) en Sanlúcar de Barrameda. WGS84: 36.765366, -6.293347.",IECA — Nomenclátor Geográfico de Andalucía (WFS app:Entidad),https://www.ideandalucia.es/wfs-nga/services,alta,Cádiz,Sanlúcar de Barrameda,36.765366,-6.293347,2026-08-28
NGA-11411,geografia,toponimo,Marisma de las Aletas,"Marisma de las Aletas (Relieve Litoral / Marítimo) en Puerto Real. WGS84: 36.553855, -6.185481.",IECA — Nomenclátor Geográfico de Andalucía (WFS app:Entidad),https://www.ideandalucia.es/wfs-nga/services,alta,Cádiz,Puerto Real,36.553855,-6.185481,2026-08-28
NGA-11412,geografia,toponimo,Marisma de las Conejeras,"Marisma de las Conejeras (Obra Hidráulica) en Jerez de la Frontera. WGS84: 36.79859, -6.146348.",IECA — Nomenclátor Geográfico de Andalucía (WFS app:Entidad),https://www.ideandalucia.es/wfs-nga/services,alta,Cádiz,Jerez de la Frontera,36.79859,-6.146348,2026-08-28
NGA-11413,geografia,toponimo,Marisma de las Mesas,"Marisma de las Mesas (Obra Hidráulica) en Jerez de la Frontera. WGS84: 36.792311, -6.14954.",IECA — Nomenclátor Geográfico de Andalucía (WFS app:Entidad),https://www.ideandalucia.es/wfs-nga/services,alta,Cádiz,Jerez de la Frontera,36.792311,-6.14954,2026-08-28
NGA-11414,geografia,toponimo,Marisma de los Potros,"Marisma de los Potros (Relieve Litoral / Marítimo) en Trebujena. WGS84: 36.838078, -6.203163.",IECA — Nomenclátor Geográfico de Andalucía (WFS app:Entidad),https://www.ideandalucia.es/wfs-nga/services,alta,Cádiz,Trebujena,36.838078,-6.203163,2026-08-28
NGA-11415,geografia,toponimo,Marisma de los Prados,"Marisma de los Prados (Relieve Litoral / Marítimo) en Sanlúcar de Barrameda. WGS84: 36.822863, -6.290705.",IECA — Nomenclátor Geográfico de Andalucía (WFS app:Entidad),https://www.ideandalucia.es/wfs-nga/services,alta,Cádiz,Sanlúcar de Barrameda,36.822863,-6.290705,2026-08-28
NGA-11416,geografia,toponimo,Marisma del Bujón,"Marisma del Bujón (Obra Hidráulica) en Jerez de la Frontera. WGS84: 36.816529, -6.138935.",IECA — Nomenclátor Geográfico de Andalucía (WFS app:Entidad),https://www.ideandalucia.es/wfs-nga/services,alta,Cádiz,Jerez de la Frontera,36.816529,-6.138935,2026-08-28
NGA-11417,geografia,toponimo,Marisma del Chapatal,"Marisma del Chapatal (Relieve Litoral / Marítimo) en Trebujena. WGS84: 36.860255, -6.262737.",IECA — Nomenclátor Geográfico de Andalucía (WFS app:Entidad),https://www.ideandalucia.es/wfs-nga/services,alta,Cádiz,Trebujena,36.860255,-6.262737,2026-08-28
NGA-11418,geografia,toponimo,Marisma del Conejo,"Marisma del Conejo (Relieve Litoral / Marítimo) en Trebujena. WGS84: 36.859477, -6.228115.",IECA — Nomenclátor Geográfico de Andalucía (WFS app:Entidad),https://www.ideandalucia.es/wfs-nga/services,alta,Cádiz,Trebujena,36.859477,-6.228115,2026-08-28
NGA-11419,geografia,toponimo,Marisma del Vento,"Marisma del Vento (Relieve Litoral / Marítimo) en Sanlúcar de Barrameda. WGS84: 36.85154, -6.341234.",IECA — Nomenclátor Geográfico de Andalucía (WFS app:Entidad),https://www.ideandalucia.es/wfs-nga/services,alta,Cádiz,Sanlúcar de Barrameda,36.85154,-6.341234,2026-08-28
NGA-11420,geografia,toponimo,Marismas de Barbate,"Marismas de Barbate (Relieve Litoral / Marítimo) en Barbate. WGS84: 36.209945, -5.902185.",IECA — Nomenclátor Geográfico de Andalucía (WFS app:Entidad),https://www.ideandalucia.es/wfs-nga/services,alta,Cádiz,Barbate,36.209945,-5.902185,2026-08-28
NGA-11421,geografia,toponimo,Marismas de Gilete,"Marismas de Gilete (Relieve Litoral / Marítimo) en Las Cabezas de San Juan. WGS84: 36.946448, -5.962525.",IECA — Nomenclátor Geográfico de Andalucía (WFS app:Entidad),https://www.ideandalucia.es/wfs-nga/services,alta,Cádiz,Las Cabezas de San Juan,36.946448,-5.962525,2026-08-28
NGA-11422,geografia,toponimo,Marismas de Hornillo,"Marismas de Hornillo (Relieve Litoral / Marítimo) en Lebrija. WGS84: 36.962729, -6.007196.",IECA — Nomenclátor Geográfico de Andalucía (WFS app:Entidad),https://www.ideandalucia.es/wfs-nga/services,alta,Cádiz,Lebrija,36.962729,-6.007196,2026-08-28
NGA-11423,geografia,toponimo,Marismas de Valdeojo,"Marismas de Valdeojo (Relieve Litoral / Marítimo) en Lebrija. WGS84: 36.9461, -6.006882.",IECA — Nomenclátor Geográfico de Andalucía (WFS app:Entidad),https://www.ideandalucia.es/wfs-nga/services,alta,Cádiz,Lebrija,36.9461,-6.006882,2026-08-28
NGA-11424,geografia,toponimo,Marismas de la Tapa,"Marismas de la Tapa (Relieve Litoral / Marítimo) en El Puerto de Santa María. WGS84: 36.588781, -6.156668.",IECA — Nomenclátor Geográfico de Andalucía (WFS app:Entidad),https://www.ideandalucia.es/wfs-nga/services,alta,Cádiz,El Puerto de Santa María,36.588781,-6.156668,2026-08-28
NGA-11425,geografia,toponimo,Marismas del Bajo Guadalquivir,"Marismas del Bajo Guadalquivir (Relieve Litoral / Marítimo) en Lebrija. WGS84: 36.984272, -6.159933.",IECA — Nomenclátor Geográfico de Andalucía (WFS app:Entidad),https://www.ideandalucia.es/wfs-nga/services,alta,Cádiz,Lebrija,36.984272,-6.159933,2026-08-28
NGA-11426,geografia,toponimo,Marismilla,"Marismilla (Relieve Litoral / Marítimo) en Las Cabezas de San Juan. WGS84: 36.989925, -6.008475.",IECA — Nomenclátor Geográfico de Andalucía (WFS app:Entidad),https://www.ideandalucia.es/wfs-nga/services,alta,Cádiz,Las Cabezas de San Juan,36.989925,-6.008475,2026-08-28
NGA-11427,geografia,toponimo,Marismillas,"Marismillas (Relieve Litoral / Marítimo) en Las Cabezas de San Juan. WGS84: 37.015358, -6.016819.",IECA — Nomenclátor Geográfico de Andalucía (WFS app:Entidad),https://www.ideandalucia.es/wfs-nga/services,alta,Cádiz,Las Cabezas de San Juan,37.015358,-6.016819,2026-08-28
NGA-11519,geografia,toponimo,Mogueranos,"Mogueranos (Relieve Litoral / Marítimo) en San Fernando. WGS84: 36.384039, -6.217797.",IECA — Nomenclátor Geográfico de Andalucía (WFS app:Entidad),https://www.ideandalucia.es/wfs-nga/services,alta,Cádiz,San Fernando,36.384039,-6.217797,2026-08-28
NGA-11574,geografia,toponimo,Molino de Cartuja,"Molino de Cartuja (Servicio/Equipamiento) en Jerez de la Frontera. WGS84: 36.650919, -6.083529.",IECA — Nomenclátor Geográfico de Andalucía (WFS app:Entidad),https://www.ideandalucia.es/wfs-nga/services,alta,Cádiz,Jerez de la Frontera,36.650919,-6.083529,2026-08-28
NGA-11626,geografia,toponimo,Monasterio de la Cartuja,"Monasterio de la Cartuja (Servicio/Equipamiento) en Jerez de la Frontera. WGS84: 36.653886, -6.092125.",IECA — Nomenclátor Geográfico de Andalucía (WFS app:Entidad),https://www.ideandalucia.es/wfs-nga/services,alta,Cádiz,Jerez de la Frontera,36.653886,-6.092125,2026-08-28
NGA-11627,geografia,toponimo,Monasterio de los Capuchinos Pobres,"Monasterio de los Capuchinos Pobres (Servicio/Equipamiento) en San Fernando. WGS84: 36.468245, -6.198096.",IECA — Nomenclátor Geográfico de Andalucía (WFS app:Entidad),https://www.ideandalucia.es/wfs-nga/services,alta,Cádiz,San Fernando,36.468245,-6.198096,2026-08-28
NGA-11664,geografia,toponimo,Monte las Viñas,"Monte las Viñas (Servicio/Equipamiento) en Benaoján. WGS84: 36.718812, -5.23806.",IECA — Nomenclátor Geográfico de Andalucía (WFS app:Entidad),https://www.ideandalucia.es/wfs-nga/services,alta,Cádiz,Benaoján,36.718812,-5.23806,2026-08-28
NGA-11780,geografia,toponimo,Nuestra Señora de la O,"Nuestra Señora de la O (Masa de Agua) en Puerto Real. WGS84: 36.473658, -6.179958.",IECA — Nomenclátor Geográfico de Andalucía (WFS app:Entidad),https://www.ideandalucia.es/wfs-nga/services,alta,Cádiz,Puerto Real,36.473658,-6.179958,2026-08-28
NGA-11796,geografia,toponimo,Océano Atlántico,"Océano Atlántico (Masa de Agua) en Rota. WGS84: 36.644432, -6.416001.",IECA — Nomenclátor Geográfico de Andalucía (WFS app:Entidad),https://www.ideandalucia.es/wfs-nga/services,alta,Cádiz,Rota,36.644432,-6.416001,2026-08-28
NGA-11815,geografia,toponimo,Pabellón Polideportivo 28 de Febrero,"Pabellón Polideportivo 28 de Febrero (Servicio/Equipamiento) en Setenil de las Bodegas. WGS84: 36.86236, -5.169141.",IECA — Nomenclátor Geográfico de Andalucía (WFS app:Entidad),https://www.ideandalucia.es/wfs-nga/services,alta,Cádiz,Setenil de las Bodegas,36.86236,-5.169141,2026-08-28
NGA-11971,geografia,toponimo,Parking de Autocaravanas,"Parking de Autocaravanas (Servicio/Equipamiento) en Jimera de Líbar. WGS84: 36.658126, -5.280763.",IECA — Nomenclátor Geográfico de Andalucía (WFS app:Entidad),https://www.ideandalucia.es/wfs-nga/services,alta,Cádiz,Jimera de Líbar,36.658126,-5.280763,2026-08-28
NGA-11975,geografia,toponimo,Parque Alemán,"Parque Alemán (Servicio/Equipamiento) en Algeciras. WGS84: 36.135986, -5.457591.",IECA — Nomenclátor Geográfico de Andalucía (WFS app:Entidad),https://www.ideandalucia.es/wfs-nga/services,alta,Cádiz,Algeciras,36.135986,-5.457591,2026-08-28
NGA-11979,geografia,toponimo,Parque Ciudad Deportiva,"Parque Ciudad Deportiva (Servicio/Equipamiento) en La Línea de la Concepción. WGS84: 36.157837, -5.341749.",IECA — Nomenclátor Geográfico de Andalucía (WFS app:Entidad),https://www.ideandalucia.es/wfs-nga/services,alta,Cádiz,La Línea de la Concepción,36.157837,-5.341749,2026-08-28
NGA-11980,geografia,toponimo,Parque Comercial Luz Shopping,"Parque Comercial Luz Shopping (Servicio/Equipamiento) en Jerez de la Frontera. WGS84: 36.692547, -6.157184.",IECA — Nomenclátor Geográfico de Andalucía (WFS app:Entidad),https://www.ideandalucia.es/wfs-nga/services,alta,Cádiz,Jerez de la Frontera,36.692547,-6.157184,2026-08-28
NGA-11985,geografia,toponimo,Parque González Hontoria,"Parque González Hontoria (Servicio/Equipamiento) en Jerez de la Frontera. WGS84: 36.695529, -6.126143.",IECA — Nomenclátor Geográfico de Andalucía (WFS app:Entidad),https://www.ideandalucia.es/wfs-nga/services,alta,Cádiz,Jerez de la Frontera,36.695529,-6.126143,2026-08-28
NGA-11988,geografia,toponimo,Parque Municipal Reina Sofía,"Parque Municipal Reina Sofía (Servicio/Equipamiento) en La Línea de la Concepción. WGS84: 36.157917, -5.346854.",IECA — Nomenclátor Geográfico de Andalucía (WFS app:Entidad),https://www.ideandalucia.es/wfs-nga/services,alta,Cádiz,La Línea de la Concepción,36.157917,-5.346854,2026-08-28
NGA-11989,geografia,toponimo,Parque Santa Ana,"Parque Santa Ana (Servicio/Equipamiento) en Chiclana de la Frontera. WGS84: 36.416936, -6.153243.",IECA — Nomenclátor Geográfico de Andalucía (WFS app:Entidad),https://www.ideandalucia.es/wfs-nga/services,alta,Cádiz,Chiclana de la Frontera,36.416936,-6.153243,2026-08-28
NGA-11992,geografia,toponimo,Parque Zoológico,"Parque Zoológico (Servicio/Equipamiento) en Jerez de la Frontera. WGS84: 36.690317, -6.149876.",IECA — Nomenclátor Geográfico de Andalucía (WFS app:Entidad),https://www.ideandalucia.es/wfs-nga/services,alta,Cádiz,Jerez de la Frontera,36.690317,-6.149876,2026-08-28
NGA-11993,geografia,toponimo,Parque de María Cristina,"Parque de María Cristina (Servicio/Equipamiento) en Algeciras. WGS84: 36.135107, -5.449567.",IECA — Nomenclátor Geográfico de Andalucía (WFS app:Entidad),https://www.ideandalucia.es/wfs-nga/services,alta,Cádiz,Algeciras,36.135107,-5.449567,2026-08-28
NGA-11994,geografia,toponimo,Parque de San Bernardo,"Parque de San Bernardo (Servicio/Equipamiento) en Lebrija. WGS84: 36.936274, -6.062816.",IECA — Nomenclátor Geográfico de Andalucía (WFS app:Entidad),https://www.ideandalucia.es/wfs-nga/services,alta,Cádiz,Lebrija,36.936274,-6.062816,2026-08-28
NGA-11998,geografia,toponimo,Parroquia de Nazaret,"Parroquia de Nazaret (Servicio/Equipamiento) en Lebrija. WGS84: 36.922006, -6.084726.",IECA — Nomenclátor Geográfico de Andalucía (WFS app:Entidad),https://www.ideandalucia.es/wfs-nga/services,alta,Cádiz,Lebrija,36.922006,-6.084726,2026-08-28
NGA-11999,geografia,toponimo,Parroquia de Nuestra Señora del Carmen,"Parroquia de Nuestra Señora del Carmen (Servicio/Equipamiento) en Barbate. WGS84: 36.135896, -5.84614.",IECA — Nomenclátor Geográfico de Andalucía (WFS app:Entidad),https://www.ideandalucia.es/wfs-nga/services,alta,Cádiz,Barbate,36.135896,-5.84614,2026-08-28
NGA-12038,geografia,toponimo,Pastorita,"Pastorita (Masa de Agua) en Chiclana de la Frontera. WGS84: 36.435053, -6.178796.",IECA — Nomenclátor Geográfico de Andalucía (WFS app:Entidad),https://www.ideandalucia.es/wfs-nga/services,alta,Cádiz,Chiclana de la Frontera,36.435053,-6.178796,2026-08-28
NGA-12053,geografia,toponimo,Patrocinio,"Patrocinio (Masa de Agua) en Puerto Real. WGS84: 36.505695, -6.171055.",IECA — Nomenclátor Geográfico de Andalucía (WFS app:Entidad),https://www.ideandalucia.es/wfs-nga/services,alta,Cádiz,Puerto Real,36.505695,-6.171055,2026-08-28
NGA-12054,geografia,toponimo,Patronato Militar Virgen de la Paz,"Patronato Militar Virgen de la Paz (Servicio/Equipamiento) en Ronda. WGS84: 36.755201, -5.134911.",IECA — Nomenclátor Geográfico de Andalucía (WFS app:Entidad),https://www.ideandalucia.es/wfs-nga/services,alta,Cádiz,Ronda,36.755201,-5.134911,2026-08-28
NGA-12126,geografia,toponimo,Pico de Barro,"Pico de Barro (Relieve Litoral / Marítimo) en Rota. WGS84: 36.624368, -6.350807.",IECA — Nomenclátor Geográfico de Andalucía (WFS app:Entidad),https://www.ideandalucia.es/wfs-nga/services,alta,Cádiz,Rota,36.624368,-6.350807,2026-08-28
NGA-12132,geografia,toponimo,Piedra Aislada,"Piedra Aislada (Relieve Litoral / Marítimo) en Barbate. WGS84: 36.176389, -5.975641.",IECA — Nomenclátor Geográfico de Andalucía (WFS app:Entidad),https://www.ideandalucia.es/wfs-nga/services,alta,Cádiz,Barbate,36.176389,-5.975641,2026-08-28
NGA-12137,geografia,toponimo,Piedra Paloma,"Piedra Paloma (Relieve Litoral / Marítimo) en Barbate. WGS84: 36.176017, -5.981009.",IECA — Nomenclátor Geográfico de Andalucía (WFS app:Entidad),https://www.ideandalucia.es/wfs-nga/services,alta,Cádiz,Barbate,36.176017,-5.981009,2026-08-28
NGA-12201,geografia,toponimo,Playa Beach,"Playa Beach (Relieve Litoral / Marítimo) en Estepona. WGS84: 36.416857, -5.152282.",IECA — Nomenclátor Geográfico de Andalucía (WFS app:Entidad),https://www.ideandalucia.es/wfs-nga/services,alta,Cádiz,Estepona,36.416857,-5.152282,2026-08-28
NGA-12202,geografia,toponimo,Playa Cala Sardina,"Playa Cala Sardina (Relieve Litoral / Marítimo) en San Roque. WGS84: 36.306959, -5.258894.",IECA — Nomenclátor Geográfico de Andalucía (WFS app:Entidad),https://www.ideandalucia.es/wfs-nga/services,alta,Cádiz,San Roque,36.306959,-5.258894,2026-08-28
NGA-12203,geografia,toponimo,Playa Chica,"Playa Chica (Relieve Litoral / Marítimo) en Casares. WGS84: 36.376613, -5.218175.",IECA — Nomenclátor Geográfico de Andalucía (WFS app:Entidad),https://www.ideandalucia.es/wfs-nga/services,alta,Cádiz,Casares,36.376613,-5.218175,2026-08-28
NGA-12204,geografia,toponimo,Playa Cruz del Mar,"Playa Cruz del Mar (Relieve Litoral / Marítimo) en Chipiona. WGS84: 36.742755, -6.435096.",IECA — Nomenclátor Geográfico de Andalucía (WFS app:Entidad),https://www.ideandalucia.es/wfs-nga/services,alta,Cádiz,Chipiona,36.742755,-6.435096,2026-08-28
NGA-12205,geografia,toponimo,Playa Levante,"Playa Levante (Relieve Litoral / Marítimo) en La Línea de la Concepción. WGS84: 36.156761, -5.337945.",IECA — Nomenclátor Geográfico de Andalucía (WFS app:Entidad),https://www.ideandalucia.es/wfs-nga/services,alta,Cádiz,La Línea de la Concepción,36.156761,-5.337945,2026-08-28
NGA-12206,geografia,toponimo,Playa Villa de Guadalupe,"Playa Villa de Guadalupe (Relieve Litoral / Marítimo) en Barbate. WGS84: 36.183623, -6.013871.",IECA — Nomenclátor Geográfico de Andalucía (WFS app:Entidad),https://www.ideandalucia.es/wfs-nga/services,alta,Cádiz,Barbate,36.183623,-6.013871,2026-08-28
NGA-12207,geografia,toponimo,Playa de Aguadulce,"Playa de Aguadulce (Relieve Litoral / Marítimo) en Rota. WGS84: 36.67514, -6.412633.",IECA — Nomenclátor Geográfico de Andalucía (WFS app:Entidad),https://www.ideandalucia.es/wfs-nga/services,alta,Cádiz,Rota,36.67514,-6.412633,2026-08-28
NGA-12208,geografia,toponimo,Playa de Atlanterra,"Playa de Atlanterra (Relieve Litoral / Marítimo) en Tarifa. WGS84: 36.111269, -5.831868.",IECA — Nomenclátor Geográfico de Andalucía (WFS app:Entidad),https://www.ideandalucia.es/wfs-nga/services,alta,Cádiz,Tarifa,36.111269,-5.831868,2026-08-28
NGA-12209,geografia,toponimo,Playa de Bajo Guía,"Playa de Bajo Guía (Relieve Litoral / Marítimo) en Sanlúcar de Barrameda. WGS84: 36.792114, -6.345011.",IECA — Nomenclátor Geográfico de Andalucía (WFS app:Entidad),https://www.ideandalucia.es/wfs-nga/services,alta,Cádiz,Sanlúcar de Barrameda,36.792114,-6.345011,2026-08-28
NGA-12210,geografia,toponimo,Playa de Bolonia,"Playa de Bolonia (Relieve Litoral / Marítimo) en Tarifa. WGS84: 36.086967, -5.781871.",IECA — Nomenclátor Geográfico de Andalucía (WFS app:Entidad),https://www.ideandalucia.es/wfs-nga/services,alta,Cádiz,Tarifa,36.086967,-5.781871,2026-08-28
NGA-12211,geografia,toponimo,Playa de Castillejo,"Playa de Castillejo (Relieve Litoral / Marítimo) en Barbate. WGS84: 36.181719, -6.005831.",IECA — Nomenclátor Geográfico de Andalucía (WFS app:Entidad),https://www.ideandalucia.es/wfs-nga/services,alta,Cádiz,Barbate,36.181719,-6.005831,2026-08-28
NGA-12212,geografia,toponimo,Playa de Castilobo,"Playa de Castilobo (Relieve Litoral / Marítimo) en Conil de la Frontera. WGS84: 36.26451, -6.089162.",IECA — Nomenclátor Geográfico de Andalucía (WFS app:Entidad),https://www.ideandalucia.es/wfs-nga/services,alta,Cádiz,Conil de la Frontera,36.26451,-6.089162,2026-08-28
NGA-12213,geografia,toponimo,Playa de Fuente del Gallo,"Playa de Fuente del Gallo (Relieve Litoral / Marítimo) en Conil de la Frontera. WGS84: 36.29089, -6.11148.",IECA — Nomenclátor Geográfico de Andalucía (WFS app:Entidad),https://www.ideandalucia.es/wfs-nga/services,alta,Cádiz,Conil de la Frontera,36.29089,-6.11148,2026-08-28
NGA-12214,geografia,toponimo,Playa de Fuentebravía,"Playa de Fuentebravía (Relieve Litoral / Marítimo) en El Puerto de Santa María. WGS84: 36.612723, -6.293158.",IECA — Nomenclátor Geográfico de Andalucía (WFS app:Entidad),https://www.ideandalucia.es/wfs-nga/services,alta,Cádiz,El Puerto de Santa María,36.612723,-6.293158,2026-08-28
NGA-12215,geografia,toponimo,Playa de Levante,"Playa de Levante (Relieve Litoral / Marítimo) en El Puerto de Santa María. WGS84: 36.547099, -6.228442.",IECA — Nomenclátor Geográfico de Andalucía (WFS app:Entidad),https://www.ideandalucia.es/wfs-nga/services,alta,Cádiz,El Puerto de Santa María,36.547099,-6.228442,2026-08-28
NGA-12216,geografia,toponimo,Playa de Malandar,"Playa de Malandar (Relieve Litoral / Marítimo) en Almonte. WGS84: 36.804619, -6.392768.",IECA — Nomenclátor Geográfico de Andalucía (WFS app:Entidad),https://www.ideandalucia.es/wfs-nga/services,alta,Cádiz,Almonte,36.804619,-6.392768,2026-08-28
NGA-12217,geografia,toponimo,Playa de Marcelo,"Playa de Marcelo (Relieve Litoral / Marítimo) en Cádiz. WGS84: 36.446329, -6.246356.",IECA — Nomenclátor Geográfico de Andalucía (WFS app:Entidad),https://www.ideandalucia.es/wfs-nga/services,alta,Cádiz,Cádiz,36.446329,-6.246356,2026-08-28
NGA-12218,geografia,toponimo,Playa de Mari Sucia,"Playa de Mari Sucia (Relieve Litoral / Marítimo) en Barbate. WGS84: 36.182702, -6.02913.",IECA — Nomenclátor Geográfico de Andalucía (WFS app:Entidad),https://www.ideandalucia.es/wfs-nga/services,alta,Cádiz,Barbate,36.182702,-6.02913,2026-08-28
NGA-12219,geografia,toponimo,Playa de Nuestra Señora del Carmen,"Playa de Nuestra Señora del Carmen (Relieve Litoral / Marítimo) en Barbate. WGS84: 36.18442, -5.924063.",IECA — Nomenclátor Geográfico de Andalucía (WFS app:Entidad),https://www.ideandalucia.es/wfs-nga/services,alta,Cádiz,Barbate,36.18442,-5.924063,2026-08-28
NGA-12220,geografia,toponimo,Playa de Peginas,"Playa de Peginas (Relieve Litoral / Marítimo) en Rota. WGS84: 36.662957, -6.407272.",IECA — Nomenclátor Geográfico de Andalucía (WFS app:Entidad),https://www.ideandalucia.es/wfs-nga/services,alta,Cádiz,Rota,36.662957,-6.407272,2026-08-28
NGA-12221,geografia,toponimo,Playa de Piedras Gordas,"Playa de Piedras Gordas (Relieve Litoral / Marítimo) en Rota. WGS84: 36.632621, -6.39465.",IECA — Nomenclátor Geográfico de Andalucía (WFS app:Entidad),https://www.ideandalucia.es/wfs-nga/services,alta,Cádiz,Rota,36.632621,-6.39465,2026-08-28
NGA-12222,geografia,toponimo,Playa de Regla,"Playa de Regla (Relieve Litoral / Marítimo) en Chipiona. WGS84: 36.735701, -6.4428.",IECA — Nomenclátor Geográfico de Andalucía (WFS app:Entidad),https://www.ideandalucia.es/wfs-nga/services,alta,Cádiz,Chipiona,36.735701,-6.4428,2026-08-28
NGA-12223,geografia,toponimo,Playa de Santa Catalina,"Playa de Santa Catalina (Relieve Litoral / Marítimo) en El Puerto de Santa María. WGS84: 36.60413, -6.282756.",IECA — Nomenclátor Geográfico de Andalucía (WFS app:Entidad),https://www.ideandalucia.es/wfs-nga/services,alta,Cádiz,El Puerto de Santa María,36.60413,-6.282756,2026-08-28
NGA-12224,geografia,toponimo,Playa de Santa María del Mar,"Playa de Santa María del Mar (Relieve Litoral / Marítimo) en Cádiz. WGS84: 36.522106, -6.288923.",IECA — Nomenclátor Geográfico de Andalucía (WFS app:Entidad),https://www.ideandalucia.es/wfs-nga/services,alta,Cádiz,Cádiz,36.522106,-6.288923,2026-08-28
NGA-12225,geografia,toponimo,Playa de Torre Gorda,"Playa de Torre Gorda (Relieve Litoral / Marítimo) en Cádiz. WGS84: 36.465398, -6.258198.",IECA — Nomenclátor Geográfico de Andalucía (WFS app:Entidad),https://www.ideandalucia.es/wfs-nga/services,alta,Cádiz,Cádiz,36.465398,-6.258198,2026-08-28
NGA-12226,geografia,toponimo,Playa de Torreguadiaro,"Playa de Torreguadiaro (Relieve Litoral / Marítimo) en San Roque. WGS84: 36.295677, -5.270093.",IECA — Nomenclátor Geográfico de Andalucía (WFS app:Entidad),https://www.ideandalucia.es/wfs-nga/services,alta,Cádiz,San Roque,36.295677,-5.270093,2026-08-28
NGA-12227,geografia,toponimo,Playa de Tubalito,"Playa de Tubalito (Relieve Litoral / Marítimo) en Manilva. WGS84: 36.313908, -5.245437.",IECA — Nomenclátor Geográfico de Andalucía (WFS app:Entidad),https://www.ideandalucia.es/wfs-nga/services,alta,Cádiz,Manilva,36.313908,-5.245437,2026-08-28
NGA-12228,geografia,toponimo,Playa de Valdelagrana,"Playa de Valdelagrana (Relieve Litoral / Marítimo) en El Puerto de Santa María. WGS84: 36.580221, -6.230551.",IECA — Nomenclátor Geográfico de Andalucía (WFS app:Entidad),https://www.ideandalucia.es/wfs-nga/services,alta,Cádiz,El Puerto de Santa María,36.580221,-6.230551,2026-08-28
NGA-12229,geografia,toponimo,Playa de Valdevaqueros,"Playa de Valdevaqueros (Relieve Litoral / Marítimo) en Tarifa. WGS84: 36.064603, -5.684805.",IECA — Nomenclátor Geográfico de Andalucía (WFS app:Entidad),https://www.ideandalucia.es/wfs-nga/services,alta,Cádiz,Tarifa,36.064603,-5.684805,2026-08-28
NGA-12230,geografia,toponimo,Playa de Zahara,"Playa de Zahara (Relieve Litoral / Marítimo) en Barbate. WGS84: 36.137269, -5.852747.",IECA — Nomenclátor Geográfico de Andalucía (WFS app:Entidad),https://www.ideandalucia.es/wfs-nga/services,alta,Cádiz,Barbate,36.137269,-5.852747,2026-08-28
NGA-12231,geografia,toponimo,Playa de Zahora,"Playa de Zahora (Relieve Litoral / Marítimo) en Barbate. WGS84: 36.197666, -6.047229.",IECA — Nomenclátor Geográfico de Andalucía (WFS app:Entidad),https://www.ideandalucia.es/wfs-nga/services,alta,Cádiz,Barbate,36.197666,-6.047229,2026-08-28
NGA-12232,geografia,toponimo,Playa de la Ballena,"Playa de la Ballena (Relieve Litoral / Marítimo) en Chipiona. WGS84: 36.689737, -6.421715.",IECA — Nomenclátor Geográfico de Andalucía (WFS app:Entidad),https://www.ideandalucia.es/wfs-nga/services,alta,Cádiz,Chipiona,36.689737,-6.421715,2026-08-28
NGA-12233,geografia,toponimo,Playa de la Barrosa,"Playa de la Barrosa (Relieve Litoral / Marítimo) en Chiclana de la Frontera. WGS84: 36.37461, -6.19403.",IECA — Nomenclátor Geográfico de Andalucía (WFS app:Entidad),https://www.ideandalucia.es/wfs-nga/services,alta,Cádiz,Chiclana de la Frontera,36.37461,-6.19403,2026-08-28
NGA-12234,geografia,toponimo,Playa de la Cala,"Playa de la Cala (Relieve Litoral / Marítimo) en Estepona. WGS84: 36.427026, -5.136549.",IECA — Nomenclátor Geográfico de Andalucía (WFS app:Entidad),https://www.ideandalucia.es/wfs-nga/services,alta,Cádiz,Estepona,36.427026,-5.136549,2026-08-28
NGA-12235,geografia,toponimo,Playa de la Caleta,"Playa de la Caleta (Relieve Litoral / Marítimo) en Cádiz. WGS84: 36.532182, -6.307582.",IECA — Nomenclátor Geográfico de Andalucía (WFS app:Entidad),https://www.ideandalucia.es/wfs-nga/services,alta,Cádiz,Cádiz,36.532182,-6.307582,2026-08-28
NGA-12236,geografia,toponimo,Playa de la Calita,"Playa de la Calita (Relieve Litoral / Marítimo) en El Puerto de Santa María. WGS84: 36.583141, -6.269239.",IECA — Nomenclátor Geográfico de Andalucía (WFS app:Entidad),https://www.ideandalucia.es/wfs-nga/services,alta,Cádiz,El Puerto de Santa María,36.583141,-6.269239,2026-08-28
NGA-12237,geografia,toponimo,Playa de la Casería,"Playa de la Casería (Relieve Litoral / Marítimo) en San Fernando. WGS84: 36.480392, -6.208666.",IECA — Nomenclátor Geográfico de Andalucía (WFS app:Entidad),https://www.ideandalucia.es/wfs-nga/services,alta,Cádiz,San Fernando,36.480392,-6.208666,2026-08-28
NGA-12238,geografia,toponimo,Playa de la Cortadura,"Playa de la Cortadura (Relieve Litoral / Marítimo) en Cádiz. WGS84: 36.490466, -6.270423.",IECA — Nomenclátor Geográfico de Andalucía (WFS app:Entidad),https://www.ideandalucia.es/wfs-nga/services,alta,Cádiz,Cádiz,36.490466,-6.270423,2026-08-28
NGA-12239,geografia,toponimo,Playa de la Cortina,"Playa de la Cortina (Relieve Litoral / Marítimo) en Barbate. WGS84: 36.178473, -5.994116.",IECA — Nomenclátor Geográfico de Andalucía (WFS app:Entidad),https://www.ideandalucia.es/wfs-nga/services,alta,Cádiz,Barbate,36.178473,-5.994116,2026-08-28
NGA-12240,geografia,toponimo,Playa de la Costilla,"Playa de la Costilla (Relieve Litoral / Marítimo) en Rota. WGS84: 36.623294, -6.377048.",IECA — Nomenclátor Geográfico de Andalucía (WFS app:Entidad),https://www.ideandalucia.es/wfs-nga/services,alta,Cádiz,Rota,36.623294,-6.377048,2026-08-28
NGA-12241,geografia,toponimo,Playa de la Hierbabuena,"Playa de la Hierbabuena (Relieve Litoral / Marítimo) en Barbate. WGS84: 36.184968, -5.946682.",IECA — Nomenclátor Geográfico de Andalucía (WFS app:Entidad),https://www.ideandalucia.es/wfs-nga/services,alta,Cádiz,Barbate,36.184968,-5.946682,2026-08-28
NGA-12242,geografia,toponimo,Playa de la Jara,"Playa de la Jara (Relieve Litoral / Marítimo) en Sanlúcar de Barrameda. WGS84: 36.763009, -6.39534.",IECA — Nomenclátor Geográfico de Andalucía (WFS app:Entidad),https://www.ideandalucia.es/wfs-nga/services,alta,Cádiz,Sanlúcar de Barrameda,36.763009,-6.39534,2026-08-28
NGA-12243,geografia,toponimo,Playa de la Muralla,"Playa de la Muralla (Relieve Litoral / Marítimo) en El Puerto de Santa María. WGS84: 36.580488, -6.263763.",IECA — Nomenclátor Geográfico de Andalucía (WFS app:Entidad),https://www.ideandalucia.es/wfs-nga/services,alta,Cádiz,El Puerto de Santa María,36.580488,-6.263763,2026-08-28
NGA-12244,geografia,toponimo,Playa de la Peña,"Playa de la Peña (Relieve Litoral / Marítimo) en Tarifa. WGS84: 36.054566, -5.660321.",IECA — Nomenclátor Geográfico de Andalucía (WFS app:Entidad),https://www.ideandalucia.es/wfs-nga/services,alta,Cádiz,Tarifa,36.054566,-5.660321,2026-08-28
NGA-12245,geografia,toponimo,Playa de la Puntilla,"Playa de la Puntilla (Relieve Litoral / Marítimo) en El Puerto de Santa María. WGS84: 36.584054, -6.247133.",IECA — Nomenclátor Geográfico de Andalucía (WFS app:Entidad),https://www.ideandalucia.es/wfs-nga/services,alta,Cádiz,El Puerto de Santa María,36.584054,-6.247133,2026-08-28
NGA-12246,geografia,toponimo,Playa de la Rada,"Playa de la Rada (Relieve Litoral / Marítimo) en Estepona. WGS84: 36.420838, -5.148102.",IECA — Nomenclátor Geográfico de Andalucía (WFS app:Entidad),https://www.ideandalucia.es/wfs-nga/services,alta,Cádiz,Estepona,36.420838,-5.148102,2026-08-28
NGA-12247,geografia,toponimo,Playa de la Victoria,"Playa de la Victoria (Relieve Litoral / Marítimo) en Cádiz. WGS84: 36.511298, -6.283698.",IECA — Nomenclátor Geográfico de Andalucía (WFS app:Entidad),https://www.ideandalucia.es/wfs-nga/services,alta,Cádiz,Cádiz,36.511298,-6.283698,2026-08-28
NGA-12248,geografia,toponimo,Playa de las Cabezuelas,"Playa de las Cabezuelas (Relieve Litoral / Marítimo) en Puerto Real. WGS84: 36.528873, -6.250302.",IECA — Nomenclátor Geográfico de Andalucía (WFS app:Entidad),https://www.ideandalucia.es/wfs-nga/services,alta,Cádiz,Puerto Real,36.528873,-6.250302,2026-08-28
NGA-12249,geografia,toponimo,Playa de las Calderas,"Playa de las Calderas (Relieve Litoral / Marítimo) en Barbate. WGS84: 36.203968, -6.054627.",IECA — Nomenclátor Geográfico de Andalucía (WFS app:Entidad),https://www.ideandalucia.es/wfs-nga/services,alta,Cádiz,Barbate,36.203968,-6.054627,2026-08-28
NGA-12250,geografia,toponimo,Playa de las Canteras,"Playa de las Canteras (Relieve Litoral / Marítimo) en Chipiona. WGS84: 36.738734, -6.442178.",IECA — Nomenclátor Geográfico de Andalucía (WFS app:Entidad),https://www.ideandalucia.es/wfs-nga/services,alta,Cádiz,Chipiona,36.738734,-6.442178,2026-08-28
NGA-12251,geografia,toponimo,Playa de las Hileras,"Playa de las Hileras (Relieve Litoral / Marítimo) en Tarifa. WGS84: 36.066882, -5.739485.",IECA — Nomenclátor Geográfico de Andalucía (WFS app:Entidad),https://www.ideandalucia.es/wfs-nga/services,alta,Cádiz,Tarifa,36.066882,-5.739485,2026-08-28
NGA-12252,geografia,toponimo,Playa de las Plumas,"Playa de las Plumas (Relieve Litoral / Marítimo) en Barbate. WGS84: 36.187431, -6.039295.",IECA — Nomenclátor Geográfico de Andalucía (WFS app:Entidad),https://www.ideandalucia.es/wfs-nga/services,alta,Cádiz,Barbate,36.187431,-6.039295,2026-08-28
NGA-12253,geografia,toponimo,Playa de las Tres Piedras,"Playa de las Tres Piedras (Relieve Litoral / Marítimo) en Chipiona. WGS84: 36.704871, -6.432212.",IECA — Nomenclátor Geográfico de Andalucía (WFS app:Entidad),https://www.ideandalucia.es/wfs-nga/services,alta,Cádiz,Chipiona,36.704871,-6.432212,2026-08-28
NGA-12254,geografia,toponimo,Playa de los Bajos,"Playa de los Bajos (Relieve Litoral / Marítimo) en Tarifa. WGS84: 36.072524, -5.75311.",IECA — Nomenclátor Geográfico de Andalucía (WFS app:Entidad),https://www.ideandalucia.es/wfs-nga/services,alta,Cádiz,Tarifa,36.072524,-5.75311,2026-08-28
NGA-12255,geografia,toponimo,Playa de los Caños de Meca,"Playa de los Caños de Meca (Relieve Litoral / Marítimo) en Barbate. WGS84: 36.185111, -6.020844.",IECA — Nomenclátor Geográfico de Andalucía (WFS app:Entidad),https://www.ideandalucia.es/wfs-nga/services,alta,Cádiz,Barbate,36.185111,-6.020844,2026-08-28
NGA-12256,geografia,toponimo,Playa de los Corrales,"Playa de los Corrales (Relieve Litoral / Marítimo) en Tarifa. WGS84: 36.061838, -5.726854.",IECA — Nomenclátor Geográfico de Andalucía (WFS app:Entidad),https://www.ideandalucia.es/wfs-nga/services,alta,Cádiz,Tarifa,36.061838,-5.726854,2026-08-28
NGA-12257,geografia,toponimo,Playa de los Lances,"Playa de los Lances (Relieve Litoral / Marítimo) en Tarifa. WGS84: 36.039391, -5.635897.",IECA — Nomenclátor Geográfico de Andalucía (WFS app:Entidad),https://www.ideandalucia.es/wfs-nga/services,alta,Cádiz,Tarifa,36.039391,-5.635897,2026-08-28
NGA-12258,geografia,toponimo,Playa de los Nidos,"Playa de los Nidos (Relieve Litoral / Marítimo) en Barbate. WGS84: 36.19232, -6.042499.",IECA — Nomenclátor Geográfico de Andalucía (WFS app:Entidad),https://www.ideandalucia.es/wfs-nga/services,alta,Cádiz,Barbate,36.19232,-6.042499,2026-08-28
NGA-12259,geografia,toponimo,Playa del Buzo,"Playa del Buzo (Relieve Litoral / Marítimo) en El Puerto de Santa María. WGS84: 36.587907, -6.270877.",IECA — Nomenclátor Geográfico de Andalucía (WFS app:Entidad),https://www.ideandalucia.es/wfs-nga/services,alta,Cádiz,El Puerto de Santa María,36.587907,-6.270877,2026-08-28
NGA-12260,geografia,toponimo,Playa del Camarón,"Playa del Camarón (Relieve Litoral / Marítimo) en Chipiona. WGS84: 36.714854, -6.437262.",IECA — Nomenclátor Geográfico de Andalucía (WFS app:Entidad),https://www.ideandalucia.es/wfs-nga/services,alta,Cádiz,Chipiona,36.714854,-6.437262,2026-08-28
NGA-12261,geografia,toponimo,Playa del Castillo,"Playa del Castillo (Relieve Litoral / Marítimo) en San Fernando. WGS84: 36.410882, -6.224591.",IECA — Nomenclátor Geográfico de Andalucía (WFS app:Entidad),https://www.ideandalucia.es/wfs-nga/services,alta,Cádiz,San Fernando,36.410882,-6.224591,2026-08-28
NGA-12262,geografia,toponimo,Playa del Cañillo,"Playa del Cañillo (Relieve Litoral / Marítimo) en Barbate. WGS84: 36.17782, -5.905381.",IECA — Nomenclátor Geográfico de Andalucía (WFS app:Entidad),https://www.ideandalucia.es/wfs-nga/services,alta,Cádiz,Barbate,36.17782,-5.905381,2026-08-28
NGA-12263,geografia,toponimo,Playa del Cañuelo,"Playa del Cañuelo (Relieve Litoral / Marítimo) en Tarifa. WGS84: 36.088272, -5.806709.",IECA — Nomenclátor Geográfico de Andalucía (WFS app:Entidad),https://www.ideandalucia.es/wfs-nga/services,alta,Cádiz,Tarifa,36.088272,-5.806709,2026-08-28
NGA-12264,geografia,toponimo,Playa del Chato,"Playa del Chato (Relieve Litoral / Marítimo) en Cádiz. WGS84: 36.476913, -6.263248.",IECA — Nomenclátor Geográfico de Andalucía (WFS app:Entidad),https://www.ideandalucia.es/wfs-nga/services,alta,Cádiz,Cádiz,36.476913,-6.263248,2026-08-28
NGA-12265,geografia,toponimo,Playa del Chorrillo,"Playa del Chorrillo (Relieve Litoral / Marítimo) en Rota. WGS84: 36.625433, -6.346575.",IECA — Nomenclátor Geográfico de Andalucía (WFS app:Entidad),https://www.ideandalucia.es/wfs-nga/services,alta,Cádiz,Rota,36.625433,-6.346575,2026-08-28
NGA-12266,geografia,toponimo,Playa del Faro,"Playa del Faro (Relieve Litoral / Marítimo) en Barbate. WGS84: 36.182079, -6.036766.",IECA — Nomenclátor Geográfico de Andalucía (WFS app:Entidad),https://www.ideandalucia.es/wfs-nga/services,alta,Cádiz,Barbate,36.182079,-6.036766,2026-08-28
NGA-12267,geografia,toponimo,Playa del Inglesito,"Playa del Inglesito (Relieve Litoral / Marítimo) en Almonte. WGS84: 36.830211, -6.408096.",IECA — Nomenclátor Geográfico de Andalucía (WFS app:Entidad),https://www.ideandalucia.es/wfs-nga/services,alta,Cádiz,Almonte,36.830211,-6.408096,2026-08-28
NGA-12268,geografia,toponimo,Playa del Negro,"Playa del Negro (Relieve Litoral / Marítimo) en Manilva. WGS84: 36.325452, -5.240525.",IECA — Nomenclátor Geográfico de Andalucía (WFS app:Entidad),https://www.ideandalucia.es/wfs-nga/services,alta,Cádiz,Manilva,36.325452,-5.240525,2026-08-28
NGA-12269,geografia,toponimo,Playa del Palmar,"Playa del Palmar (Relieve Litoral / Marítimo) en Vejer de la Frontera. WGS84: 36.234365, -6.074894.",IECA — Nomenclátor Geográfico de Andalucía (WFS app:Entidad),https://www.ideandalucia.es/wfs-nga/services,alta,Cádiz,Vejer de la Frontera,36.234365,-6.074894,2026-08-28
NGA-12270,geografia,toponimo,Playa del Puerco,"Playa del Puerco (Relieve Litoral / Marítimo) en Chiclana de la Frontera. WGS84: 36.339397, -6.166033.",IECA — Nomenclátor Geográfico de Andalucía (WFS app:Entidad),https://www.ideandalucia.es/wfs-nga/services,alta,Cádiz,Chiclana de la Frontera,36.339397,-6.166033,2026-08-28
NGA-12271,geografia,toponimo,Playa del Rinconcillo,"Playa del Rinconcillo (Relieve Litoral / Marítimo) en Algeciras. WGS84: 36.155643, -5.443734.",IECA — Nomenclátor Geográfico de Andalucía (WFS app:Entidad),https://www.ideandalucia.es/wfs-nga/services,alta,Cádiz,Algeciras,36.155643,-5.443734,2026-08-28
NGA-12272,geografia,toponimo,Playa del Rompidillo,"Playa del Rompidillo (Relieve Litoral / Marítimo) en Rota. WGS84: 36.62041, -6.356597.",IECA — Nomenclátor Geográfico de Andalucía (WFS app:Entidad),https://www.ideandalucia.es/wfs-nga/services,alta,Cádiz,Rota,36.62041,-6.356597,2026-08-28
NGA-12273,geografia,toponimo,Playa del Toro,"Playa del Toro (Relieve Litoral / Marítimo) en Manilva. WGS84: 36.310572, -5.246315.",IECA — Nomenclátor Geográfico de Andalucía (WFS app:Entidad),https://www.ideandalucia.es/wfs-nga/services,alta,Cádiz,Manilva,36.310572,-5.246315,2026-08-28
NGA-12274,geografia,toponimo,Playa del Velerín,"Playa del Velerín (Relieve Litoral / Marítimo) en Estepona. WGS84: 36.442406, -5.093871.",IECA — Nomenclátor Geográfico de Andalucía (WFS app:Entidad),https://www.ideandalucia.es/wfs-nga/services,alta,Cádiz,Estepona,36.442406,-5.093871,2026-08-28
NGA-12291,geografia,toponimo,Polideportivo Municipal,"Polideportivo Municipal (Servicio/Equipamiento) en El Puerto de Santa María. WGS84: 36.587802, -6.237731.",IECA — Nomenclátor Geográfico de Andalucía (WFS app:Entidad),https://www.ideandalucia.es/wfs-nga/services,alta,Cádiz,El Puerto de Santa María,36.587802,-6.237731,2026-08-28
NGA-12292,geografia,toponimo,Polideportivo Municipal,"Polideportivo Municipal (Servicio/Equipamiento) en Arcos de la Frontera. WGS84: 36.762174, -5.81075.",IECA — Nomenclátor Geográfico de Andalucía (WFS app:Entidad),https://www.ideandalucia.es/wfs-nga/services,alta,Cádiz,Arcos de la Frontera,36.762174,-5.81075,2026-08-28
NGA-12294,geografia,toponimo,Polvera,"Polvera (Masa de Agua) en Puerto Real. WGS84: 36.500838, -6.154633.",IECA — Nomenclátor Geográfico de Andalucía (WFS app:Entidad),https://www.ideandalucia.es/wfs-nga/services,alta,Cádiz,Puerto Real,36.500838,-6.154633,2026-08-28
NGA-12368,geografia,toponimo,Pozo Abajo,"Pozo Abajo (Obra Hidráulica) en Alcalá de los Gazules. WGS84: 36.462794, -5.714107.",IECA — Nomenclátor Geográfico de Andalucía (WFS app:Entidad),https://www.ideandalucia.es/wfs-nga/services,alta,Cádiz,Alcalá de los Gazules,36.462794,-5.714107,2026-08-28
NGA-12371,geografia,toponimo,Pozo Blanco,"Pozo Blanco (Obra Hidráulica) en Chiclana de la Frontera. WGS84: 36.391711, -6.049844.",IECA — Nomenclátor Geográfico de Andalucía (WFS app:Entidad),https://www.ideandalucia.es/wfs-nga/services,alta,Cádiz,Chiclana de la Frontera,36.391711,-6.049844,2026-08-28
NGA-12375,geografia,toponimo,Pozo Galindo,"Pozo Galindo (Obra Hidráulica) en Chiclana de la Frontera. WGS84: 36.390007, -6.04493.",IECA — Nomenclátor Geográfico de Andalucía (WFS app:Entidad),https://www.ideandalucia.es/wfs-nga/services,alta,Cádiz,Chiclana de la Frontera,36.390007,-6.04493,2026-08-28
NGA-12376,geografia,toponimo,Pozo Izquierdo,"Pozo Izquierdo (Obra Hidráulica) en Rota. WGS84: 36.669071, -6.380588.",IECA — Nomenclátor Geográfico de Andalucía (WFS app:Entidad),https://www.ideandalucia.es/wfs-nga/services,alta,Cádiz,Rota,36.669071,-6.380588,2026-08-28
NGA-12377,geografia,toponimo,Pozo Lebrija,"Pozo Lebrija (Obra Hidráulica) en Las Cabezas de San Juan. WGS84: 36.975809, -5.950559.",IECA — Nomenclátor Geográfico de Andalucía (WFS app:Entidad),https://www.ideandalucia.es/wfs-nga/services,alta,Cádiz,Las Cabezas de San Juan,36.975809,-5.950559,2026-08-28
NGA-12380,geografia,toponimo,Pozo Norieta,"Pozo Norieta (Obra Hidráulica) en Jerez de la Frontera. WGS84: 36.586529, -5.872095.",IECA — Nomenclátor Geográfico de Andalucía (WFS app:Entidad),https://www.ideandalucia.es/wfs-nga/services,alta,Cádiz,Jerez de la Frontera,36.586529,-5.872095,2026-08-28
NGA-12382,geografia,toponimo,Pozo Rincones,"Pozo Rincones (Obra Hidráulica) en Rota. WGS84: 36.685335, -6.383716.",IECA — Nomenclátor Geográfico de Andalucía (WFS app:Entidad),https://www.ideandalucia.es/wfs-nga/services,alta,Cádiz,Rota,36.685335,-6.383716,2026-08-28
NGA-12384,geografia,toponimo,Pozo Valverde,"Pozo Valverde (Obra Hidráulica) en Chiclana de la Frontera. WGS84: 36.393424, -6.070313.",IECA — Nomenclátor Geográfico de Andalucía (WFS app:Entidad),https://www.ideandalucia.es/wfs-nga/services,alta,Cádiz,Chiclana de la Frontera,36.393424,-6.070313,2026-08-28
NGA-12386,geografia,toponimo,Pozo de Adventus,"Pozo de Adventus (Obra Hidráulica) en Trebujena. WGS84: 36.888977, -6.217158.",IECA — Nomenclátor Geográfico de Andalucía (WFS app:Entidad),https://www.ideandalucia.es/wfs-nga/services,alta,Cádiz,Trebujena,36.888977,-6.217158,2026-08-28
NGA-12387,geografia,toponimo,Pozo de Caño Dulce,"Pozo de Caño Dulce (Obra Hidráulica) en Aznalcázar. WGS84: 36.946517, -6.360383.",IECA — Nomenclátor Geográfico de Andalucía (WFS app:Entidad),https://www.ideandalucia.es/wfs-nga/services,alta,Cádiz,Aznalcázar,36.946517,-6.360383,2026-08-28
NGA-12388,geografia,toponimo,Pozo de Cuernavacas,"Pozo de Cuernavacas (Obra Hidráulica) en Chiclana de la Frontera. WGS84: 36.409694, -6.057068.",IECA — Nomenclátor Geográfico de Andalucía (WFS app:Entidad),https://www.ideandalucia.es/wfs-nga/services,alta,Cádiz,Chiclana de la Frontera,36.409694,-6.057068,2026-08-28
NGA-12391,geografia,toponimo,Pozo de la Almajar,"Pozo de la Almajar (Obra Hidráulica) en Aznalcázar. WGS84: 37.008093, -6.3282.",IECA — Nomenclátor Geográfico de Andalucía (WFS app:Entidad),https://www.ideandalucia.es/wfs-nga/services,alta,Cádiz,Aznalcázar,37.008093,-6.3282,2026-08-28
NGA-12392,geografia,toponimo,Pozo de la Cañada,"Pozo de la Cañada (Obra Hidráulica) en Sanlúcar de Barrameda. WGS84: 36.716925, -6.330518.",IECA — Nomenclátor Geográfico de Andalucía (WFS app:Entidad),https://www.ideandalucia.es/wfs-nga/services,alta,Cádiz,Sanlúcar de Barrameda,36.716925,-6.330518,2026-08-28
NGA-12393,geografia,toponimo,Pozo de la Curia Romana,"Pozo de la Curia Romana (Obra Hidráulica) en San Fernando. WGS84: 36.435049, -6.228844.",IECA — Nomenclátor Geográfico de Andalucía (WFS app:Entidad),https://www.ideandalucia.es/wfs-nga/services,alta,Cádiz,San Fernando,36.435049,-6.228844,2026-08-28
NGA-12394,geografia,toponimo,Pozo de la Gamonosa,"Pozo de la Gamonosa (Obra Hidráulica) en Utrera. WGS84: 36.974744, -5.654575.",IECA — Nomenclátor Geográfico de Andalucía (WFS app:Entidad),https://www.ideandalucia.es/wfs-nga/services,alta,Cádiz,Utrera,36.974744,-5.654575,2026-08-28
NGA-12395,geografia,toponimo,Pozo de la Vuelta del Rodeo,"Pozo de la Vuelta del Rodeo (Obra Hidráulica) en La Puebla del Río. WGS84: 36.96207, -6.279809.",IECA — Nomenclátor Geográfico de Andalucía (WFS app:Entidad),https://www.ideandalucia.es/wfs-nga/services,alta,Cádiz,La Puebla del Río,36.96207,-6.279809,2026-08-28
NGA-12396,geografia,toponimo,Pozo de las Albarizas,"Pozo de las Albarizas (Obra Hidráulica) en Chiclana de la Frontera. WGS84: 36.41187, -6.048862.",IECA — Nomenclátor Geográfico de Andalucía (WFS app:Entidad),https://www.ideandalucia.es/wfs-nga/services,alta,Cádiz,Chiclana de la Frontera,36.41187,-6.048862,2026-08-28
NGA-12398,geografia,toponimo,Pozo de las Presillas,"Pozo de las Presillas (Obra Hidráulica) en Grazalema. WGS84: 36.743471, -5.390755.",IECA — Nomenclátor Geográfico de Andalucía (WFS app:Entidad),https://www.ideandalucia.es/wfs-nga/services,alta,Cádiz,Grazalema,36.743471,-5.390755,2026-08-28
NGA-12400,geografia,toponimo,Pozo del Albañil,"Pozo del Albañil (Obra Hidráulica) en Medina Sidonia. WGS84: 36.498752, -6.000479.",IECA — Nomenclátor Geográfico de Andalucía (WFS app:Entidad),https://www.ideandalucia.es/wfs-nga/services,alta,Cádiz,Medina Sidonia,36.498752,-6.000479,2026-08-28
NGA-12401,geografia,toponimo,Pozo del Borondal,"Pozo del Borondal (Obra Hidráulica) en Jerez de la Frontera. WGS84: 36.699356, -6.214703.",IECA — Nomenclátor Geográfico de Andalucía (WFS app:Entidad),https://www.ideandalucia.es/wfs-nga/services,alta,Cádiz,Jerez de la Frontera,36.699356,-6.214703,2026-08-28
NGA-12404,geografia,toponimo,Pozo del Juncal,"Pozo del Juncal (Obra Hidráulica) en Chiclana de la Frontera. WGS84: 36.391231, -6.055051.",IECA — Nomenclátor Geográfico de Andalucía (WFS app:Entidad),https://www.ideandalucia.es/wfs-nga/services,alta,Cádiz,Chiclana de la Frontera,36.391231,-6.055051,2026-08-28
NGA-12406,geografia,toponimo,Pozo del Puntal,"Pozo del Puntal (Obra Hidráulica) en Almonte. WGS84: 36.974961, -6.433742.",IECA — Nomenclátor Geográfico de Andalucía (WFS app:Entidad),https://www.ideandalucia.es/wfs-nga/services,alta,Cádiz,Almonte,36.974961,-6.433742,2026-08-28
NGA-12408,geografia,toponimo,Pozo la Carriona,"Pozo la Carriona (Obra Hidráulica) en Medina Sidonia. WGS84: 36.501841, -5.988509.",IECA — Nomenclátor Geográfico de Andalucía (WFS app:Entidad),https://www.ideandalucia.es/wfs-nga/services,alta,Cádiz,Medina Sidonia,36.501841,-5.988509,2026-08-28
NGA-12409,geografia,toponimo,Pozo las Colas,"Pozo las Colas (Obra Hidráulica) en Aznalcázar. WGS84: 36.989421, -6.323947.",IECA — Nomenclátor Geográfico de Andalucía (WFS app:Entidad),https://www.ideandalucia.es/wfs-nga/services,alta,Cádiz,Aznalcázar,36.989421,-6.323947,2026-08-28
NGA-12429,geografia,toponimo,Presa de Tierra,"Presa de Tierra (Obra Hidráulica) en Medina Sidonia. WGS84: 36.404234, -6.000627.",IECA — Nomenclátor Geográfico de Andalucía (WFS app:Entidad),https://www.ideandalucia.es/wfs-nga/services,alta,Cádiz,Medina Sidonia,36.404234,-6.000627,2026-08-28
NGA-12567,geografia,toponimo,Puerto de la Atunara,"Puerto de la Atunara (Servicio/Equipamiento) en La Línea de la Concepción. WGS84: 36.180673, -5.335649.",IECA — Nomenclátor Geográfico de Andalucía (WFS app:Entidad),https://www.ideandalucia.es/wfs-nga/services,alta,Cádiz,La Línea de la Concepción,36.180673,-5.335649,2026-08-28
NGA-12590,geografia,toponimo,Puerto de la Línea de la Concepción,"Puerto de la Línea de la Concepción (Servicio/Equipamiento) en No aplica. WGS84: 36.155889, -5.355265.",IECA — Nomenclátor Geográfico de Andalucía (WFS app:Entidad),https://www.ideandalucia.es/wfs-nga/services,alta,Cádiz,No aplica,36.155889,-5.355265,2026-08-28
NGA-12725,geografia,toponimo,Punta Acebuche,"Punta Acebuche (Relieve Litoral / Marítimo) en Algeciras. WGS84: 36.04958, -5.46753.",IECA — Nomenclátor Geográfico de Andalucía (WFS app:Entidad),https://www.ideandalucia.es/wfs-nga/services,alta,Cádiz,Algeciras,36.04958,-5.46753,2026-08-28
NGA-12726,geografia,toponimo,Punta Bermeja,"Punta Bermeja (Relieve Litoral / Marítimo) en El Puerto de Santa María. WGS84: 36.607376, -6.287458.",IECA — Nomenclátor Geográfico de Andalucía (WFS app:Entidad),https://www.ideandalucia.es/wfs-nga/services,alta,Cádiz,El Puerto de Santa María,36.607376,-6.287458,2026-08-28
NGA-12727,geografia,toponimo,Punta Camarinal,"Punta Camarinal (Relieve Litoral / Marítimo) en Tarifa. WGS84: 36.078015, -5.793553.",IECA — Nomenclátor Geográfico de Andalucía (WFS app:Entidad),https://www.ideandalucia.es/wfs-nga/services,alta,Cádiz,Tarifa,36.078015,-5.793553,2026-08-28
NGA-12728,geografia,toponimo,Punta Camarón,"Punta Camarón (Relieve Litoral / Marítimo) en Chipiona. WGS84: 36.720027, -6.442876.",IECA — Nomenclátor Geográfico de Andalucía (WFS app:Entidad),https://www.ideandalucia.es/wfs-nga/services,alta,Cádiz,Chipiona,36.720027,-6.442876,2026-08-28
NGA-12729,geografia,toponimo,Punta Camorro,"Punta Camorro (Relieve Litoral / Marítimo) en Tarifa. WGS84: 36.011376, -5.596627.",IECA — Nomenclátor Geográfico de Andalucía (WFS app:Entidad),https://www.ideandalucia.es/wfs-nga/services,alta,Cádiz,Tarifa,36.011376,-5.596627,2026-08-28
NGA-12730,geografia,toponimo,Punta Campanilla,"Punta Campanilla (Relieve Litoral / Marítimo) en San Fernando. WGS84: 36.429524, -6.234412.",IECA — Nomenclátor Geográfico de Andalucía (WFS app:Entidad),https://www.ideandalucia.es/wfs-nga/services,alta,Cádiz,San Fernando,36.429524,-6.234412,2026-08-28
NGA-12731,geografia,toponimo,Punta Candelaria,"Punta Candelaria (Relieve Litoral / Marítimo) en Cádiz. WGS84: 36.538522, -6.300778.",IECA — Nomenclátor Geográfico de Andalucía (WFS app:Entidad),https://www.ideandalucia.es/wfs-nga/services,alta,Cádiz,Cádiz,36.538522,-6.300778,2026-08-28
NGA-12733,geografia,toponimo,Punta Canteras,"Punta Canteras (Relieve Litoral / Marítimo) en San Fernando. WGS84: 36.48132, -6.214359.",IECA — Nomenclátor Geográfico de Andalucía (WFS app:Entidad),https://www.ideandalucia.es/wfs-nga/services,alta,Cádiz,San Fernando,36.48132,-6.214359,2026-08-28
NGA-12734,geografia,toponimo,Punta Chullera,"Punta Chullera (Relieve Litoral / Marítimo) en Manilva. WGS84: 36.309898, -5.24757.",IECA — Nomenclátor Geográfico de Andalucía (WFS app:Entidad),https://www.ideandalucia.es/wfs-nga/services,alta,Cádiz,Manilva,36.309898,-5.24757,2026-08-28
NGA-12735,geografia,toponimo,Punta Huete,"Punta Huete (Relieve Litoral / Marítimo) en El Puerto de Santa María. WGS84: 36.613532, -6.297143.",IECA — Nomenclátor Geográfico de Andalucía (WFS app:Entidad),https://www.ideandalucia.es/wfs-nga/services,alta,Cádiz,El Puerto de Santa María,36.613532,-6.297143,2026-08-28
NGA-12736,geografia,toponimo,Punta Macotilla,"Punta Macotilla (Relieve Litoral / Marítimo) en Tarifa. WGS84: 36.062657, -5.699938.",IECA — Nomenclátor Geográfico de Andalucía (WFS app:Entidad),https://www.ideandalucia.es/wfs-nga/services,alta,Cádiz,Tarifa,36.062657,-5.699938,2026-08-28
NGA-12737,geografia,toponimo,Punta Mala,"Punta Mala (Relieve Litoral / Marítimo) en San Roque. WGS84: 36.242889, -5.300845.",IECA — Nomenclátor Geográfico de Andalucía (WFS app:Entidad),https://www.ideandalucia.es/wfs-nga/services,alta,Cádiz,San Roque,36.242889,-5.300845,2026-08-28
NGA-12738,geografia,toponimo,Punta Paloma,"Punta Paloma (Relieve Litoral / Marítimo) en Tarifa. WGS84: 36.058605, -5.711519.",IECA — Nomenclátor Geográfico de Andalucía (WFS app:Entidad),https://www.ideandalucia.es/wfs-nga/services,alta,Cádiz,Tarifa,36.058605,-5.711519,2026-08-28
NGA-12740,geografia,toponimo,Punta Secreta,"Punta Secreta (Relieve Litoral / Marítimo) en Algeciras. WGS84: 36.072601, -5.428784.",IECA — Nomenclátor Geográfico de Andalucía (WFS app:Entidad),https://www.ideandalucia.es/wfs-nga/services,alta,Cádiz,Algeciras,36.072601,-5.428784,2026-08-28
NGA-12741,geografia,toponimo,Punta de Canales,"Punta de Canales (Relieve Litoral / Marítimo) en Tarifa. WGS84: 36.03002, -5.5397.",IECA — Nomenclátor Geográfico de Andalucía (WFS app:Entidad),https://www.ideandalucia.es/wfs-nga/services,alta,Cádiz,Tarifa,36.03002,-5.5397,2026-08-28
NGA-12743,geografia,toponimo,Punta de Levante,"Punta de Levante (Relieve Litoral / Marítimo) en Barbate. WGS84: 36.179024, -5.91044.",IECA — Nomenclátor Geográfico de Andalucía (WFS app:Entidad),https://www.ideandalucia.es/wfs-nga/services,alta,Cádiz,Barbate,36.179024,-5.91044,2026-08-28
NGA-12744,geografia,toponimo,Punta de Malandar,"Punta de Malandar (Relieve Litoral / Marítimo) en Almonte. WGS84: 36.794168, -6.375265.",IECA — Nomenclátor Geográfico de Andalucía (WFS app:Entidad),https://www.ideandalucia.es/wfs-nga/services,alta,Cádiz,Almonte,36.794168,-6.375265,2026-08-28
NGA-12745,geografia,toponimo,Punta de Morón,"Punta de Morón (Relieve Litoral / Marítimo) en Vejer de la Frontera. WGS84: 36.213686, -6.063499.",IECA — Nomenclátor Geográfico de Andalucía (WFS app:Entidad),https://www.ideandalucia.es/wfs-nga/services,alta,Cádiz,Vejer de la Frontera,36.213686,-6.063499,2026-08-28
NGA-12746,geografia,toponimo,Punta de Pinillos,"Punta de Pinillos (Relieve Litoral / Marítimo) en Estepona. WGS84: 36.430476, -5.115742.",IECA — Nomenclátor Geográfico de Andalucía (WFS app:Entidad),https://www.ideandalucia.es/wfs-nga/services,alta,Cádiz,Estepona,36.430476,-5.115742,2026-08-28
NGA-12747,geografia,toponimo,Punta de Poniente,"Punta de Poniente (Relieve Litoral / Marítimo) en Barbate. WGS84: 36.180903, -5.912108.",IECA — Nomenclátor Geográfico de Andalucía (WFS app:Entidad),https://www.ideandalucia.es/wfs-nga/services,alta,Cádiz,Barbate,36.180903,-5.912108,2026-08-28
NGA-12748,geografia,toponimo,Punta de Poniente,"Punta de Poniente (Relieve Litoral / Marítimo) en Cádiz. WGS84: 36.449697, -6.252277.",IECA — Nomenclátor Geográfico de Andalucía (WFS app:Entidad),https://www.ideandalucia.es/wfs-nga/services,alta,Cádiz,Cádiz,36.449697,-6.252277,2026-08-28
NGA-12749,geografia,toponimo,Punta de San García,"Punta de San García (Relieve Litoral / Marítimo) en Algeciras. WGS84: 36.105138, -5.431248.",IECA — Nomenclátor Geográfico de Andalucía (WFS app:Entidad),https://www.ideandalucia.es/wfs-nga/services,alta,Cádiz,Algeciras,36.105138,-5.431248,2026-08-28
NGA-12750,geografia,toponimo,Punta de San Luis,"Punta de San Luis (Relieve Litoral / Marítimo) en Puerto Real. WGS84: 36.505972, -6.243467.",IECA — Nomenclátor Geográfico de Andalucía (WFS app:Entidad),https://www.ideandalucia.es/wfs-nga/services,alta,Cádiz,Puerto Real,36.505972,-6.243467,2026-08-28
NGA-12751,geografia,toponimo,Punta de Santa Catalina,"Punta de Santa Catalina (Relieve Litoral / Marítimo) en El Puerto de Santa María. WGS84: 36.578963, -6.267685.",IECA — Nomenclátor Geográfico de Andalucía (WFS app:Entidad),https://www.ideandalucia.es/wfs-nga/services,alta,Cádiz,El Puerto de Santa María,36.578963,-6.267685,2026-08-28
NGA-12753,geografia,toponimo,Punta de la Doncella,"Punta de la Doncella (Relieve Litoral / Marítimo) en Estepona. WGS84: 36.411447, -5.15755.",IECA — Nomenclátor Geográfico de Andalucía (WFS app:Entidad),https://www.ideandalucia.es/wfs-nga/services,alta,Cádiz,Estepona,36.411447,-5.15755,2026-08-28
NGA-12754,geografia,toponimo,Punta de la Espinaleta,"Punta de la Espinaleta (Relieve Litoral / Marítimo) en Conil de la Frontera. WGS84: 36.29509, -6.136586.",IECA — Nomenclátor Geográfico de Andalucía (WFS app:Entidad),https://www.ideandalucia.es/wfs-nga/services,alta,Cádiz,Conil de la Frontera,36.29509,-6.136586,2026-08-28
NGA-12756,geografia,toponimo,Punta de la Morena,"Punta de la Morena (Relieve Litoral / Marítimo) en Rota. WGS84: 36.614297, -6.36079.",IECA — Nomenclátor Geográfico de Andalucía (WFS app:Entidad),https://www.ideandalucia.es/wfs-nga/services,alta,Cádiz,Rota,36.614297,-6.36079,2026-08-28
NGA-12757,geografia,toponimo,Punta de la Peña,"Punta de la Peña (Relieve Litoral / Marítimo) en Tarifa. WGS84: 36.055139, -5.66696.",IECA — Nomenclátor Geográfico de Andalucía (WFS app:Entidad),https://www.ideandalucia.es/wfs-nga/services,alta,Cádiz,Tarifa,36.055139,-5.66696,2026-08-28
NGA-12758,geografia,toponimo,Punta de la Plata,"Punta de la Plata (Relieve Litoral / Marítimo) en Estepona. WGS84: 36.428332, -5.121589.",IECA — Nomenclátor Geográfico de Andalucía (WFS app:Entidad),https://www.ideandalucia.es/wfs-nga/services,alta,Cádiz,Estepona,36.428332,-5.121589,2026-08-28
NGA-12759,geografia,toponimo,Punta de las Cabezuelas,"Punta de las Cabezuelas (Relieve Litoral / Marítimo) en Puerto Real. WGS84: 36.518786, -6.25459.",IECA — Nomenclátor Geográfico de Andalucía (WFS app:Entidad),https://www.ideandalucia.es/wfs-nga/services,alta,Cádiz,Puerto Real,36.518786,-6.25459,2026-08-28
NGA-12760,geografia,toponimo,Punta de las Piedras,"Punta de las Piedras (Relieve Litoral / Marítimo) en San Fernando. WGS84: 36.384535, -6.211459.",IECA — Nomenclátor Geográfico de Andalucía (WFS app:Entidad),https://www.ideandalucia.es/wfs-nga/services,alta,Cádiz,San Fernando,36.384535,-6.211459,2026-08-28
NGA-12761,geografia,toponimo,Punta de los Mármoles,"Punta de los Mármoles (Relieve Litoral / Marítimo) en Estepona. WGS84: 36.427134, -5.129245.",IECA — Nomenclátor Geográfico de Andalucía (WFS app:Entidad),https://www.ideandalucia.es/wfs-nga/services,alta,Cádiz,Estepona,36.427134,-5.129245,2026-08-28
NGA-12762,geografia,toponimo,Punta de los Saboneses,"Punta de los Saboneses (Relieve Litoral / Marítimo) en Puerto Real. WGS84: 36.528372, -6.240111.",IECA — Nomenclátor Geográfico de Andalucía (WFS app:Entidad),https://www.ideandalucia.es/wfs-nga/services,alta,Cádiz,Puerto Real,36.528372,-6.240111,2026-08-28
NGA-12763,geografia,toponimo,Punta del Arrecife,"Punta del Arrecife (Relieve Litoral / Marítimo) en San Fernando. WGS84: 36.396665, -6.226882.",IECA — Nomenclátor Geográfico de Andalucía (WFS app:Entidad),https://www.ideandalucia.es/wfs-nga/services,alta,Cádiz,San Fernando,36.396665,-6.226882,2026-08-28
NGA-12764,geografia,toponimo,Punta del Boquerón,"Punta del Boquerón (Relieve Litoral / Marítimo) en San Fernando. WGS84: 36.389776, -6.215328.",IECA — Nomenclátor Geográfico de Andalucía (WFS app:Entidad),https://www.ideandalucia.es/wfs-nga/services,alta,Cádiz,San Fernando,36.389776,-6.215328,2026-08-28
NGA-12765,geografia,toponimo,Punta del Cabo,"Punta del Cabo (Relieve Litoral / Marítimo) en Almonte. WGS84: 36.801125, -6.394723.",IECA — Nomenclátor Geográfico de Andalucía (WFS app:Entidad),https://www.ideandalucia.es/wfs-nga/services,alta,Cádiz,Almonte,36.801125,-6.394723,2026-08-28
NGA-12766,geografia,toponimo,Punta del Carnero,"Punta del Carnero (Relieve Litoral / Marítimo) en Algeciras. WGS84: 36.077422, -5.425238.",IECA — Nomenclátor Geográfico de Andalucía (WFS app:Entidad),https://www.ideandalucia.es/wfs-nga/services,alta,Cádiz,Algeciras,36.077422,-5.425238,2026-08-28
NGA-12767,geografia,toponimo,Punta del Castor,"Punta del Castor (Relieve Litoral / Marítimo) en Estepona. WGS84: 36.440316, -5.097067.",IECA — Nomenclátor Geográfico de Andalucía (WFS app:Entidad),https://www.ideandalucia.es/wfs-nga/services,alta,Cádiz,Estepona,36.440316,-5.097067,2026-08-28
NGA-12768,geografia,toponimo,Punta del Fraile,"Punta del Fraile (Relieve Litoral / Marítimo) en Algeciras. WGS84: 36.058258, -5.446114.",IECA — Nomenclátor Geográfico de Andalucía (WFS app:Entidad),https://www.ideandalucia.es/wfs-nga/services,alta,Cádiz,Algeciras,36.058258,-5.446114,2026-08-28
NGA-12769,geografia,toponimo,Punta del Frailecillo,"Punta del Frailecillo (Relieve Litoral / Marítimo) en Conil de la Frontera. WGS84: 36.309081, -6.15421.",IECA — Nomenclátor Geográfico de Andalucía (WFS app:Entidad),https://www.ideandalucia.es/wfs-nga/services,alta,Cádiz,Conil de la Frontera,36.309081,-6.15421,2026-08-28
NGA-12770,geografia,toponimo,Punta del Perro,"Punta del Perro (Relieve Litoral / Marítimo) en Chipiona. WGS84: 36.737833, -6.44497.",IECA — Nomenclátor Geográfico de Andalucía (WFS app:Entidad),https://www.ideandalucia.es/wfs-nga/services,alta,Cádiz,Chipiona,36.737833,-6.44497,2026-08-28
NGA-12771,geografia,toponimo,Punta del Rodeo,"Punta del Rodeo (Relieve Litoral / Marítimo) en Algeciras. WGS84: 36.115407, -5.435987.",IECA — Nomenclátor Geográfico de Andalucía (WFS app:Entidad),https://www.ideandalucia.es/wfs-nga/services,alta,Cádiz,Algeciras,36.115407,-5.435987,2026-08-28
NGA-12772,geografia,toponimo,Punta del Sudario,"Punta del Sudario (Relieve Litoral / Marítimo) en Conil de la Frontera. WGS84: 36.293437, -6.120735.",IECA — Nomenclátor Geográfico de Andalucía (WFS app:Entidad),https://www.ideandalucia.es/wfs-nga/services,alta,Cádiz,Conil de la Frontera,36.293437,-6.120735,2026-08-28
NGA-12773,geografia,toponimo,Punta del Sur,"Punta del Sur (Relieve Litoral / Marítimo) en Cádiz. WGS84: 36.527031, -6.319845.",IECA — Nomenclátor Geográfico de Andalucía (WFS app:Entidad),https://www.ideandalucia.es/wfs-nga/services,alta,Cádiz,Cádiz,36.527031,-6.319845,2026-08-28
NGA-12774,geografia,toponimo,Punta del Tajo,"Punta del Tajo (Relieve Litoral / Marítimo) en Barbate. WGS84: 36.176597, -5.986813.",IECA — Nomenclátor Geográfico de Andalucía (WFS app:Entidad),https://www.ideandalucia.es/wfs-nga/services,alta,Cádiz,Barbate,36.176597,-5.986813,2026-08-28
NGA-12775,geografia,toponimo,Punta el Arrumbado,"Punta el Arrumbado (Relieve Litoral / Marítimo) en Tarifa. WGS84: 36.059856, -5.72147.",IECA — Nomenclátor Geográfico de Andalucía (WFS app:Entidad),https://www.ideandalucia.es/wfs-nga/services,alta,Cádiz,Tarifa,36.059856,-5.72147,2026-08-28
NGA-12776,geografia,toponimo,Punta la Clica,"Punta la Clica (Relieve Litoral / Marítimo) en San Fernando. WGS84: 36.498282, -6.205769.",IECA — Nomenclátor Geográfico de Andalucía (WFS app:Entidad),https://www.ideandalucia.es/wfs-nga/services,alta,Cádiz,San Fernando,36.498282,-6.205769,2026-08-28
NGA-12779,geografia,toponimo,Punto Limpio Huerta Macenas,"Punto Limpio Huerta Macenas (Servicio/Equipamiento) en Lebrija. WGS84: 36.914975, -6.093885.",IECA — Nomenclátor Geográfico de Andalucía (WFS app:Entidad),https://www.ideandalucia.es/wfs-nga/services,alta,Cádiz,Lebrija,36.914975,-6.093885,2026-08-28
NGA-12780,geografia,toponimo,Punto Limpio de San Benito,"Punto Limpio de San Benito (Servicio/Equipamiento) en Lebrija. WGS84: 36.93296, -6.062419.",IECA — Nomenclátor Geográfico de Andalucía (WFS app:Entidad),https://www.ideandalucia.es/wfs-nga/services,alta,Cádiz,Lebrija,36.93296,-6.062419,2026-08-28
NGA-13388,geografia,toponimo,Recinto Ferial,"Recinto Ferial (Servicio/Equipamiento) en Setenil de las Bodegas. WGS84: 36.865359, -5.174161.",IECA — Nomenclátor Geográfico de Andalucía (WFS app:Entidad),https://www.ideandalucia.es/wfs-nga/services,alta,Cádiz,Setenil de las Bodegas,36.865359,-5.174161,2026-08-28
NGA-13389,geografia,toponimo,Recinto Ferial,"Recinto Ferial (Servicio/Equipamiento) en Lebrija. WGS84: 36.926961, -6.084335.",IECA — Nomenclátor Geográfico de Andalucía (WFS app:Entidad),https://www.ideandalucia.es/wfs-nga/services,alta,Cádiz,Lebrija,36.926961,-6.084335,2026-08-28
NGA-13395,geografia,toponimo,Regajo de Reza Cana,"Regajo de Reza Cana (Curso Fluvial) en Tarifa. WGS84: 36.091265, -5.706198.",IECA — Nomenclátor Geográfico de Andalucía (WFS app:Entidad),https://www.ideandalucia.es/wfs-nga/services,alta,Cádiz,Tarifa,36.091265,-5.706198,2026-08-28
NGA-13396,geografia,toponimo,Regajo de la Fuente del Realillo,"Regajo de la Fuente del Realillo (Curso Fluvial) en Tarifa. WGS84: 36.109329, -5.764883.",IECA — Nomenclátor Geográfico de Andalucía (WFS app:Entidad),https://www.ideandalucia.es/wfs-nga/services,alta,Cádiz,Tarifa,36.109329,-5.764883,2026-08-28
NGA-13397,geografia,toponimo,Regajo de las Colmenas,"Regajo de las Colmenas (Curso Fluvial) en Tarifa. WGS84: 36.093007, -5.708675.",IECA — Nomenclátor Geográfico de Andalucía (WFS app:Entidad),https://www.ideandalucia.es/wfs-nga/services,alta,Cádiz,Tarifa,36.093007,-5.708675,2026-08-28
NGA-13398,geografia,toponimo,Regajo del Rosalejo,"Regajo del Rosalejo (Curso Fluvial) en Tarifa. WGS84: 36.097662, -5.699744.",IECA — Nomenclátor Geográfico de Andalucía (WFS app:Entidad),https://www.ideandalucia.es/wfs-nga/services,alta,Cádiz,Tarifa,36.097662,-5.699744,2026-08-28
NGA-13399,geografia,toponimo,Regato de Matavacas,"Regato de Matavacas (Curso Fluvial) en El Cuervo de Sevilla. WGS84: 36.846159, -5.969832.",IECA — Nomenclátor Geográfico de Andalucía (WFS app:Entidad),https://www.ideandalucia.es/wfs-nga/services,alta,Cádiz,El Cuervo de Sevilla,36.846159,-5.969832,2026-08-28
NGA-13400,geografia,toponimo,Regato del Bujeo de las Piedras,"Regato del Bujeo de las Piedras (Curso Fluvial) en Jerez de la Frontera. WGS84: 36.56418, -5.615922.",IECA — Nomenclátor Geográfico de Andalucía (WFS app:Entidad),https://www.ideandalucia.es/wfs-nga/services,alta,Cádiz,Jerez de la Frontera,36.56418,-5.615922,2026-08-28
NGA-13401,geografia,toponimo,Regla,"Regla (Masa de Agua) en Puerto Real. WGS84: 36.465537, -6.177872.",IECA — Nomenclátor Geográfico de Andalucía (WFS app:Entidad),https://www.ideandalucia.es/wfs-nga/services,alta,Cádiz,Puerto Real,36.465537,-6.177872,2026-08-28
NGA-13403,geografia,toponimo,Reguero del Catalino,"Reguero del Catalino (Curso Fluvial) en Tarifa. WGS84: 36.07525, -5.741605.",IECA — Nomenclátor Geográfico de Andalucía (WFS app:Entidad),https://www.ideandalucia.es/wfs-nga/services,alta,Cádiz,Tarifa,36.07525,-5.741605,2026-08-28
NGA-13412,geografia,toponimo,Residencia Escolar Rancho Colores,"Residencia Escolar Rancho Colores (Servicio/Equipamiento) en Jerez de la Frontera. WGS84: 36.668304, -6.160343.",IECA — Nomenclátor Geográfico de Andalucía (WFS app:Entidad),https://www.ideandalucia.es/wfs-nga/services,alta,Cádiz,Jerez de la Frontera,36.668304,-6.160343,2026-08-28
NGA-13427,geografia,toponimo,Restaurante las Rejas,"Restaurante las Rejas (Servicio/Equipamiento) en Jimena de la Frontera. WGS84: 36.435515, -5.443039.",IECA — Nomenclátor Geográfico de Andalucía (WFS app:Entidad),https://www.ideandalucia.es/wfs-nga/services,alta,Cádiz,Jimena de la Frontera,36.435515,-5.443039,2026-08-28
NGA-13457,geografia,toponimo,Rivera de las Peñas,"Rivera de las Peñas (Curso Fluvial) en Vejer de la Frontera. WGS84: 36.269243, -5.973295.",IECA — Nomenclátor Geográfico de Andalucía (WFS app:Entidad),https://www.ideandalucia.es/wfs-nga/services,alta,Cádiz,Vejer de la Frontera,36.269243,-5.973295,2026-08-28
NGA-13485,geografia,toponimo,Roquero de Alfaro,"Roquero de Alfaro (Relieve Litoral / Marítimo) en Estepona. WGS84: 36.415151, -5.1698.",IECA — Nomenclátor Geográfico de Andalucía (WFS app:Entidad),https://www.ideandalucia.es/wfs-nga/services,alta,Cádiz,Estepona,36.415151,-5.1698,2026-08-28
NGA-13520,geografia,toponimo,Río Alberite,"Río Alberite (Curso Fluvial) en Alcalá de los Gazules. WGS84: 36.37733, -5.711352.",IECA — Nomenclátor Geográfico de Andalucía (WFS app:Entidad),https://www.ideandalucia.es/wfs-nga/services,alta,Cádiz,Alcalá de los Gazules,36.37733,-5.711352,2026-08-28
NGA-13521,geografia,toponimo,Río Almarchal,"Río Almarchal (Curso Fluvial) en Genalguacil. WGS84: 36.544396, -5.254213.",IECA — Nomenclátor Geográfico de Andalucía (WFS app:Entidad),https://www.ideandalucia.es/wfs-nga/services,alta,Cádiz,Genalguacil,36.544396,-5.254213,2026-08-28
NGA-13522,geografia,toponimo,Río Almodóvar,"Río Almodóvar (Curso Fluvial) en Tarifa. WGS84: 36.207515, -5.773181.",IECA — Nomenclátor Geográfico de Andalucía (WFS app:Entidad),https://www.ideandalucia.es/wfs-nga/services,alta,Cádiz,Tarifa,36.207515,-5.773181,2026-08-28
NGA-13524,geografia,toponimo,Río Arillo,"Río Arillo (Curso Fluvial) en San Fernando. WGS84: 36.448771, -6.231621.",IECA — Nomenclátor Geográfico de Andalucía (WFS app:Entidad),https://www.ideandalucia.es/wfs-nga/services,alta,Cádiz,San Fernando,36.448771,-6.231621,2026-08-28
NGA-13525,geografia,toponimo,Río Barbate,"Río Barbate (Curso Fluvial) en Barbate. WGS84: 36.187605, -5.914456.",IECA — Nomenclátor Geográfico de Andalucía (WFS app:Entidad),https://www.ideandalucia.es/wfs-nga/services,alta,Cádiz,Barbate,36.187605,-5.914456,2026-08-28
NGA-13526,geografia,toponimo,Río Bocaleones,"Río Bocaleones (Curso Fluvial) en Zahara. WGS84: 36.826322, -5.445502.",IECA — Nomenclátor Geográfico de Andalucía (WFS app:Entidad),https://www.ideandalucia.es/wfs-nga/services,alta,Cádiz,Zahara,36.826322,-5.445502,2026-08-28
NGA-13527,geografia,toponimo,Río Celemín,"Río Celemín (Curso Fluvial) en Medina Sidonia. WGS84: 36.297799, -5.808617.",IECA — Nomenclátor Geográfico de Andalucía (WFS app:Entidad),https://www.ideandalucia.es/wfs-nga/services,alta,Cádiz,Medina Sidonia,36.297799,-5.808617,2026-08-28
NGA-13528,geografia,toponimo,Río Genal,"Río Genal (Curso Fluvial) en Casares. WGS84: 36.402527, -5.322948.",IECA — Nomenclátor Geográfico de Andalucía (WFS app:Entidad),https://www.ideandalucia.es/wfs-nga/services,alta,Cádiz,Casares,36.402527,-5.322948,2026-08-28
NGA-13530,geografia,toponimo,Río Grande,"Río Grande (Curso Fluvial) en Ronda. WGS84: 36.73592, -5.149244.",IECA — Nomenclátor Geográfico de Andalucía (WFS app:Entidad),https://www.ideandalucia.es/wfs-nga/services,alta,Cádiz,Ronda,36.73592,-5.149244,2026-08-28
NGA-13531,geografia,toponimo,Río Guadacortes,"Río Guadacortes (Curso Fluvial) en Los Barrios. WGS84: 36.197864, -5.457917.",IECA — Nomenclátor Geográfico de Andalucía (WFS app:Entidad),https://www.ideandalucia.es/wfs-nga/services,alta,Cádiz,Los Barrios,36.197864,-5.457917,2026-08-28
NGA-13532,geografia,toponimo,Río Guadalcabacín,"Río Guadalcabacín (Curso Fluvial) en Ronda. WGS84: 36.75745, -5.193906.",IECA — Nomenclátor Geográfico de Andalucía (WFS app:Entidad),https://www.ideandalucia.es/wfs-nga/services,alta,Cádiz,Ronda,36.75745,-5.193906,2026-08-28
NGA-13533,geografia,toponimo,Río Guadalete,"Río Guadalete (Curso Fluvial) en El Puerto de Santa María. WGS84: 36.581673, -6.237762.",IECA — Nomenclátor Geográfico de Andalucía (WFS app:Entidad),https://www.ideandalucia.es/wfs-nga/services,alta,Cádiz,El Puerto de Santa María,36.581673,-6.237762,2026-08-28
NGA-13534,geografia,toponimo,Río Guadalmesí,"Río Guadalmesí (Curso Fluvial) en Tarifa. WGS84: 36.038156, -5.520755.",IECA — Nomenclátor Geográfico de Andalucía (WFS app:Entidad),https://www.ideandalucia.es/wfs-nga/services,alta,Cádiz,Tarifa,36.038156,-5.520755,2026-08-28
NGA-13535,geografia,toponimo,Río Guadalporcún,"Río Guadalporcún (Curso Fluvial) en Puerto Serrano. WGS84: 36.95116, -5.462097.",IECA — Nomenclátor Geográfico de Andalucía (WFS app:Entidad),https://www.ideandalucia.es/wfs-nga/services,alta,Cádiz,Puerto Serrano,36.95116,-5.462097,2026-08-28
NGA-13536,geografia,toponimo,Río Guadalquivir,"Río Guadalquivir (Curso Fluvial) en Sanlúcar de Barrameda. WGS84: 36.790459, -6.36148.",IECA — Nomenclátor Geográfico de Andalucía (WFS app:Entidad),https://www.ideandalucia.es/wfs-nga/services,alta,Cádiz,Sanlúcar de Barrameda,36.790459,-6.36148,2026-08-28
NGA-13537,geografia,toponimo,Río Guadamanil,"Río Guadamanil (Curso Fluvial) en Coripe. WGS84: 36.985093, -5.369127.",IECA — Nomenclátor Geográfico de Andalucía (WFS app:Entidad),https://www.ideandalucia.es/wfs-nga/services,alta,Cádiz,Coripe,36.985093,-5.369127,2026-08-28
NGA-13538,geografia,toponimo,Río Guadares,"Río Guadares (Curso Fluvial) en Montejaque. WGS84: 36.747534, -5.255763.",IECA — Nomenclátor Geográfico de Andalucía (WFS app:Entidad),https://www.ideandalucia.es/wfs-nga/services,alta,Cádiz,Montejaque,36.747534,-5.255763,2026-08-28
NGA-13539,geografia,toponimo,Río Guadarranque,"Río Guadarranque (Curso Fluvial) en Los Barrios. WGS84: 36.188717, -5.420292.",IECA — Nomenclátor Geográfico de Andalucía (WFS app:Entidad),https://www.ideandalucia.es/wfs-nga/services,alta,Cádiz,Los Barrios,36.188717,-5.420292,2026-08-28
NGA-13540,geografia,toponimo,Río Guadiaro,"Río Guadiaro (Curso Fluvial) en San Roque. WGS84: 36.284573, -5.281277.",IECA — Nomenclátor Geográfico de Andalucía (WFS app:Entidad),https://www.ideandalucia.es/wfs-nga/services,alta,Cádiz,San Roque,36.284573,-5.281277,2026-08-28
NGA-13541,geografia,toponimo,Río Hozgarganta,"Río Hozgarganta (Curso Fluvial) en San Martín del Tesorillo. WGS84: 36.331062, -5.331507.",IECA — Nomenclátor Geográfico de Andalucía (WFS app:Entidad),https://www.ideandalucia.es/wfs-nga/services,alta,Cádiz,San Martín del Tesorillo,36.331062,-5.331507,2026-08-28
NGA-13542,geografia,toponimo,Río Iro,"Río Iro (Curso Fluvial) en Chiclana de la Frontera. WGS84: 36.429474, -6.160386.",IECA — Nomenclátor Geográfico de Andalucía (WFS app:Entidad),https://www.ideandalucia.es/wfs-nga/services,alta,Cádiz,Chiclana de la Frontera,36.429474,-6.160386,2026-08-28
NGA-13543,geografia,toponimo,Río Majaceite,"Río Majaceite (Curso Fluvial) en Arcos de la Frontera. WGS84: 36.691835, -5.836668.",IECA — Nomenclátor Geográfico de Andalucía (WFS app:Entidad),https://www.ideandalucia.es/wfs-nga/services,alta,Cádiz,Arcos de la Frontera,36.691835,-5.836668,2026-08-28
NGA-13544,geografia,toponimo,Río Manilva,"Río Manilva (Curso Fluvial) en Manilva. WGS84: 36.373443, -5.226577.",IECA — Nomenclátor Geográfico de Andalucía (WFS app:Entidad),https://www.ideandalucia.es/wfs-nga/services,alta,Cádiz,Manilva,36.373443,-5.226577,2026-08-28
NGA-13545,geografia,toponimo,Río Martín,"Río Martín (Curso Fluvial) en Setenil de las Bodegas. WGS84: 36.855823, -5.185215.",IECA — Nomenclátor Geográfico de Andalucía (WFS app:Entidad),https://www.ideandalucia.es/wfs-nga/services,alta,Cádiz,Setenil de las Bodegas,36.855823,-5.185215,2026-08-28
NGA-13546,geografia,toponimo,Río Monardilla,"Río Monardilla (Curso Fluvial) en Jubrique. WGS84: 36.563556, -5.238171.",IECA — Nomenclátor Geográfico de Andalucía (WFS app:Entidad),https://www.ideandalucia.es/wfs-nga/services,alta,Cádiz,Jubrique,36.563556,-5.238171,2026-08-28
NGA-13547,geografia,toponimo,Río Palmones,"Río Palmones (Curso Fluvial) en Algeciras. WGS84: 36.173275, -5.433297.",IECA — Nomenclátor Geográfico de Andalucía (WFS app:Entidad),https://www.ideandalucia.es/wfs-nga/services,alta,Cádiz,Algeciras,36.173275,-5.433297,2026-08-28
NGA-13548,geografia,toponimo,Río Roche,"Río Roche (Curso Fluvial) en Conil de la Frontera. WGS84: 36.313515, -6.138906.",IECA — Nomenclátor Geográfico de Andalucía (WFS app:Entidad),https://www.ideandalucia.es/wfs-nga/services,alta,Cádiz,Conil de la Frontera,36.313515,-6.138906,2026-08-28
NGA-13549,geografia,toponimo,Río Rocinejo,"Río Rocinejo (Curso Fluvial) en Alcalá de los Gazules. WGS84: 36.396102, -5.699088.",IECA — Nomenclátor Geográfico de Andalucía (WFS app:Entidad),https://www.ideandalucia.es/wfs-nga/services,alta,Cádiz,Alcalá de los Gazules,36.396102,-5.699088,2026-08-28
NGA-13550,geografia,toponimo,Río Salado,"Río Salado (Curso Fluvial) en Conil de la Frontera. WGS84: 36.273319, -6.081076.",IECA — Nomenclátor Geográfico de Andalucía (WFS app:Entidad),https://www.ideandalucia.es/wfs-nga/services,alta,Cádiz,Conil de la Frontera,36.273319,-6.081076,2026-08-28
NGA-13551,geografia,toponimo,Río San Pedro,"Río San Pedro (Curso Fluvial) en El Puerto de Santa María. WGS84: 36.533354, -6.215642.",IECA — Nomenclátor Geográfico de Andalucía (WFS app:Entidad),https://www.ideandalucia.es/wfs-nga/services,alta,Cádiz,El Puerto de Santa María,36.533354,-6.215642,2026-08-28
NGA-13552,geografia,toponimo,Río Serrato,"Río Serrato (Curso Fluvial) en Ronda. WGS84: 36.814518, -5.207688.",IECA — Nomenclátor Geográfico de Andalucía (WFS app:Entidad),https://www.ideandalucia.es/wfs-nga/services,alta,Cádiz,Ronda,36.814518,-5.207688,2026-08-28
NGA-13553,geografia,toponimo,Río Tavizna,"Río Tavizna (Curso Fluvial) en El Bosque. WGS84: 36.715744, -5.519386.",IECA — Nomenclátor Geográfico de Andalucía (WFS app:Entidad),https://www.ideandalucia.es/wfs-nga/services,alta,Cádiz,El Bosque,36.715744,-5.519386,2026-08-28
NGA-13554,geografia,toponimo,Río Trejo,"Río Trejo (Curso Fluvial) en Setenil de las Bodegas. WGS84: 36.887604, -5.204873.",IECA — Nomenclátor Geográfico de Andalucía (WFS app:Entidad),https://www.ideandalucia.es/wfs-nga/services,alta,Cádiz,Setenil de las Bodegas,36.887604,-5.204873,2026-08-28
NGA-13555,geografia,toponimo,Río Verde,"Río Verde (Curso Fluvial) en Vejer de la Frontera. WGS84: 36.242456, -6.028107.",IECA — Nomenclátor Geográfico de Andalucía (WFS app:Entidad),https://www.ideandalucia.es/wfs-nga/services,alta,Cádiz,Vejer de la Frontera,36.242456,-6.028107,2026-08-28
NGA-13557,geografia,toponimo,Río Zurraque,"Río Zurraque (Curso Fluvial) en Chiclana de la Frontera. WGS84: 36.460259, -6.182314.",IECA — Nomenclátor Geográfico de Andalucía (WFS app:Entidad),https://www.ideandalucia.es/wfs-nga/services,alta,Cádiz,Chiclana de la Frontera,36.460259,-6.182314,2026-08-28
NGA-13558,geografia,toponimo,Río de Fraja,"Río de Fraja (Curso Fluvial) en Alcalá de los Gazules. WGS84: 36.482617, -5.730195.",IECA — Nomenclátor Geográfico de Andalucía (WFS app:Entidad),https://www.ideandalucia.es/wfs-nga/services,alta,Cádiz,Alcalá de los Gazules,36.482617,-5.730195,2026-08-28
NGA-13559,geografia,toponimo,Río de Ubrique,"Río de Ubrique (Curso Fluvial) en Ubrique. WGS84: 36.674199, -5.527703.",IECA — Nomenclátor Geográfico de Andalucía (WFS app:Entidad),https://www.ideandalucia.es/wfs-nga/services,alta,Cádiz,Ubrique,36.674199,-5.527703,2026-08-28
NGA-13560,geografia,toponimo,Río de la Jara,"Río de la Jara (Curso Fluvial) en Tarifa. WGS84: 36.033335, -5.624445.",IECA — Nomenclátor Geográfico de Andalucía (WFS app:Entidad),https://www.ideandalucia.es/wfs-nga/services,alta,Cádiz,Tarifa,36.033335,-5.624445,2026-08-28
NGA-13561,geografia,toponimo,Río de la Vega,"Río de la Vega (Curso Fluvial) en Tarifa. WGS84: 36.027585, -5.614071.",IECA — Nomenclátor Geográfico de Andalucía (WFS app:Entidad),https://www.ideandalucia.es/wfs-nga/services,alta,Cádiz,Tarifa,36.027585,-5.614071,2026-08-28
NGA-13562,geografia,toponimo,Río de los Codos,"Río de los Codos (Curso Fluvial) en Castellar de la Frontera. WGS84: 36.305758, -5.48309.",IECA — Nomenclátor Geográfico de Andalucía (WFS app:Entidad),https://www.ideandalucia.es/wfs-nga/services,alta,Cádiz,Castellar de la Frontera,36.305758,-5.48309,2026-08-28
NGA-13563,geografia,toponimo,Río del Bosque,"Río del Bosque (Curso Fluvial) en El Bosque. WGS84: 36.714589, -5.532948.",IECA — Nomenclátor Geográfico de Andalucía (WFS app:Entidad),https://www.ideandalucia.es/wfs-nga/services,alta,Cádiz,El Bosque,36.714589,-5.532948,2026-08-28
NGA-13564,geografia,toponimo,Río del Castor,"Río del Castor (Curso Fluvial) en Estepona. WGS84: 36.449873, -5.099151.",IECA — Nomenclátor Geográfico de Andalucía (WFS app:Entidad),https://www.ideandalucia.es/wfs-nga/services,alta,Cádiz,Estepona,36.449873,-5.099151,2026-08-28
NGA-13565,geografia,toponimo,Río del Gala,"Río del Gala (Curso Fluvial) en Estepona. WGS84: 36.433608, -5.134733.",IECA — Nomenclátor Geográfico de Andalucía (WFS app:Entidad),https://www.ideandalucia.es/wfs-nga/services,alta,Cádiz,Estepona,36.433608,-5.134733,2026-08-28
NGA-13566,geografia,toponimo,Río del Montero,"Río del Montero (Curso Fluvial) en Alcalá de los Gazules. WGS84: 36.477021, -5.626727.",IECA — Nomenclátor Geográfico de Andalucía (WFS app:Entidad),https://www.ideandalucia.es/wfs-nga/services,alta,Cádiz,Alcalá de los Gazules,36.477021,-5.626727,2026-08-28
NGA-13567,geografia,toponimo,Río del Padrón,"Río del Padrón (Curso Fluvial) en Estepona. WGS84: 36.437247, -5.105344.",IECA — Nomenclátor Geográfico de Andalucía (WFS app:Entidad),https://www.ideandalucia.es/wfs-nga/services,alta,Cádiz,Estepona,36.437247,-5.105344,2026-08-28
NGA-13568,geografia,toponimo,Río del Valerín,"Río del Valerín (Curso Fluvial) en Estepona. WGS84: 36.450996, -5.091882.",IECA — Nomenclátor Geográfico de Andalucía (WFS app:Entidad),https://www.ideandalucia.es/wfs-nga/services,alta,Cádiz,Estepona,36.450996,-5.091882,2026-08-28
NGA-13569,geografia,toponimo,Río del Valle,"Río del Valle (Curso Fluvial) en Tarifa. WGS84: 36.068485, -5.690667.",IECA — Nomenclátor Geográfico de Andalucía (WFS app:Entidad),https://www.ideandalucia.es/wfs-nga/services,alta,Cádiz,Tarifa,36.068485,-5.690667,2026-08-28
NGA-13570,geografia,toponimo,Río del Álamo,"Río del Álamo (Curso Fluvial) en Alcalá de los Gazules. WGS84: 36.37144, -5.797972.",IECA — Nomenclátor Geográfico de Andalucía (WFS app:Entidad),https://www.ideandalucia.es/wfs-nga/services,alta,Cádiz,Alcalá de los Gazules,36.37144,-5.797972,2026-08-28
NGA-13574,geografia,toponimo,Sacramento,"Sacramento (Masa de Agua) en Chiclana de la Frontera. WGS84: 36.43597, -6.158308.",IECA — Nomenclátor Geográfico de Andalucía (WFS app:Entidad),https://www.ideandalucia.es/wfs-nga/services,alta,Cádiz,Chiclana de la Frontera,36.43597,-6.158308,2026-08-28
NGA-13579,geografia,toponimo,Salina de San Rafael,"Salina de San Rafael (Masa de Agua) en Almonte. WGS84: 36.877303, -6.365657.",IECA — Nomenclátor Geográfico de Andalucía (WFS app:Entidad),https://www.ideandalucia.es/wfs-nga/services,alta,Cádiz,Almonte,36.877303,-6.365657,2026-08-28
NGA-13581,geografia,toponimo,Salinas San Carlos,"Salinas San Carlos (Masa de Agua) en Sanlúcar de Barrameda. WGS84: 36.841898, -6.339481.",IECA — Nomenclátor Geográfico de Andalucía (WFS app:Entidad),https://www.ideandalucia.es/wfs-nga/services,alta,Cádiz,Sanlúcar de Barrameda,36.841898,-6.339481,2026-08-28
NGA-13582,geografia,toponimo,Salinas Santa Teresa,"Salinas Santa Teresa (Masa de Agua) en Sanlúcar de Barrameda. WGS84: 36.847113, -6.347272.",IECA — Nomenclátor Geográfico de Andalucía (WFS app:Entidad),https://www.ideandalucia.es/wfs-nga/services,alta,Cádiz,Sanlúcar de Barrameda,36.847113,-6.347272,2026-08-28
NGA-13585,geografia,toponimo,Salinas de Jesús y María,"Salinas de Jesús y María (Masa de Agua) en Puerto Real. WGS84: 36.517897, -6.220494.",IECA — Nomenclátor Geográfico de Andalucía (WFS app:Entidad),https://www.ideandalucia.es/wfs-nga/services,alta,Cádiz,Puerto Real,36.517897,-6.220494,2026-08-28
NGA-13586,geografia,toponimo,Salinas la Tapa,"Salinas la Tapa (Masa de Agua) en El Puerto de Santa María. WGS84: 36.59622, -6.216749.",IECA — Nomenclátor Geográfico de Andalucía (WFS app:Entidad),https://www.ideandalucia.es/wfs-nga/services,alta,Cádiz,El Puerto de Santa María,36.59622,-6.216749,2026-08-28
NGA-13606,geografia,toponimo,San Antonio,"San Antonio (Masa de Agua) en Chiclana de la Frontera. WGS84: 36.424439, -6.209637.",IECA — Nomenclátor Geográfico de Andalucía (WFS app:Entidad),https://www.ideandalucia.es/wfs-nga/services,alta,Cádiz,Chiclana de la Frontera,36.424439,-6.209637,2026-08-28
NGA-13618,geografia,toponimo,San Diego,"San Diego (Masa de Agua) en Puerto Real. WGS84: 36.471789, -6.15164.",IECA — Nomenclátor Geográfico de Andalucía (WFS app:Entidad),https://www.ideandalucia.es/wfs-nga/services,alta,Cádiz,Puerto Real,36.471789,-6.15164,2026-08-28
NGA-13623,geografia,toponimo,San Eugenio,"San Eugenio (Masa de Agua) en Chiclana de la Frontera. WGS84: 36.444134, -6.170788.",IECA — Nomenclátor Geográfico de Andalucía (WFS app:Entidad),https://www.ideandalucia.es/wfs-nga/services,alta,Cádiz,Chiclana de la Frontera,36.444134,-6.170788,2026-08-28
NGA-13628,geografia,toponimo,San Fernando,"San Fernando (Masa de Agua) en Puerto Real. WGS84: 36.498505, -6.166276.",IECA — Nomenclátor Geográfico de Andalucía (WFS app:Entidad),https://www.ideandalucia.es/wfs-nga/services,alta,Cádiz,Puerto Real,36.498505,-6.166276,2026-08-28
NGA-13658,geografia,toponimo,San José y San Enrique,"San José y San Enrique (Masa de Agua) en Chiclana de la Frontera. WGS84: 36.444108, -6.163078.",IECA — Nomenclátor Geográfico de Andalucía (WFS app:Entidad),https://www.ideandalucia.es/wfs-nga/services,alta,Cádiz,Chiclana de la Frontera,36.444108,-6.163078,2026-08-28
NGA-13666,geografia,toponimo,San Leandro,"San Leandro (Masa de Agua) en Chiclana de la Frontera. WGS84: 36.428808, -6.20086.",IECA — Nomenclátor Geográfico de Andalucía (WFS app:Entidad),https://www.ideandalucia.es/wfs-nga/services,alta,Cádiz,Chiclana de la Frontera,36.428808,-6.20086,2026-08-28
NGA-13671,geografia,toponimo,San Manuel,"San Manuel (Masa de Agua) en Puerto Real. WGS84: 36.477391, -6.136407.",IECA — Nomenclátor Geográfico de Andalucía (WFS app:Entidad),https://www.ideandalucia.es/wfs-nga/services,alta,Cádiz,Puerto Real,36.477391,-6.136407,2026-08-28
NGA-13679,geografia,toponimo,San Nicolás,"San Nicolás (Masa de Agua) en San Fernando. WGS84: 36.410337, -6.221372.",IECA — Nomenclátor Geográfico de Andalucía (WFS app:Entidad),https://www.ideandalucia.es/wfs-nga/services,alta,Cádiz,San Fernando,36.410337,-6.221372,2026-08-28
NGA-13684,geografia,toponimo,San Patricio,"San Patricio (Masa de Agua) en Puerto Real. WGS84: 36.489959, -6.148438.",IECA — Nomenclátor Geográfico de Andalucía (WFS app:Entidad),https://www.ideandalucia.es/wfs-nga/services,alta,Cádiz,Puerto Real,36.489959,-6.148438,2026-08-28
NGA-13715,geografia,toponimo,Santa Bárbara,"Santa Bárbara (Masa de Agua) en Puerto Real. WGS84: 36.474731, -6.143391.",IECA — Nomenclátor Geográfico de Andalucía (WFS app:Entidad),https://www.ideandalucia.es/wfs-nga/services,alta,Cádiz,Puerto Real,36.474731,-6.143391,2026-08-28
NGA-13719,geografia,toponimo,Santa Gertrudis,"Santa Gertrudis (Masa de Agua) en Puerto Real. WGS84: 36.501842, -6.178013.",IECA — Nomenclátor Geográfico de Andalucía (WFS app:Entidad),https://www.ideandalucia.es/wfs-nga/services,alta,Cádiz,Puerto Real,36.501842,-6.178013,2026-08-28
NGA-13721,geografia,toponimo,Santa Isabel,"Santa Isabel (Masa de Agua) en Chiclana de la Frontera. WGS84: 36.430678, -6.205371.",IECA — Nomenclátor Geográfico de Andalucía (WFS app:Entidad),https://www.ideandalucia.es/wfs-nga/services,alta,Cádiz,Chiclana de la Frontera,36.430678,-6.205371,2026-08-28
NGA-13735,geografia,toponimo,Santa María de Jesús,"Santa María de Jesús (Masa de Agua) en Chiclana de la Frontera. WGS84: 36.440386, -6.16952.",IECA — Nomenclátor Geográfico de Andalucía (WFS app:Entidad),https://www.ideandalucia.es/wfs-nga/services,alta,Cádiz,Chiclana de la Frontera,36.440386,-6.16952,2026-08-28
NGA-13742,geografia,toponimo,Santa Rita,"Santa Rita (Masa de Agua) en Puerto Real. WGS84: 36.47572, -6.153315.",IECA — Nomenclátor Geográfico de Andalucía (WFS app:Entidad),https://www.ideandalucia.es/wfs-nga/services,alta,Cádiz,Puerto Real,36.47572,-6.153315,2026-08-28
NGA-13747,geografia,toponimo,Santa Teresa la Nueva,"Santa Teresa la Nueva (Masa de Agua) en Chiclana de la Frontera. WGS84: 36.43291, -6.162998.",IECA — Nomenclátor Geográfico de Andalucía (WFS app:Entidad),https://www.ideandalucia.es/wfs-nga/services,alta,Cádiz,Chiclana de la Frontera,36.43291,-6.162998,2026-08-28
NGA-13756,geografia,toponimo,Santo Domingo,"Santo Domingo (Masa de Agua) en Puerto Real. WGS84: 36.504757, -6.163593.",IECA — Nomenclátor Geográfico de Andalucía (WFS app:Entidad),https://www.ideandalucia.es/wfs-nga/services,alta,Cádiz,Puerto Real,36.504757,-6.163593,2026-08-28
NGA-13761,geografia,toponimo,Santuario Nuestra Señora de Regla,"Santuario Nuestra Señora de Regla (Servicio/Equipamiento) en Chipiona. WGS84: 36.729595, -6.438756.",IECA — Nomenclátor Geográfico de Andalucía (WFS app:Entidad),https://www.ideandalucia.es/wfs-nga/services,alta,Cádiz,Chipiona,36.729595,-6.438756,2026-08-28
NGA-13762,geografia,toponimo,Santuario Nuestra Señora de la Luz,"Santuario Nuestra Señora de la Luz (Servicio/Equipamiento) en Tarifa. WGS84: 36.081238, -5.625153.",IECA — Nomenclátor Geográfico de Andalucía (WFS app:Entidad),https://www.ideandalucia.es/wfs-nga/services,alta,Cádiz,Tarifa,36.081238,-5.625153,2026-08-28
NGA-13763,geografia,toponimo,Santuario Nuestra Señora de la Oliva,"Santuario Nuestra Señora de la Oliva (Servicio/Equipamiento) en Vejer de la Frontera. WGS84: 36.223411, -5.946518.",IECA — Nomenclátor Geográfico de Andalucía (WFS app:Entidad),https://www.ideandalucia.es/wfs-nga/services,alta,Cádiz,Vejer de la Frontera,36.223411,-5.946518,2026-08-28
NGA-13764,geografia,toponimo,Santuario Nuestra Señora de los Ángeles,"Santuario Nuestra Señora de los Ángeles (Servicio/Equipamiento) en Jimena de la Frontera. WGS84: 36.420213, -5.434712.",IECA — Nomenclátor Geográfico de Andalucía (WFS app:Entidad),https://www.ideandalucia.es/wfs-nga/services,alta,Cádiz,Jimena de la Frontera,36.420213,-5.434712,2026-08-28
NGA-13775,geografia,toponimo,Sección Tercera de Marismas Sector A,"Sección Tercera de Marismas Sector A (Relieve Litoral / Marítimo) en Lebrija. WGS84: 37.024612, -6.081561.",IECA — Nomenclátor Geográfico de Andalucía (WFS app:Entidad),https://www.ideandalucia.es/wfs-nga/services,alta,Cádiz,Lebrija,37.024612,-6.081561,2026-08-28
NGA-13778,geografia,toponimo,Sector B,"Sector B (Relieve Litoral / Marítimo) en Lebrija. WGS84: 37.000854, -6.104213.",IECA — Nomenclátor Geográfico de Andalucía (WFS app:Entidad),https://www.ideandalucia.es/wfs-nga/services,alta,Cádiz,Lebrija,37.000854,-6.104213,2026-08-28
NGA-13779,geografia,toponimo,Sector B-XI Norte,"Sector B-XI Norte (Relieve Litoral / Marítimo) en Lebrija. WGS84: 36.966425, -6.050215.",IECA — Nomenclátor Geográfico de Andalucía (WFS app:Entidad),https://www.ideandalucia.es/wfs-nga/services,alta,Cádiz,Lebrija,36.966425,-6.050215,2026-08-28
NGA-13780,geografia,toponimo,Sector B-XII Subsector B,"Sector B-XII Subsector B (Relieve Litoral / Marítimo) en Lebrija. WGS84: 36.969328, -6.094603.",IECA — Nomenclátor Geográfico de Andalucía (WFS app:Entidad),https://www.ideandalucia.es/wfs-nga/services,alta,Cádiz,Lebrija,36.969328,-6.094603,2026-08-28
NGA-13781,geografia,toponimo,Sector B-XII Subsector C,"Sector B-XII Subsector C (Relieve Litoral / Marítimo) en Lebrija. WGS84: 36.929117, -6.155704.",IECA — Nomenclátor Geográfico de Andalucía (WFS app:Entidad),https://www.ideandalucia.es/wfs-nga/services,alta,Cádiz,Lebrija,36.929117,-6.155704,2026-08-28
NGA-13782,geografia,toponimo,Sector B-XII Subsector-A,"Sector B-XII Subsector-A (Relieve Litoral / Marítimo) en Lebrija. WGS84: 36.983336, -6.063788.",IECA — Nomenclátor Geográfico de Andalucía (WFS app:Entidad),https://www.ideandalucia.es/wfs-nga/services,alta,Cádiz,Lebrija,36.983336,-6.063788,2026-08-28
NGA-13783,geografia,toponimo,Sector B-XII de Marismas Subsector A,"Sector B-XII de Marismas Subsector A (Relieve Litoral / Marítimo) en Lebrija. WGS84: 37.027392, -6.119726.",IECA — Nomenclátor Geográfico de Andalucía (WFS app:Entidad),https://www.ideandalucia.es/wfs-nga/services,alta,Cádiz,Lebrija,37.027392,-6.119726,2026-08-28
NGA-13784,geografia,toponimo,Sector B-XII de Marismas Subsector B,"Sector B-XII de Marismas Subsector B (Relieve Litoral / Marítimo) en Lebrija. WGS84: 37.006211, -6.139196.",IECA — Nomenclátor Geográfico de Andalucía (WFS app:Entidad),https://www.ideandalucia.es/wfs-nga/services,alta,Cádiz,Lebrija,37.006211,-6.139196,2026-08-28
NGA-13808,geografia,toponimo,Sherry Golf,"Sherry Golf (Servicio/Equipamiento) en Jerez de la Frontera. WGS84: 36.659429, -6.154891.",IECA — Nomenclátor Geográfico de Andalucía (WFS app:Entidad),https://www.ideandalucia.es/wfs-nga/services,alta,Cádiz,Jerez de la Frontera,36.659429,-6.154891,2026-08-28
NGA-14067,geografia,toponimo,Torre Gorda,"Torre Gorda (Servicio/Equipamiento) en Cádiz. WGS84: 36.460823, -6.253342.",IECA — Nomenclátor Geográfico de Andalucía (WFS app:Entidad),https://www.ideandalucia.es/wfs-nga/services,alta,Cádiz,Cádiz,36.460823,-6.253342,2026-08-28
NGA-14111,geografia,toponimo,Trinidad Nueva,"Trinidad Nueva (Masa de Agua) en Puerto Real. WGS84: 36.519387, -6.21549.",IECA — Nomenclátor Geográfico de Andalucía (WFS app:Entidad),https://www.ideandalucia.es/wfs-nga/services,alta,Cádiz,Puerto Real,36.519387,-6.21549,2026-08-28
NGA-14403,geografia,toponimo,Venta Abogado,"Venta Abogado (Servicio/Equipamiento) en Ronda. WGS84: 36.786504, -5.112409.",IECA — Nomenclátor Geográfico de Andalucía (WFS app:Entidad),https://www.ideandalucia.es/wfs-nga/services,alta,Cádiz,Ronda,36.786504,-5.112409,2026-08-28
NGA-14404,geografia,toponimo,Venta Agustín,"Venta Agustín (Servicio/Equipamiento) en Chiclana de la Frontera. WGS84: 36.430373, -6.142521.",IECA — Nomenclátor Geográfico de Andalucía (WFS app:Entidad),https://www.ideandalucia.es/wfs-nga/services,alta,Cádiz,Chiclana de la Frontera,36.430373,-6.142521,2026-08-28
NGA-14405,geografia,toponimo,Venta Alonso,"Venta Alonso (Servicio/Equipamiento) en Las Cabezas de San Juan. WGS84: 36.9405, -5.914167.",IECA — Nomenclátor Geográfico de Andalucía (WFS app:Entidad),https://www.ideandalucia.es/wfs-nga/services,alta,Cádiz,Las Cabezas de San Juan,36.9405,-5.914167,2026-08-28
NGA-14407,geografia,toponimo,Venta Altamirano,"Venta Altamirano (Servicio/Equipamiento) en Barbate. WGS84: 36.242706, -5.919709.",IECA — Nomenclátor Geográfico de Andalucía (WFS app:Entidad),https://www.ideandalucia.es/wfs-nga/services,alta,Cádiz,Barbate,36.242706,-5.919709,2026-08-28
NGA-14408,geografia,toponimo,Venta Antonio,"Venta Antonio (Servicio/Equipamiento) en Jerez de la Frontera. WGS84: 36.687855, -6.197627.",IECA — Nomenclátor Geográfico de Andalucía (WFS app:Entidad),https://www.ideandalucia.es/wfs-nga/services,alta,Cádiz,Jerez de la Frontera,36.687855,-6.197627,2026-08-28
NGA-14409,geografia,toponimo,Venta Arroyo Dulce,"Venta Arroyo Dulce (Servicio/Equipamiento) en Jerez de la Frontera. WGS84: 36.731761, -6.021446.",IECA — Nomenclátor Geográfico de Andalucía (WFS app:Entidad),https://www.ideandalucia.es/wfs-nga/services,alta,Cádiz,Jerez de la Frontera,36.731761,-6.021446,2026-08-28
NGA-14410,geografia,toponimo,Venta Braulio,"Venta Braulio (Servicio/Equipamiento) en Alcalá de los Gazules. WGS84: 36.457271, -5.765824.",IECA — Nomenclátor Geográfico de Andalucía (WFS app:Entidad),https://www.ideandalucia.es/wfs-nga/services,alta,Cádiz,Alcalá de los Gazules,36.457271,-5.765824,2026-08-28
NGA-14411,geografia,toponimo,Venta Brioles,"Venta Brioles (Servicio/Equipamiento) en San José del Valle. WGS84: 36.63039, -5.801231.",IECA — Nomenclátor Geográfico de Andalucía (WFS app:Entidad),https://www.ideandalucia.es/wfs-nga/services,alta,Cádiz,San José del Valle,36.63039,-5.801231,2026-08-28
NGA-14412,geografia,toponimo,Venta Campano,"Venta Campano (Servicio/Equipamiento) en Chiclana de la Frontera. WGS84: 36.378444, -6.115267.",IECA — Nomenclátor Geográfico de Andalucía (WFS app:Entidad),https://www.ideandalucia.es/wfs-nga/services,alta,Cádiz,Chiclana de la Frontera,36.378444,-6.115267,2026-08-28
NGA-14413,geografia,toponimo,Venta Carrasco,"Venta Carrasco (Servicio/Equipamiento) en Jimena de la Frontera. WGS84: 36.374983, -5.419359.",IECA — Nomenclátor Geográfico de Andalucía (WFS app:Entidad),https://www.ideandalucia.es/wfs-nga/services,alta,Cádiz,Jimena de la Frontera,36.374983,-5.419359,2026-08-28
NGA-14414,geografia,toponimo,Venta Chiquito,"Venta Chiquito (Servicio/Equipamiento) en Jerez de la Frontera. WGS84: 36.563861, -6.010282.",IECA — Nomenclátor Geográfico de Andalucía (WFS app:Entidad),https://www.ideandalucia.es/wfs-nga/services,alta,Cádiz,Jerez de la Frontera,36.563861,-6.010282,2026-08-28
NGA-14415,geografia,toponimo,Venta Cueva del Gato,"Venta Cueva del Gato (Servicio/Equipamiento) en Benaoján. WGS84: 36.724037, -5.237006.",IECA — Nomenclátor Geográfico de Andalucía (WFS app:Entidad),https://www.ideandalucia.es/wfs-nga/services,alta,Cádiz,Benaoján,36.724037,-5.237006,2026-08-28
NGA-14416,geografia,toponimo,Venta Duarte,"Venta Duarte (Servicio/Equipamiento) en Barbate. WGS84: 36.240053, -5.888416.",IECA — Nomenclátor Geográfico de Andalucía (WFS app:Entidad),https://www.ideandalucia.es/wfs-nga/services,alta,Cádiz,Barbate,36.240053,-5.888416,2026-08-28
NGA-14417,geografia,toponimo,Venta Estudillo,"Venta Estudillo (Servicio/Equipamiento) en Benalup-Casas Viejas. WGS84: 36.304345, -5.717359.",IECA — Nomenclátor Geográfico de Andalucía (WFS app:Entidad),https://www.ideandalucia.es/wfs-nga/services,alta,Cádiz,Benalup-Casas Viejas,36.304345,-5.717359,2026-08-28
NGA-14418,geografia,toponimo,Venta Flores,"Venta Flores (Servicio/Equipamiento) en Ronda. WGS84: 36.773507, -5.164708.",IECA — Nomenclátor Geográfico de Andalucía (WFS app:Entidad),https://www.ideandalucia.es/wfs-nga/services,alta,Cádiz,Ronda,36.773507,-5.164708,2026-08-28
NGA-14419,geografia,toponimo,Venta Gallo de Oro,"Venta Gallo de Oro (Servicio/Equipamiento) en Jerez de la Frontera. WGS84: 36.710302, -6.04851.",IECA — Nomenclátor Geográfico de Andalucía (WFS app:Entidad),https://www.ideandalucia.es/wfs-nga/services,alta,Cádiz,Jerez de la Frontera,36.710302,-6.04851,2026-08-28
NGA-14420,geografia,toponimo,Venta Guaitar,"Venta Guaitar (Servicio/Equipamiento) en Igualeja. WGS84: 36.613086, -5.123224.",IECA — Nomenclátor Geográfico de Andalucía (WFS app:Entidad),https://www.ideandalucia.es/wfs-nga/services,alta,Cádiz,Igualeja,36.613086,-5.123224,2026-08-28
NGA-14421,geografia,toponimo,Venta Gómez,"Venta Gómez (Servicio/Equipamiento) en San Roque. WGS84: 36.24015, -5.435262.",IECA — Nomenclátor Geográfico de Andalucía (WFS app:Entidad),https://www.ideandalucia.es/wfs-nga/services,alta,Cádiz,San Roque,36.24015,-5.435262,2026-08-28
NGA-14422,geografia,toponimo,Venta Jarandilla,"Venta Jarandilla (Servicio/Equipamiento) en Castellar de la Frontera. WGS84: 36.310892, -5.449473.",IECA — Nomenclátor Geográfico de Andalucía (WFS app:Entidad),https://www.ideandalucia.es/wfs-nga/services,alta,Cádiz,Castellar de la Frontera,36.310892,-5.449473,2026-08-28
NGA-14423,geografia,toponimo,Venta Juan Carlos,"Venta Juan Carlos (Servicio/Equipamiento) en San Roque. WGS84: 36.225105, -5.437622.",IECA — Nomenclátor Geográfico de Andalucía (WFS app:Entidad),https://www.ideandalucia.es/wfs-nga/services,alta,Cádiz,San Roque,36.225105,-5.437622,2026-08-28
NGA-14424,geografia,toponimo,Venta Manolo,"Venta Manolo (Servicio/Equipamiento) en El Puerto de Santa María. WGS84: 36.612234, -6.247849.",IECA — Nomenclátor Geográfico de Andalucía (WFS app:Entidad),https://www.ideandalucia.es/wfs-nga/services,alta,Cádiz,El Puerto de Santa María,36.612234,-6.247849,2026-08-28
NGA-14425,geografia,toponimo,Venta Manolo,"Venta Manolo (Servicio/Equipamiento) en San Roque. WGS84: 36.307729, -5.293194.",IECA — Nomenclátor Geográfico de Andalucía (WFS app:Entidad),https://www.ideandalucia.es/wfs-nga/services,alta,Cádiz,San Roque,36.307729,-5.293194,2026-08-28
NGA-14426,geografia,toponimo,Venta Manolo,"Venta Manolo (Servicio/Equipamiento) en Ronda. WGS84: 36.707934, -5.175263.",IECA — Nomenclátor Geográfico de Andalucía (WFS app:Entidad),https://www.ideandalucia.es/wfs-nga/services,alta,Cádiz,Ronda,36.707934,-5.175263,2026-08-28
NGA-14427,geografia,toponimo,Venta Mariquita,"Venta Mariquita (Servicio/Equipamiento) en Prado del Rey. WGS84: 36.749601, -5.573088.",IECA — Nomenclátor Geográfico de Andalucía (WFS app:Entidad),https://www.ideandalucia.es/wfs-nga/services,alta,Cádiz,Prado del Rey,36.749601,-5.573088,2026-08-28
NGA-14429,geografia,toponimo,Venta Menuito,"Venta Menuito (Servicio/Equipamiento) en Chipiona. WGS84: 36.748758, -6.381543.",IECA — Nomenclátor Geográfico de Andalucía (WFS app:Entidad),https://www.ideandalucia.es/wfs-nga/services,alta,Cádiz,Chipiona,36.748758,-6.381543,2026-08-28
NGA-14430,geografia,toponimo,Venta Micones,"Venta Micones (Servicio/Equipamiento) en Lebrija. WGS84: 36.873367, -6.050333.",IECA — Nomenclátor Geográfico de Andalucía (WFS app:Entidad),https://www.ideandalucia.es/wfs-nga/services,alta,Cádiz,Lebrija,36.873367,-6.050333,2026-08-28
NGA-14431,geografia,toponimo,Venta Miraflores,"Venta Miraflores (Servicio/Equipamiento) en San Roque. WGS84: 36.204597, -5.415354.",IECA — Nomenclátor Geográfico de Andalucía (WFS app:Entidad),https://www.ideandalucia.es/wfs-nga/services,alta,Cádiz,San Roque,36.204597,-5.415354,2026-08-28
NGA-14432,geografia,toponimo,Venta Molina,"Venta Molina (Servicio/Equipamiento) en Vejer de la Frontera. WGS84: 36.236957, -6.072891.",IECA — Nomenclátor Geográfico de Andalucía (WFS app:Entidad),https://www.ideandalucia.es/wfs-nga/services,alta,Cádiz,Vejer de la Frontera,36.236957,-6.072891,2026-08-28
NGA-14433,geografia,toponimo,Venta Morena,"Venta Morena (Servicio/Equipamiento) en Gaucín. WGS84: 36.521085, -5.326506.",IECA — Nomenclátor Geográfico de Andalucía (WFS app:Entidad),https://www.ideandalucia.es/wfs-nga/services,alta,Cádiz,Gaucín,36.521085,-5.326506,2026-08-28
NGA-14434,geografia,toponimo,Venta Natera,"Venta Natera (Servicio/Equipamiento) en Algámitas. WGS84: 37.030574, -5.124024.",IECA — Nomenclátor Geográfico de Andalucía (WFS app:Entidad),https://www.ideandalucia.es/wfs-nga/services,alta,Cádiz,Algámitas,37.030574,-5.124024,2026-08-28
NGA-14437,geografia,toponimo,Venta Nuestra Señora de Fátima,"Venta Nuestra Señora de Fátima (Servicio/Equipamiento) en Espera. WGS84: 36.912134, -5.739549.",IECA — Nomenclátor Geográfico de Andalucía (WFS app:Entidad),https://www.ideandalucia.es/wfs-nga/services,alta,Cádiz,Espera,36.912134,-5.739549,2026-08-28
NGA-14438,geografia,toponimo,Venta Nueva Frontera,"Venta Nueva Frontera (Servicio/Equipamiento) en San Roque. WGS84: 36.310603, -5.298967.",IECA — Nomenclátor Geográfico de Andalucía (WFS app:Entidad),https://www.ideandalucia.es/wfs-nga/services,alta,Cádiz,San Roque,36.310603,-5.298967,2026-08-28
NGA-14440,geografia,toponimo,Venta Patriste,"Venta Patriste (Servicio/Equipamiento) en Alcalá de los Gazules. WGS84: 36.463843, -5.66424.",IECA — Nomenclátor Geográfico de Andalucía (WFS app:Entidad),https://www.ideandalucia.es/wfs-nga/services,alta,Cádiz,Alcalá de los Gazules,36.463843,-5.66424,2026-08-28
NGA-14441,geografia,toponimo,Venta Pavo Real,"Venta Pavo Real (Servicio/Equipamiento) en El Puerto de Santa María. WGS84: 36.629178, -6.198131.",IECA — Nomenclátor Geográfico de Andalucía (WFS app:Entidad),https://www.ideandalucia.es/wfs-nga/services,alta,Cádiz,El Puerto de Santa María,36.629178,-6.198131,2026-08-28
NGA-14442,geografia,toponimo,Venta Pinillos,"Venta Pinillos (Servicio/Equipamiento) en Chiclana de la Frontera. WGS84: 36.369419, -6.182098.",IECA — Nomenclátor Geográfico de Andalucía (WFS app:Entidad),https://www.ideandalucia.es/wfs-nga/services,alta,Cádiz,Chiclana de la Frontera,36.369419,-6.182098,2026-08-28
NGA-14443,geografia,toponimo,Venta Ramirón,"Venta Ramirón (Servicio/Equipamiento) en Ronda. WGS84: 36.742707, -5.113565.",IECA — Nomenclátor Geográfico de Andalucía (WFS app:Entidad),https://www.ideandalucia.es/wfs-nga/services,alta,Cádiz,Ronda,36.742707,-5.113565,2026-08-28
NGA-14444,geografia,toponimo,Venta Ramírez,"Venta Ramírez (Servicio/Equipamiento) en Villamartín. WGS84: 36.807878, -5.618098.",IECA — Nomenclátor Geográfico de Andalucía (WFS app:Entidad),https://www.ideandalucia.es/wfs-nga/services,alta,Cádiz,Villamartín,36.807878,-5.618098,2026-08-28
NGA-14445,geografia,toponimo,Venta Requera,"Venta Requera (Servicio/Equipamiento) en Benaocaz. WGS84: 36.724813, -5.49015.",IECA — Nomenclátor Geográfico de Andalucía (WFS app:Entidad),https://www.ideandalucia.es/wfs-nga/services,alta,Cádiz,Benaocaz,36.724813,-5.49015,2026-08-28
NGA-14446,geografia,toponimo,Venta Reyes,"Venta Reyes (Servicio/Equipamiento) en Conil de la Frontera. WGS84: 36.305331, -6.079608.",IECA — Nomenclátor Geográfico de Andalucía (WFS app:Entidad),https://www.ideandalucia.es/wfs-nga/services,alta,Cádiz,Conil de la Frontera,36.305331,-6.079608,2026-08-28
NGA-14447,geografia,toponimo,Venta Rosario,"Venta Rosario (Servicio/Equipamiento) en Jerez de la Frontera. WGS84: 36.723359, -6.099549.",IECA — Nomenclátor Geográfico de Andalucía (WFS app:Entidad),https://www.ideandalucia.es/wfs-nga/services,alta,Cádiz,Jerez de la Frontera,36.723359,-6.099549,2026-08-28
NGA-14449,geografia,toponimo,Venta San Isidro,"Venta San Isidro (Servicio/Equipamiento) en Los Barrios. WGS84: 36.164782, -5.49565.",IECA — Nomenclátor Geográfico de Andalucía (WFS app:Entidad),https://www.ideandalucia.es/wfs-nga/services,alta,Cádiz,Los Barrios,36.164782,-5.49565,2026-08-28
NGA-14450,geografia,toponimo,Venta San Miguel,"Venta San Miguel (Servicio/Equipamiento) en Jerez de la Frontera. WGS84: 36.627356, -5.855636.",IECA — Nomenclátor Geográfico de Andalucía (WFS app:Entidad),https://www.ideandalucia.es/wfs-nga/services,alta,Cádiz,Jerez de la Frontera,36.627356,-5.855636,2026-08-28
NGA-14451,geografia,toponimo,Venta Santa Luisa,"Venta Santa Luisa (Servicio/Equipamiento) en Lebrija. WGS84: 36.902761, -5.985622.",IECA — Nomenclátor Geográfico de Andalucía (WFS app:Entidad),https://www.ideandalucia.es/wfs-nga/services,alta,Cádiz,Lebrija,36.902761,-5.985622,2026-08-28
NGA-14452,geografia,toponimo,Venta Torre Breva,"Venta Torre Breva (Servicio/Equipamiento) en Rota. WGS84: 36.71443, -6.3794.",IECA — Nomenclátor Geográfico de Andalucía (WFS app:Entidad),https://www.ideandalucia.es/wfs-nga/services,alta,Cádiz,Rota,36.71443,-6.3794,2026-08-28
NGA-14453,geografia,toponimo,Venta Torre Nueva,"Venta Torre Nueva (Servicio/Equipamiento) en Vejer de la Frontera. WGS84: 36.232246, -6.070624.",IECA — Nomenclátor Geográfico de Andalucía (WFS app:Entidad),https://www.ideandalucia.es/wfs-nga/services,alta,Cádiz,Vejer de la Frontera,36.232246,-6.070624,2026-08-28
NGA-14454,geografia,toponimo,Venta Valenzuela,"Venta Valenzuela (Servicio/Equipamiento) en Las Cabezas de San Juan. WGS84: 36.9753, -5.962123.",IECA — Nomenclátor Geográfico de Andalucía (WFS app:Entidad),https://www.ideandalucia.es/wfs-nga/services,alta,Cádiz,Las Cabezas de San Juan,36.9753,-5.962123,2026-08-28
NGA-14455,geografia,toponimo,Venta de Abuera,"Venta de Abuera (Servicio/Equipamiento) en Ubrique. WGS84: 36.66564, -5.483764.",IECA — Nomenclátor Geográfico de Andalucía (WFS app:Entidad),https://www.ideandalucia.es/wfs-nga/services,alta,Cádiz,Ubrique,36.66564,-5.483764,2026-08-28
NGA-14456,geografia,toponimo,Venta de Arriba,"Venta de Arriba (Servicio/Equipamiento) en Setenil de las Bodegas. WGS84: 36.845626, -5.209548.",IECA — Nomenclátor Geográfico de Andalucía (WFS app:Entidad),https://www.ideandalucia.es/wfs-nga/services,alta,Cádiz,Setenil de las Bodegas,36.845626,-5.209548,2026-08-28
NGA-14457,geografia,toponimo,Venta de Aznar,"Venta de Aznar (Servicio/Equipamiento) en Arcos de la Frontera. WGS84: 36.69558, -5.708354.",IECA — Nomenclátor Geográfico de Andalucía (WFS app:Entidad),https://www.ideandalucia.es/wfs-nga/services,alta,Cádiz,Arcos de la Frontera,36.69558,-5.708354,2026-08-28
NGA-14458,geografia,toponimo,Venta de Cabrahigos,"Venta de Cabrahigos (Servicio/Equipamiento) en Vejer de la Frontera. WGS84: 36.315795, -5.887066.",IECA — Nomenclátor Geográfico de Andalucía (WFS app:Entidad),https://www.ideandalucia.es/wfs-nga/services,alta,Cádiz,Vejer de la Frontera,36.315795,-5.887066,2026-08-28
NGA-14459,geografia,toponimo,Venta de Carita,"Venta de Carita (Servicio/Equipamiento) en Medina Sidonia. WGS84: 36.370986, -5.875683.",IECA — Nomenclátor Geográfico de Andalucía (WFS app:Entidad),https://www.ideandalucia.es/wfs-nga/services,alta,Cádiz,Medina Sidonia,36.370986,-5.875683,2026-08-28
NGA-14460,geografia,toponimo,Venta de Cuatro Mojones,"Venta de Cuatro Mojones (Servicio/Equipamiento) en Villamartín. WGS84: 36.885565, -5.534623.",IECA — Nomenclátor Geográfico de Andalucía (WFS app:Entidad),https://www.ideandalucia.es/wfs-nga/services,alta,Cádiz,Villamartín,36.885565,-5.534623,2026-08-28
NGA-14461,geografia,toponimo,Venta de Faín,"Venta de Faín (Servicio/Equipamiento) en Arcos de la Frontera. WGS84: 36.720485, -5.787846.",IECA — Nomenclátor Geográfico de Andalucía (WFS app:Entidad),https://www.ideandalucia.es/wfs-nga/services,alta,Cádiz,Arcos de la Frontera,36.720485,-5.787846,2026-08-28
NGA-14462,geografia,toponimo,Venta de Granadal,"Venta de Granadal (Servicio/Equipamiento) en Olvera. WGS84: 36.966592, -5.13544.",IECA — Nomenclátor Geográfico de Andalucía (WFS app:Entidad),https://www.ideandalucia.es/wfs-nga/services,alta,Cádiz,Olvera,36.966592,-5.13544,2026-08-28
NGA-14464,geografia,toponimo,Venta de Mariné,"Venta de Mariné (Servicio/Equipamiento) en Prado del Rey. WGS84: 36.797987, -5.53618.",IECA — Nomenclátor Geográfico de Andalucía (WFS app:Entidad),https://www.ideandalucia.es/wfs-nga/services,alta,Cádiz,Prado del Rey,36.797987,-5.53618,2026-08-28
NGA-14465,geografia,toponimo,Venta de Mota,"Venta de Mota (Servicio/Equipamiento) en Gaucín. WGS84: 36.472252, -5.326519.",IECA — Nomenclátor Geográfico de Andalucía (WFS app:Entidad),https://www.ideandalucia.es/wfs-nga/services,alta,Cádiz,Gaucín,36.472252,-5.326519,2026-08-28
NGA-14466,geografia,toponimo,Venta de Ojén,"Venta de Ojén (Servicio/Equipamiento) en Los Barrios. WGS84: 36.143333, -5.593725.",IECA — Nomenclátor Geográfico de Andalucía (WFS app:Entidad),https://www.ideandalucia.es/wfs-nga/services,alta,Cádiz,Los Barrios,36.143333,-5.593725,2026-08-28
NGA-14467,geografia,toponimo,Venta de Puerto Galiz,"Venta de Puerto Galiz (Servicio/Equipamiento) en Jerez de la Frontera. WGS84: 36.559408, -5.60086.",IECA — Nomenclátor Geográfico de Andalucía (WFS app:Entidad),https://www.ideandalucia.es/wfs-nga/services,alta,Cádiz,Jerez de la Frontera,36.559408,-5.60086,2026-08-28
NGA-14468,geografia,toponimo,Venta de San Isidaro,"Venta de San Isidaro (Servicio/Equipamiento) en Benadalid. WGS84: 36.622817, -5.269732.",IECA — Nomenclátor Geográfico de Andalucía (WFS app:Entidad),https://www.ideandalucia.es/wfs-nga/services,alta,Cádiz,Benadalid,36.622817,-5.269732,2026-08-28
NGA-14469,geografia,toponimo,Venta de Santiago,"Venta de Santiago (Servicio/Equipamiento) en Espera. WGS84: 36.918899, -5.789588.",IECA — Nomenclátor Geográfico de Andalucía (WFS app:Entidad),https://www.ideandalucia.es/wfs-nga/services,alta,Cádiz,Espera,36.918899,-5.789588,2026-08-28
NGA-14470,geografia,toponimo,Venta de Santo Domingo,"Venta de Santo Domingo (Servicio/Equipamiento) en Benalauría. WGS84: 36.596678, -5.271933.",IECA — Nomenclátor Geográfico de Andalucía (WFS app:Entidad),https://www.ideandalucia.es/wfs-nga/services,alta,Cádiz,Benalauría,36.596678,-5.271933,2026-08-28
NGA-14471,geografia,toponimo,Venta de Tres Caminos,"Venta de Tres Caminos (Servicio/Equipamiento) en Arcos de la Frontera. WGS84: 36.736226, -5.790006.",IECA — Nomenclátor Geográfico de Andalucía (WFS app:Entidad),https://www.ideandalucia.es/wfs-nga/services,alta,Cádiz,Arcos de la Frontera,36.736226,-5.790006,2026-08-28
NGA-14472,geografia,toponimo,Venta de Tres Cruces,"Venta de Tres Cruces (Servicio/Equipamiento) en Villamartín. WGS84: 36.835578, -5.573029.",IECA — Nomenclátor Geográfico de Andalucía (WFS app:Entidad),https://www.ideandalucia.es/wfs-nga/services,alta,Cádiz,Villamartín,36.835578,-5.573029,2026-08-28
NGA-14473,geografia,toponimo,Venta de la Escalera,"Venta de la Escalera (Servicio/Equipamiento) en Arcos de la Frontera. WGS84: 36.755757, -5.745067.",IECA — Nomenclátor Geográfico de Andalucía (WFS app:Entidad),https://www.ideandalucia.es/wfs-nga/services,alta,Cádiz,Arcos de la Frontera,36.755757,-5.745067,2026-08-28
NGA-14474,geografia,toponimo,Venta de la Mesa del Jardín,"Venta de la Mesa del Jardín (Servicio/Equipamiento) en Arcos de la Frontera. WGS84: 36.75375, -5.693606.",IECA — Nomenclátor Geográfico de Andalucía (WFS app:Entidad),https://www.ideandalucia.es/wfs-nga/services,alta,Cádiz,Arcos de la Frontera,36.75375,-5.693606,2026-08-28
NGA-14475,geografia,toponimo,Venta de la Mina,"Venta de la Mina (Servicio/Equipamiento) en Arcos de la Frontera. WGS84: 36.741721, -5.861864.",IECA — Nomenclátor Geográfico de Andalucía (WFS app:Entidad),https://www.ideandalucia.es/wfs-nga/services,alta,Cádiz,Arcos de la Frontera,36.741721,-5.861864,2026-08-28
NGA-14476,geografia,toponimo,Venta de la Palma,"Venta de la Palma (Servicio/Equipamiento) en Setenil de las Bodegas. WGS84: 36.904292, -5.20018.",IECA — Nomenclátor Geográfico de Andalucía (WFS app:Entidad),https://www.ideandalucia.es/wfs-nga/services,alta,Cádiz,Setenil de las Bodegas,36.904292,-5.20018,2026-08-28
NGA-14477,geografia,toponimo,Venta de la Parra,"Venta de la Parra (Servicio/Equipamiento) en Prado del Rey. WGS84: 36.801496, -5.527536.",IECA — Nomenclátor Geográfico de Andalucía (WFS app:Entidad),https://www.ideandalucia.es/wfs-nga/services,alta,Cádiz,Prado del Rey,36.801496,-5.527536,2026-08-28
NGA-14478,geografia,toponimo,Venta de la Pérdiz,"Venta de la Pérdiz (Servicio/Equipamiento) en Arcos de la Frontera. WGS84: 36.684376, -5.705934.",IECA — Nomenclátor Geográfico de Andalucía (WFS app:Entidad),https://www.ideandalucia.es/wfs-nga/services,alta,Cádiz,Arcos de la Frontera,36.684376,-5.705934,2026-08-28
NGA-14480,geografia,toponimo,Venta de la Rocío,"Venta de la Rocío (Servicio/Equipamiento) en Arcos de la Frontera. WGS84: 36.704071, -5.747376.",IECA — Nomenclátor Geográfico de Andalucía (WFS app:Entidad),https://www.ideandalucia.es/wfs-nga/services,alta,Cádiz,Arcos de la Frontera,36.704071,-5.747376,2026-08-28
NGA-14481,geografia,toponimo,Venta de la Salud,"Venta de la Salud (Servicio/Equipamiento) en Jimera de Líbar. WGS84: 36.653047, -5.288354.",IECA — Nomenclátor Geográfico de Andalucía (WFS app:Entidad),https://www.ideandalucia.es/wfs-nga/services,alta,Cádiz,Jimera de Líbar,36.653047,-5.288354,2026-08-28
NGA-14482,geografia,toponimo,Venta de la Salud,"Venta de la Salud (Servicio/Equipamiento) en Los Barrios. WGS84: 36.174562, -5.460464.",IECA — Nomenclátor Geográfico de Andalucía (WFS app:Entidad),https://www.ideandalucia.es/wfs-nga/services,alta,Cádiz,Los Barrios,36.174562,-5.460464,2026-08-28
NGA-14484,geografia,toponimo,Venta de la Victoria,"Venta de la Victoria (Servicio/Equipamiento) en Casares. WGS84: 36.440574, -5.233833.",IECA — Nomenclátor Geográfico de Andalucía (WFS app:Entidad),https://www.ideandalucia.es/wfs-nga/services,alta,Cádiz,Casares,36.440574,-5.233833,2026-08-28
NGA-14486,geografia,toponimo,Venta de las Cuevas,"Venta de las Cuevas (Servicio/Equipamiento) en Jerez de la Frontera. WGS84: 36.686078, -6.079543.",IECA — Nomenclátor Geográfico de Andalucía (WFS app:Entidad),https://www.ideandalucia.es/wfs-nga/services,alta,Cádiz,Jerez de la Frontera,36.686078,-6.079543,2026-08-28
NGA-14487,geografia,toponimo,Venta de los Carpinteros,"Venta de los Carpinteros (Servicio/Equipamiento) en Barbate. WGS84: 36.226449, -5.848049.",IECA — Nomenclátor Geográfico de Andalucía (WFS app:Entidad),https://www.ideandalucia.es/wfs-nga/services,alta,Cádiz,Barbate,36.226449,-5.848049,2026-08-28
NGA-14488,geografia,toponimo,Venta de los Frontones,"Venta de los Frontones (Servicio/Equipamiento) en Ronda. WGS84: 36.788863, -5.161449.",IECA — Nomenclátor Geográfico de Andalucía (WFS app:Entidad),https://www.ideandalucia.es/wfs-nga/services,alta,Cádiz,Ronda,36.788863,-5.161449,2026-08-28
NGA-14490,geografia,toponimo,Venta del Algarrobo,"Venta del Algarrobo (Servicio/Equipamiento) en Puerto Real. WGS84: 36.548742, -6.140246.",IECA — Nomenclátor Geográfico de Andalucía (WFS app:Entidad),https://www.ideandalucia.es/wfs-nga/services,alta,Cádiz,Puerto Real,36.548742,-6.140246,2026-08-28
NGA-14491,geografia,toponimo,Venta del Boquete,"Venta del Boquete (Servicio/Equipamiento) en San José del Valle. WGS84: 36.593927, -5.78472.",IECA — Nomenclátor Geográfico de Andalucía (WFS app:Entidad),https://www.ideandalucia.es/wfs-nga/services,alta,Cádiz,San José del Valle,36.593927,-5.78472,2026-08-28
NGA-14492,geografia,toponimo,Venta del Carmen,"Venta del Carmen (Servicio/Equipamiento) en Los Barrios. WGS84: 36.182439, -5.446679.",IECA — Nomenclátor Geográfico de Andalucía (WFS app:Entidad),https://www.ideandalucia.es/wfs-nga/services,alta,Cádiz,Los Barrios,36.182439,-5.446679,2026-08-28
NGA-14493,geografia,toponimo,Venta del Chichi,"Venta del Chichi (Servicio/Equipamiento) en Arcos de la Frontera. WGS84: 36.704853, -5.806005.",IECA — Nomenclátor Geográfico de Andalucía (WFS app:Entidad),https://www.ideandalucia.es/wfs-nga/services,alta,Cádiz,Arcos de la Frontera,36.704853,-5.806005,2026-08-28
NGA-14494,geografia,toponimo,Venta del Cojo,"Venta del Cojo (Servicio/Equipamiento) en Benaocaz. WGS84: 36.695026, -5.462203.",IECA — Nomenclátor Geográfico de Andalucía (WFS app:Entidad),https://www.ideandalucia.es/wfs-nga/services,alta,Cádiz,Benaocaz,36.695026,-5.462203,2026-08-28
NGA-14495,geografia,toponimo,Venta del Cántaro,"Venta del Cántaro (Servicio/Equipamiento) en Jerez de la Frontera. WGS84: 36.830221, -5.923377.",IECA — Nomenclátor Geográfico de Andalucía (WFS app:Entidad),https://www.ideandalucia.es/wfs-nga/services,alta,Cádiz,Jerez de la Frontera,36.830221,-5.923377,2026-08-28
NGA-14496,geografia,toponimo,Venta del Empalme de Espera,"Venta del Empalme de Espera (Servicio/Equipamiento) en Espera. WGS84: 36.914393, -5.755929.",IECA — Nomenclátor Geográfico de Andalucía (WFS app:Entidad),https://www.ideandalucia.es/wfs-nga/services,alta,Cádiz,Espera,36.914393,-5.755929,2026-08-28
NGA-14497,geografia,toponimo,Venta del Loro,"Venta del Loro (Servicio/Equipamiento) en Casares. WGS84: 36.415865, -5.238221.",IECA — Nomenclátor Geográfico de Andalucía (WFS app:Entidad),https://www.ideandalucia.es/wfs-nga/services,alta,Cádiz,Casares,36.415865,-5.238221,2026-08-28
NGA-14498,geografia,toponimo,Venta del Montalbán,"Venta del Montalbán (Servicio/Equipamiento) en Chipiona. WGS84: 36.699285, -6.403545.",IECA — Nomenclátor Geográfico de Andalucía (WFS app:Entidad),https://www.ideandalucia.es/wfs-nga/services,alta,Cádiz,Chipiona,36.699285,-6.403545,2026-08-28
NGA-14499,geografia,toponimo,Venta del Pino Gordo,"Venta del Pino Gordo (Servicio/Equipamiento) en Almonte. WGS84: 36.804127, -6.350977.",IECA — Nomenclátor Geográfico de Andalucía (WFS app:Entidad),https://www.ideandalucia.es/wfs-nga/services,alta,Cádiz,Almonte,36.804127,-6.350977,2026-08-28
NGA-14500,geografia,toponimo,Venta del Puente,"Venta del Puente (Servicio/Equipamiento) en El Coronil. WGS84: 37.017946, -5.607609.",IECA — Nomenclátor Geográfico de Andalucía (WFS app:Entidad),https://www.ideandalucia.es/wfs-nga/services,alta,Cádiz,El Coronil,37.017946,-5.607609,2026-08-28
NGA-14501,geografia,toponimo,Venta del Puerto,"Venta del Puerto (Servicio/Equipamiento) en Tarifa. WGS84: 36.131199, -5.708423.",IECA — Nomenclátor Geográfico de Andalucía (WFS app:Entidad),https://www.ideandalucia.es/wfs-nga/services,alta,Cádiz,Tarifa,36.131199,-5.708423,2026-08-28
NGA-14503,geografia,toponimo,Venta del Retín,"Venta del Retín (Servicio/Equipamiento) en Tarifa. WGS84: 36.211253, -5.790559.",IECA — Nomenclátor Geográfico de Andalucía (WFS app:Entidad),https://www.ideandalucia.es/wfs-nga/services,alta,Cádiz,Tarifa,36.211253,-5.790559,2026-08-28
NGA-14504,geografia,toponimo,Venta del Rosario,"Venta del Rosario (Servicio/Equipamiento) en Medina Sidonia. WGS84: 36.37164, -5.873073.",IECA — Nomenclátor Geográfico de Andalucía (WFS app:Entidad),https://www.ideandalucia.es/wfs-nga/services,alta,Cádiz,Medina Sidonia,36.37164,-5.873073,2026-08-28
NGA-14505,geografia,toponimo,Venta el Caminero,"Venta el Caminero (Servicio/Equipamiento) en Puerto Real. WGS84: 36.532594, -6.158268.",IECA — Nomenclátor Geográfico de Andalucía (WFS app:Entidad),https://www.ideandalucia.es/wfs-nga/services,alta,Cádiz,Puerto Real,36.532594,-6.158268,2026-08-28
NGA-14506,geografia,toponimo,Venta el Cepe,"Venta el Cepe (Servicio/Equipamiento) en El Puerto de Santa María. WGS84: 36.666432, -6.246391.",IECA — Nomenclátor Geográfico de Andalucía (WFS app:Entidad),https://www.ideandalucia.es/wfs-nga/services,alta,Cádiz,El Puerto de Santa María,36.666432,-6.246391,2026-08-28
NGA-14507,geografia,toponimo,Venta el Cepo,"Venta el Cepo (Servicio/Equipamiento) en Jerez de la Frontera. WGS84: 36.611782, -5.941057.",IECA — Nomenclátor Geográfico de Andalucía (WFS app:Entidad),https://www.ideandalucia.es/wfs-nga/services,alta,Cádiz,Jerez de la Frontera,36.611782,-5.941057,2026-08-28
NGA-14508,geografia,toponimo,Venta el Chorizo,"Venta el Chorizo (Servicio/Equipamiento) en El Coronil. WGS84: 36.949026, -5.584482.",IECA — Nomenclátor Geográfico de Andalucía (WFS app:Entidad),https://www.ideandalucia.es/wfs-nga/services,alta,Cádiz,El Coronil,36.949026,-5.584482,2026-08-28
NGA-14509,geografia,toponimo,Venta el Corral,"Venta el Corral (Servicio/Equipamiento) en Puerto Real. WGS84: 36.467235, -6.176425.",IECA — Nomenclátor Geográfico de Andalucía (WFS app:Entidad),https://www.ideandalucia.es/wfs-nga/services,alta,Cádiz,Puerto Real,36.467235,-6.176425,2026-08-28
NGA-14510,geografia,toponimo,Venta el Cortijo,"Venta el Cortijo (Servicio/Equipamiento) en Jerez de la Frontera. WGS84: 36.697962, -6.084993.",IECA — Nomenclátor Geográfico de Andalucía (WFS app:Entidad),https://www.ideandalucia.es/wfs-nga/services,alta,Cádiz,Jerez de la Frontera,36.697962,-6.084993,2026-08-28
NGA-14511,geografia,toponimo,Venta el Cruce,"Venta el Cruce (Servicio/Equipamiento) en San Roque. WGS84: 36.183172, -5.380861.",IECA — Nomenclátor Geográfico de Andalucía (WFS app:Entidad),https://www.ideandalucia.es/wfs-nga/services,alta,Cádiz,San Roque,36.183172,-5.380861,2026-08-28
NGA-14512,geografia,toponimo,Venta el Faisán,"Venta el Faisán (Servicio/Equipamiento) en Medina Sidonia. WGS84: 36.330866, -5.868351.",IECA — Nomenclátor Geográfico de Andalucía (WFS app:Entidad),https://www.ideandalucia.es/wfs-nga/services,alta,Cádiz,Medina Sidonia,36.330866,-5.868351,2026-08-28
NGA-14513,geografia,toponimo,Venta el Frenazo,"Venta el Frenazo (Servicio/Equipamiento) en Utrera. WGS84: 36.97186, -5.77855.",IECA — Nomenclátor Geográfico de Andalucía (WFS app:Entidad),https://www.ideandalucia.es/wfs-nga/services,alta,Cádiz,Utrera,36.97186,-5.77855,2026-08-28
NGA-14514,geografia,toponimo,Venta el Frenazo,"Venta el Frenazo (Servicio/Equipamiento) en Los Barrios. WGS84: 36.207748, -5.519284.",IECA — Nomenclátor Geográfico de Andalucía (WFS app:Entidad),https://www.ideandalucia.es/wfs-nga/services,alta,Cádiz,Los Barrios,36.207748,-5.519284,2026-08-28
NGA-14515,geografia,toponimo,Venta el Galgo,"Venta el Galgo (Servicio/Equipamiento) en Benaoján. WGS84: 36.729076, -5.234688.",IECA — Nomenclátor Geográfico de Andalucía (WFS app:Entidad),https://www.ideandalucia.es/wfs-nga/services,alta,Cádiz,Benaoján,36.729076,-5.234688,2026-08-28
NGA-14516,geografia,toponimo,Venta el Marinero,"Venta el Marinero (Servicio/Equipamiento) en El Puerto de Santa María. WGS84: 36.619448, -6.247303.",IECA — Nomenclátor Geográfico de Andalucía (WFS app:Entidad),https://www.ideandalucia.es/wfs-nga/services,alta,Cádiz,El Puerto de Santa María,36.619448,-6.247303,2026-08-28
NGA-14517,geografia,toponimo,Venta el Mocka,"Venta el Mocka (Servicio/Equipamiento) en El Puerto de Santa María. WGS84: 36.57598, -6.211537.",IECA — Nomenclátor Geográfico de Andalucía (WFS app:Entidad),https://www.ideandalucia.es/wfs-nga/services,alta,Cádiz,El Puerto de Santa María,36.57598,-6.211537,2026-08-28
NGA-14518,geografia,toponimo,Venta el Mojo,"Venta el Mojo (Servicio/Equipamiento) en Jerez de la Frontera. WGS84: 36.580805, -6.017443.",IECA — Nomenclátor Geográfico de Andalucía (WFS app:Entidad),https://www.ideandalucia.es/wfs-nga/services,alta,Cádiz,Jerez de la Frontera,36.580805,-6.017443,2026-08-28
NGA-14519,geografia,toponimo,Venta el Molino,"Venta el Molino (Servicio/Equipamiento) en San José del Valle. WGS84: 36.623697, -5.847269.",IECA — Nomenclátor Geográfico de Andalucía (WFS app:Entidad),https://www.ideandalucia.es/wfs-nga/services,alta,Cádiz,San José del Valle,36.623697,-5.847269,2026-08-28
NGA-14520,geografia,toponimo,Venta el Paisano,"Venta el Paisano (Servicio/Equipamiento) en Utrera. WGS84: 37.011433, -5.831637.",IECA — Nomenclátor Geográfico de Andalucía (WFS app:Entidad),https://www.ideandalucia.es/wfs-nga/services,alta,Cádiz,Utrera,37.011433,-5.831637,2026-08-28
NGA-14521,geografia,toponimo,Venta el Pan,"Venta el Pan (Servicio/Equipamiento) en Las Cabezas de San Juan. WGS84: 36.976359, -5.959401.",IECA — Nomenclátor Geográfico de Andalucía (WFS app:Entidad),https://www.ideandalucia.es/wfs-nga/services,alta,Cádiz,Las Cabezas de San Juan,36.976359,-5.959401,2026-08-28
NGA-14522,geografia,toponimo,Venta el Pedroso,"Venta el Pedroso (Servicio/Equipamiento) en Jerez de la Frontera. WGS84: 36.525603, -5.982517.",IECA — Nomenclátor Geográfico de Andalucía (WFS app:Entidad),https://www.ideandalucia.es/wfs-nga/services,alta,Cádiz,Jerez de la Frontera,36.525603,-5.982517,2026-08-28
NGA-14523,geografia,toponimo,Venta el Picadero,"Venta el Picadero (Servicio/Equipamiento) en Rota. WGS84: 36.633409, -6.389649.",IECA — Nomenclátor Geográfico de Andalucía (WFS app:Entidad),https://www.ideandalucia.es/wfs-nga/services,alta,Cádiz,Rota,36.633409,-6.389649,2026-08-28
NGA-14524,geografia,toponimo,Venta el Pollo,"Venta el Pollo (Servicio/Equipamiento) en Jerez de la Frontera. WGS84: 36.634237, -6.135448.",IECA — Nomenclátor Geográfico de Andalucía (WFS app:Entidad),https://www.ideandalucia.es/wfs-nga/services,alta,Cádiz,Jerez de la Frontera,36.634237,-6.135448,2026-08-28
NGA-14525,geografia,toponimo,Venta el Ratero,"Venta el Ratero (Servicio/Equipamiento) en Puerto Real. WGS84: 36.545726, -5.98772.",IECA — Nomenclátor Geográfico de Andalucía (WFS app:Entidad),https://www.ideandalucia.es/wfs-nga/services,alta,Cádiz,Puerto Real,36.545726,-5.98772,2026-08-28
NGA-14526,geografia,toponimo,Venta el Rocío,"Venta el Rocío (Servicio/Equipamiento) en El Puerto de Santa María. WGS84: 36.617332, -6.212382.",IECA — Nomenclátor Geográfico de Andalucía (WFS app:Entidad),https://www.ideandalucia.es/wfs-nga/services,alta,Cádiz,El Puerto de Santa María,36.617332,-6.212382,2026-08-28
NGA-14527,geografia,toponimo,Venta el Sacrificio,"Venta el Sacrificio (Servicio/Equipamiento) en Medina Sidonia. WGS84: 36.487419, -5.904261.",IECA — Nomenclátor Geográfico de Andalucía (WFS app:Entidad),https://www.ideandalucia.es/wfs-nga/services,alta,Cádiz,Medina Sidonia,36.487419,-5.904261,2026-08-28
NGA-14528,geografia,toponimo,Venta el Silletero,"Venta el Silletero (Servicio/Equipamiento) en Algar. WGS84: 36.6709, -5.671159.",IECA — Nomenclátor Geográfico de Andalucía (WFS app:Entidad),https://www.ideandalucia.es/wfs-nga/services,alta,Cádiz,Algar,36.6709,-5.671159,2026-08-28
NGA-14530,geografia,toponimo,Venta el Suspiro,"Venta el Suspiro (Servicio/Equipamiento) en Jerez de la Frontera. WGS84: 36.649444, -6.082032.",IECA — Nomenclátor Geográfico de Andalucía (WFS app:Entidad),https://www.ideandalucia.es/wfs-nga/services,alta,Cádiz,Jerez de la Frontera,36.649444,-6.082032,2026-08-28
NGA-14531,geografia,toponimo,Venta el Tocino,"Venta el Tocino (Servicio/Equipamiento) en Chiclana de la Frontera. WGS84: 36.4304, -6.128536.",IECA — Nomenclátor Geográfico de Andalucía (WFS app:Entidad),https://www.ideandalucia.es/wfs-nga/services,alta,Cádiz,Chiclana de la Frontera,36.4304,-6.128536,2026-08-28
NGA-14532,geografia,toponimo,Venta el Torero,"Venta el Torero (Servicio/Equipamiento) en Alcalá de los Gazules. WGS84: 36.374714, -5.652754.",IECA — Nomenclátor Geográfico de Andalucía (WFS app:Entidad),https://www.ideandalucia.es/wfs-nga/services,alta,Cádiz,Alcalá de los Gazules,36.374714,-5.652754,2026-08-28
NGA-14533,geografia,toponimo,Venta el Ventorrillo,"Venta el Ventorrillo (Servicio/Equipamiento) en San Roque. WGS84: 36.221893, -5.388484.",IECA — Nomenclátor Geográfico de Andalucía (WFS app:Entidad),https://www.ideandalucia.es/wfs-nga/services,alta,Cádiz,San Roque,36.221893,-5.388484,2026-08-28
NGA-14534,geografia,toponimo,Venta la Adelfilla,"Venta la Adelfilla (Servicio/Equipamiento) en Jimena de la Frontera. WGS84: 36.373316, -5.419332.",IECA — Nomenclátor Geográfico de Andalucía (WFS app:Entidad),https://www.ideandalucia.es/wfs-nga/services,alta,Cádiz,Jimena de la Frontera,36.373316,-5.419332,2026-08-28
NGA-14535,geografia,toponimo,Venta la Alegría,"Venta la Alegría (Servicio/Equipamiento) en Arcos de la Frontera. WGS84: 36.816751, -5.768852.",IECA — Nomenclátor Geográfico de Andalucía (WFS app:Entidad),https://www.ideandalucia.es/wfs-nga/services,alta,Cádiz,Arcos de la Frontera,36.816751,-5.768852,2026-08-28
NGA-14536,geografia,toponimo,Venta la Arenosa,"Venta la Arenosa (Servicio/Equipamiento) en San José del Valle. WGS84: 36.612774, -5.80997.",IECA — Nomenclátor Geográfico de Andalucía (WFS app:Entidad),https://www.ideandalucia.es/wfs-nga/services,alta,Cádiz,San José del Valle,36.612774,-5.80997,2026-08-28
NGA-14537,geografia,toponimo,Venta la Cantina,"Venta la Cantina (Servicio/Equipamiento) en Castellar de la Frontera. WGS84: 36.278545, -5.432042.",IECA — Nomenclátor Geográfico de Andalucía (WFS app:Entidad),https://www.ideandalucia.es/wfs-nga/services,alta,Cádiz,Castellar de la Frontera,36.278545,-5.432042,2026-08-28
NGA-14538,geografia,toponimo,Venta la Carreta,"Venta la Carreta (Servicio/Equipamiento) en Jerez de la Frontera. WGS84: 36.644946, -6.057463.",IECA — Nomenclátor Geográfico de Andalucía (WFS app:Entidad),https://www.ideandalucia.es/wfs-nga/services,alta,Cádiz,Jerez de la Frontera,36.644946,-6.057463,2026-08-28
NGA-14539,geografia,toponimo,Venta la Curva,"Venta la Curva (Servicio/Equipamiento) en Conil de la Frontera. WGS84: 36.315156, -6.083906.",IECA — Nomenclátor Geográfico de Andalucía (WFS app:Entidad),https://www.ideandalucia.es/wfs-nga/services,alta,Cádiz,Conil de la Frontera,36.315156,-6.083906,2026-08-28
NGA-14541,geografia,toponimo,Venta la Feria,"Venta la Feria (Servicio/Equipamiento) en El Puerto de Santa María. WGS84: 36.610857, -6.238816.",IECA — Nomenclátor Geográfico de Andalucía (WFS app:Entidad),https://www.ideandalucia.es/wfs-nga/services,alta,Cádiz,El Puerto de Santa María,36.610857,-6.238816,2026-08-28
NGA-14542,geografia,toponimo,Venta la Gitana,"Venta la Gitana (Servicio/Equipamiento) en Jerez de la Frontera. WGS84: 36.718694, -6.191876.",IECA — Nomenclátor Geográfico de Andalucía (WFS app:Entidad),https://www.ideandalucia.es/wfs-nga/services,alta,Cádiz,Jerez de la Frontera,36.718694,-6.191876,2026-08-28
NGA-14543,geografia,toponimo,Venta la Higuera,"Venta la Higuera (Servicio/Equipamiento) en Conil de la Frontera. WGS84: 36.322015, -6.089083.",IECA — Nomenclátor Geográfico de Andalucía (WFS app:Entidad),https://www.ideandalucia.es/wfs-nga/services,alta,Cádiz,Conil de la Frontera,36.322015,-6.089083,2026-08-28
NGA-14544,geografia,toponimo,Venta la Inesperada,"Venta la Inesperada (Servicio/Equipamiento) en Puerto Real. WGS84: 36.468137, -6.181119.",IECA — Nomenclátor Geográfico de Andalucía (WFS app:Entidad),https://www.ideandalucia.es/wfs-nga/services,alta,Cádiz,Puerto Real,36.468137,-6.181119,2026-08-28
NGA-14545,geografia,toponimo,Venta la Nava,"Venta la Nava (Servicio/Equipamiento) en Algodonales. WGS84: 36.893865, -5.481986.",IECA — Nomenclátor Geográfico de Andalucía (WFS app:Entidad),https://www.ideandalucia.es/wfs-nga/services,alta,Cádiz,Algodonales,36.893865,-5.481986,2026-08-28
NGA-14546,geografia,toponimo,Venta la Palazona,"Venta la Palazona (Servicio/Equipamiento) en Las Cabezas de San Juan. WGS84: 36.986622, -5.838739.",IECA — Nomenclátor Geográfico de Andalucía (WFS app:Entidad),https://www.ideandalucia.es/wfs-nga/services,alta,Cádiz,Las Cabezas de San Juan,36.986622,-5.838739,2026-08-28
NGA-14547,geografia,toponimo,Venta la Parrilla,"Venta la Parrilla (Servicio/Equipamiento) en Ronda. WGS84: 36.722808, -5.145335.",IECA — Nomenclátor Geográfico de Andalucía (WFS app:Entidad),https://www.ideandalucia.es/wfs-nga/services,alta,Cádiz,Ronda,36.722808,-5.145335,2026-08-28
NGA-14548,geografia,toponimo,Venta la Ponderosa,"Venta la Ponderosa (Servicio/Equipamiento) en San Martín del Tesorillo. WGS84: 36.328218, -5.344797.",IECA — Nomenclátor Geográfico de Andalucía (WFS app:Entidad),https://www.ideandalucia.es/wfs-nga/services,alta,Cádiz,San Martín del Tesorillo,36.328218,-5.344797,2026-08-28
NGA-14549,geografia,toponimo,Venta la Rufana,"Venta la Rufana (Servicio/Equipamiento) en El Puerto de Santa María. WGS84: 36.603264, -6.257247.",IECA — Nomenclátor Geográfico de Andalucía (WFS app:Entidad),https://www.ideandalucia.es/wfs-nga/services,alta,Cádiz,El Puerto de Santa María,36.603264,-6.257247,2026-08-28
NGA-14550,geografia,toponimo,Venta la Salina,"Venta la Salina (Servicio/Equipamiento) en Las Cabezas de San Juan. WGS84: 37.011365, -5.907789.",IECA — Nomenclátor Geográfico de Andalucía (WFS app:Entidad),https://www.ideandalucia.es/wfs-nga/services,alta,Cádiz,Las Cabezas de San Juan,37.011365,-5.907789,2026-08-28
NGA-14551,geografia,toponimo,Venta la Tinaja,"Venta la Tinaja (Servicio/Equipamiento) en Rota. WGS84: 36.654302, -6.373402.",IECA — Nomenclátor Geográfico de Andalucía (WFS app:Entidad),https://www.ideandalucia.es/wfs-nga/services,alta,Cádiz,Rota,36.654302,-6.373402,2026-08-28
NGA-14552,geografia,toponimo,Venta la Ángeles,"Venta la Ángeles (Servicio/Equipamiento) en Medina Sidonia. WGS84: 36.479703, -5.915609.",IECA — Nomenclátor Geográfico de Andalucía (WFS app:Entidad),https://www.ideandalucia.es/wfs-nga/services,alta,Cádiz,Medina Sidonia,36.479703,-5.915609,2026-08-28
NGA-14553,geografia,toponimo,Venta las Corchas,"Venta las Corchas (Servicio/Equipamiento) en Benarrabá. WGS84: 36.543129, -5.300358.",IECA — Nomenclátor Geográfico de Andalucía (WFS app:Entidad),https://www.ideandalucia.es/wfs-nga/services,alta,Cádiz,Benarrabá,36.543129,-5.300358,2026-08-28
NGA-14554,geografia,toponimo,Venta los Cabales,"Venta los Cabales (Servicio/Equipamiento) en Rota. WGS84: 36.656274, -6.38901.",IECA — Nomenclátor Geográfico de Andalucía (WFS app:Entidad),https://www.ideandalucia.es/wfs-nga/services,alta,Cádiz,Rota,36.656274,-6.38901,2026-08-28
NGA-14555,geografia,toponimo,Venta los Gallos,"Venta los Gallos (Servicio/Equipamiento) en Alcalá de los Gazules. WGS84: 36.42916, -5.703442.",IECA — Nomenclátor Geográfico de Andalucía (WFS app:Entidad),https://www.ideandalucia.es/wfs-nga/services,alta,Cádiz,Alcalá de los Gazules,36.42916,-5.703442,2026-08-28
NGA-14556,geografia,toponimo,Venta los Naranjos,"Venta los Naranjos (Servicio/Equipamiento) en Jerez de la Frontera. WGS84: 36.693337, -6.212864.",IECA — Nomenclátor Geográfico de Andalucía (WFS app:Entidad),https://www.ideandalucia.es/wfs-nga/services,alta,Cádiz,Jerez de la Frontera,36.693337,-6.212864,2026-08-28
NGA-14557,geografia,toponimo,Venta los Pinos,"Venta los Pinos (Servicio/Equipamiento) en Puerto Real. WGS84: 36.512739, -6.150256.",IECA — Nomenclátor Geográfico de Andalucía (WFS app:Entidad),https://www.ideandalucia.es/wfs-nga/services,alta,Cádiz,Puerto Real,36.512739,-6.150256,2026-08-28
NGA-14558,geografia,toponimo,Venta los Timbales,"Venta los Timbales (Servicio/Equipamiento) en San Roque. WGS84: 36.224994, -5.437.",IECA — Nomenclátor Geográfico de Andalucía (WFS app:Entidad),https://www.ideandalucia.es/wfs-nga/services,alta,Cádiz,San Roque,36.224994,-5.437,2026-08-28
NGA-14559,geografia,toponimo,Venta los Álamos,"Venta los Álamos (Servicio/Equipamiento) en El Puerto de Santa María. WGS84: 36.627689, -6.164246.",IECA — Nomenclátor Geográfico de Andalucía (WFS app:Entidad),https://www.ideandalucia.es/wfs-nga/services,alta,Cádiz,El Puerto de Santa María,36.627689,-6.164246,2026-08-28
NGA-14560,geografia,toponimo,Ventas Nuevas,"Ventas Nuevas (Servicio/Equipamiento) en El Gastor. WGS84: 36.82725, -5.351721.",IECA — Nomenclátor Geográfico de Andalucía (WFS app:Entidad),https://www.ideandalucia.es/wfs-nga/services,alta,Cádiz,El Gastor,36.82725,-5.351721,2026-08-28
NGA-14561,geografia,toponimo,Ventas Nuevas,"Ventas Nuevas (Servicio/Equipamiento) en San Roque. WGS84: 36.318618, -5.352423.",IECA — Nomenclátor Geográfico de Andalucía (WFS app:Entidad),https://www.ideandalucia.es/wfs-nga/services,alta,Cádiz,San Roque,36.318618,-5.352423,2026-08-28
NGA-14567,geografia,toponimo,Ventorrillo Andrés,"Ventorrillo Andrés (Servicio/Equipamiento) en Jerez de la Frontera. WGS84: 36.524913, -5.982265.",IECA — Nomenclátor Geográfico de Andalucía (WFS app:Entidad),https://www.ideandalucia.es/wfs-nga/services,alta,Cádiz,Jerez de la Frontera,36.524913,-5.982265,2026-08-28
NGA-14568,geografia,toponimo,Ventorrillo Blanco,"Ventorrillo Blanco (Servicio/Equipamiento) en Los Barrios. WGS84: 36.209629, -5.557727.",IECA — Nomenclátor Geográfico de Andalucía (WFS app:Entidad),https://www.ideandalucia.es/wfs-nga/services,alta,Cádiz,Los Barrios,36.209629,-5.557727,2026-08-28
NGA-14569,geografia,toponimo,Ventorrillo Dolores,"Ventorrillo Dolores (Servicio/Equipamiento) en Cádiz. WGS84: 36.46017, -6.23343.",IECA — Nomenclátor Geográfico de Andalucía (WFS app:Entidad),https://www.ideandalucia.es/wfs-nga/services,alta,Cádiz,Cádiz,36.46017,-6.23343,2026-08-28
NGA-14570,geografia,toponimo,Ventorrillo Lozano,"Ventorrillo Lozano (Servicio/Equipamiento) en Medina Sidonia. WGS84: 36.438309, -6.021302.",IECA — Nomenclátor Geográfico de Andalucía (WFS app:Entidad),https://www.ideandalucia.es/wfs-nga/services,alta,Cádiz,Medina Sidonia,36.438309,-6.021302,2026-08-28
NGA-14571,geografia,toponimo,Ventorrillo Malpica,"Ventorrillo Malpica (Servicio/Equipamiento) en Los Barrios. WGS84: 36.235767, -5.492276.",IECA — Nomenclátor Geográfico de Andalucía (WFS app:Entidad),https://www.ideandalucia.es/wfs-nga/services,alta,Cádiz,Los Barrios,36.235767,-5.492276,2026-08-28
NGA-14572,geografia,toponimo,Ventorrillo Prieto,"Ventorrillo Prieto (Servicio/Equipamiento) en Vejer de la Frontera. WGS84: 36.227105, -5.948637.",IECA — Nomenclátor Geográfico de Andalucía (WFS app:Entidad),https://www.ideandalucia.es/wfs-nga/services,alta,Cádiz,Vejer de la Frontera,36.227105,-5.948637,2026-08-28
NGA-14573,geografia,toponimo,Ventorrillo Rocinejo,"Ventorrillo Rocinejo (Servicio/Equipamiento) en Alcalá de los Gazules. WGS84: 36.410883, -5.689922.",IECA — Nomenclátor Geográfico de Andalucía (WFS app:Entidad),https://www.ideandalucia.es/wfs-nga/services,alta,Cádiz,Alcalá de los Gazules,36.410883,-5.689922,2026-08-28
NGA-14574,geografia,toponimo,Ventorrillo San Antonio,"Ventorrillo San Antonio (Servicio/Equipamiento) en Gaucín. WGS84: 36.51369, -5.33784.",IECA — Nomenclátor Geográfico de Andalucía (WFS app:Entidad),https://www.ideandalucia.es/wfs-nga/services,alta,Cádiz,Gaucín,36.51369,-5.33784,2026-08-28
NGA-14575,geografia,toponimo,Ventorrillo Soriano,"Ventorrillo Soriano (Servicio/Equipamiento) en Alcalá de los Gazules. WGS84: 36.375647, -5.652756.",IECA — Nomenclátor Geográfico de Andalucía (WFS app:Entidad),https://www.ideandalucia.es/wfs-nga/services,alta,Cádiz,Alcalá de los Gazules,36.375647,-5.652756,2026-08-28
NGA-14576,geografia,toponimo,Ventorrillo de Camargo,"Ventorrillo de Camargo (Servicio/Equipamiento) en Villamartín. WGS84: 36.786255, -5.611852.",IECA — Nomenclátor Geográfico de Andalucía (WFS app:Entidad),https://www.ideandalucia.es/wfs-nga/services,alta,Cádiz,Villamartín,36.786255,-5.611852,2026-08-28
NGA-14577,geografia,toponimo,Ventorrillo de Flores,"Ventorrillo de Flores (Servicio/Equipamiento) en Arcos de la Frontera. WGS84: 36.753724, -5.739939.",IECA — Nomenclátor Geográfico de Andalucía (WFS app:Entidad),https://www.ideandalucia.es/wfs-nga/services,alta,Cádiz,Arcos de la Frontera,36.753724,-5.739939,2026-08-28
NGA-14578,geografia,toponimo,Ventorrillo de Tablada,"Ventorrillo de Tablada (Servicio/Equipamiento) en Alcalá de los Gazules. WGS84: 36.465172, -5.782065.",IECA — Nomenclátor Geográfico de Andalucía (WFS app:Entidad),https://www.ideandalucia.es/wfs-nga/services,alta,Cádiz,Alcalá de los Gazules,36.465172,-5.782065,2026-08-28
NGA-14580,geografia,toponimo,Ventorrillo del Canario,"Ventorrillo del Canario (Servicio/Equipamiento) en Conil de la Frontera. WGS84: 36.311721, -6.083911.",IECA — Nomenclátor Geográfico de Andalucía (WFS app:Entidad),https://www.ideandalucia.es/wfs-nga/services,alta,Cádiz,Conil de la Frontera,36.311721,-6.083911,2026-08-28
NGA-14581,geografia,toponimo,Ventorrillo del Carbón,"Ventorrillo del Carbón (Servicio/Equipamiento) en Medina Sidonia. WGS84: 36.457402, -5.943034.",IECA — Nomenclátor Geográfico de Andalucía (WFS app:Entidad),https://www.ideandalucia.es/wfs-nga/services,alta,Cádiz,Medina Sidonia,36.457402,-5.943034,2026-08-28
NGA-14582,geografia,toponimo,Ventorrillo del Colorado,"Ventorrillo del Colorado (Servicio/Equipamiento) en Conil de la Frontera. WGS84: 36.332291, -6.089981.",IECA — Nomenclátor Geográfico de Andalucía (WFS app:Entidad),https://www.ideandalucia.es/wfs-nga/services,alta,Cádiz,Conil de la Frontera,36.332291,-6.089981,2026-08-28
NGA-14584,geografia,toponimo,Ventorrillo del Valle,"Ventorrillo del Valle (Servicio/Equipamiento) en Gaucín. WGS84: 36.525347, -5.326001.",IECA — Nomenclátor Geográfico de Andalucía (WFS app:Entidad),https://www.ideandalucia.es/wfs-nga/services,alta,Cádiz,Gaucín,36.525347,-5.326001,2026-08-28
NGA-14585,geografia,toponimo,Ventorrillo el Chato,"Ventorrillo el Chato (Servicio/Equipamiento) en Cádiz. WGS84: 36.480071, -6.262137.",IECA — Nomenclátor Geográfico de Andalucía (WFS app:Entidad),https://www.ideandalucia.es/wfs-nga/services,alta,Cádiz,Cádiz,36.480071,-6.262137,2026-08-28
NGA-14586,geografia,toponimo,Ventorrillo el Espino,"Ventorrillo el Espino (Servicio/Equipamiento) en Algatocín. WGS84: 36.55901, -5.28879.",IECA — Nomenclátor Geográfico de Andalucía (WFS app:Entidad),https://www.ideandalucia.es/wfs-nga/services,alta,Cádiz,Algatocín,36.55901,-5.28879,2026-08-28
NGA-14587,geografia,toponimo,Ventorrillo el Pino,"Ventorrillo el Pino (Servicio/Equipamiento) en Los Barrios. WGS84: 36.280991, -5.583469.",IECA — Nomenclátor Geográfico de Andalucía (WFS app:Entidad),https://www.ideandalucia.es/wfs-nga/services,alta,Cádiz,Los Barrios,36.280991,-5.583469,2026-08-28
NGA-14588,geografia,toponimo,Ventorrillo la Viña,"Ventorrillo la Viña (Servicio/Equipamiento) en Arcos de la Frontera. WGS84: 36.745387, -5.614658.",IECA — Nomenclátor Geográfico de Andalucía (WFS app:Entidad),https://www.ideandalucia.es/wfs-nga/services,alta,Cádiz,Arcos de la Frontera,36.745387,-5.614658,2026-08-28
NGA-14589,geografia,toponimo,Ventorrillo las Cañillas,"Ventorrillo las Cañillas (Servicio/Equipamiento) en Cortes de la Frontera. WGS84: 36.505259, -5.521608.",IECA — Nomenclátor Geográfico de Andalucía (WFS app:Entidad),https://www.ideandalucia.es/wfs-nga/services,alta,Cádiz,Cortes de la Frontera,36.505259,-5.521608,2026-08-28
NGA-14649,geografia,toponimo,Vertiente del Nacimiento,"Vertiente del Nacimiento (Curso Fluvial) en Olvera. WGS84: 36.933584, -5.366903.",IECA — Nomenclátor Geográfico de Andalucía (WFS app:Entidad),https://www.ideandalucia.es/wfs-nga/services,alta,Cádiz,Olvera,36.933584,-5.366903,2026-08-28
NGA-14650,geografia,toponimo,Veta Cerrada,"Veta Cerrada (Relieve Litoral / Marítimo) en Las Cabezas de San Juan. WGS84: 37.024169, -5.953701.",IECA — Nomenclátor Geográfico de Andalucía (WFS app:Entidad),https://www.ideandalucia.es/wfs-nga/services,alta,Cádiz,Las Cabezas de San Juan,37.024169,-5.953701,2026-08-28
NGA-14651,geografia,toponimo,Veta Larga,"Veta Larga (Relieve Litoral / Marítimo) en Hinojos. WGS84: 36.993189, -6.392931.",IECA — Nomenclátor Geográfico de Andalucía (WFS app:Entidad),https://www.ideandalucia.es/wfs-nga/services,alta,Cádiz,Hinojos,36.993189,-6.392931,2026-08-28
NGA-14652,geografia,toponimo,Veta Mojosa,"Veta Mojosa (Relieve Litoral / Marítimo) en Hinojos. WGS84: 37.011142, -6.383452.",IECA — Nomenclátor Geográfico de Andalucía (WFS app:Entidad),https://www.ideandalucia.es/wfs-nga/services,alta,Cádiz,Hinojos,37.011142,-6.383452,2026-08-28
NGA-14653,geografia,toponimo,Veta Quemada,"Veta Quemada (Relieve Litoral / Marítimo) en Hinojos. WGS84: 36.983832, -6.398636.",IECA — Nomenclátor Geográfico de Andalucía (WFS app:Entidad),https://www.ideandalucia.es/wfs-nga/services,alta,Cádiz,Hinojos,36.983832,-6.398636,2026-08-28
NGA-14654,geografia,toponimo,Veta Reguera,"Veta Reguera (Relieve Litoral / Marítimo) en Hinojos. WGS84: 36.989044, -6.397095.",IECA — Nomenclátor Geográfico de Andalucía (WFS app:Entidad),https://www.ideandalucia.es/wfs-nga/services,alta,Cádiz,Hinojos,36.989044,-6.397095,2026-08-28
NGA-14655,geografia,toponimo,Veta Rivera,"Veta Rivera (Relieve Litoral / Marítimo) en Las Cabezas de San Juan. WGS84: 37.02512, -5.98628.",IECA — Nomenclátor Geográfico de Andalucía (WFS app:Entidad),https://www.ideandalucia.es/wfs-nga/services,alta,Cádiz,Las Cabezas de San Juan,37.02512,-5.98628,2026-08-28
NGA-14656,geografia,toponimo,Veta de la Arena,"Veta de la Arena (Relieve Litoral / Marítimo) en Hinojos. WGS84: 37.004498, -6.384678.",IECA — Nomenclátor Geográfico de Andalucía (WFS app:Entidad),https://www.ideandalucia.es/wfs-nga/services,alta,Cádiz,Hinojos,37.004498,-6.384678,2026-08-28
NGA-14657,geografia,toponimo,Veta de la Cierva,"Veta de la Cierva (Relieve Litoral / Marítimo) en Aznalcázar. WGS84: 36.982569, -6.343485.",IECA — Nomenclátor Geográfico de Andalucía (WFS app:Entidad),https://www.ideandalucia.es/wfs-nga/services,alta,Cádiz,Aznalcázar,36.982569,-6.343485,2026-08-28
NGA-14658,geografia,toponimo,Veta de la Cuba,"Veta de la Cuba (Relieve Litoral / Marítimo) en La Puebla del Río. WGS84: 36.953801, -6.222516.",IECA — Nomenclátor Geográfico de Andalucía (WFS app:Entidad),https://www.ideandalucia.es/wfs-nga/services,alta,Cádiz,La Puebla del Río,36.953801,-6.222516,2026-08-28
NGA-14659,geografia,toponimo,Veta de las Llaves,"Veta de las Llaves (Relieve Litoral / Marítimo) en Hinojos. WGS84: 36.972149, -6.408321.",IECA — Nomenclátor Geográfico de Andalucía (WFS app:Entidad),https://www.ideandalucia.es/wfs-nga/services,alta,Cádiz,Hinojos,36.972149,-6.408321,2026-08-28
NGA-14660,geografia,toponimo,Veta de los Acebuches,"Veta de los Acebuches (Relieve Litoral / Marítimo) en La Puebla del Río. WGS84: 37.003999, -6.235424.",IECA — Nomenclátor Geográfico de Andalucía (WFS app:Entidad),https://www.ideandalucia.es/wfs-nga/services,alta,Cádiz,La Puebla del Río,37.003999,-6.235424,2026-08-28
NGA-14661,geografia,toponimo,Veta de los Acebuches Bajos,"Veta de los Acebuches Bajos (Relieve Litoral / Marítimo) en La Puebla del Río. WGS84: 36.987346, -6.229073.",IECA — Nomenclátor Geográfico de Andalucía (WFS app:Entidad),https://www.ideandalucia.es/wfs-nga/services,alta,Cádiz,La Puebla del Río,36.987346,-6.229073,2026-08-28
NGA-14662,geografia,toponimo,Veta de los Ansares,"Veta de los Ansares (Relieve Litoral / Marítimo) en Hinojos. WGS84: 36.996666, -6.388021.",IECA — Nomenclátor Geográfico de Andalucía (WFS app:Entidad),https://www.ideandalucia.es/wfs-nga/services,alta,Cádiz,Hinojos,36.996666,-6.388021,2026-08-28
NGA-14663,geografia,toponimo,Veta de los Arenosos,"Veta de los Arenosos (Relieve Litoral / Marítimo) en La Puebla del Río. WGS84: 36.966241, -6.254083.",IECA — Nomenclátor Geográfico de Andalucía (WFS app:Entidad),https://www.ideandalucia.es/wfs-nga/services,alta,Cádiz,La Puebla del Río,36.966241,-6.254083,2026-08-28
NGA-14664,geografia,toponimo,Veta de los Esparragos,"Veta de los Esparragos (Relieve Litoral / Marítimo) en La Puebla del Río. WGS84: 36.992919, -6.234751.",IECA — Nomenclátor Geográfico de Andalucía (WFS app:Entidad),https://www.ideandalucia.es/wfs-nga/services,alta,Cádiz,La Puebla del Río,36.992919,-6.234751,2026-08-28
NGA-14665,geografia,toponimo,Veta de los Miradores,"Veta de los Miradores (Relieve Litoral / Marítimo) en La Puebla del Río. WGS84: 36.966026, -6.218184.",IECA — Nomenclátor Geográfico de Andalucía (WFS app:Entidad),https://www.ideandalucia.es/wfs-nga/services,alta,Cádiz,La Puebla del Río,36.966026,-6.218184,2026-08-28
NGA-14666,geografia,toponimo,Veta del Bizco,"Veta del Bizco (Relieve Litoral / Marítimo) en Aznalcázar. WGS84: 37.010924, -6.305546.",IECA — Nomenclátor Geográfico de Andalucía (WFS app:Entidad),https://www.ideandalucia.es/wfs-nga/services,alta,Cádiz,Aznalcázar,37.010924,-6.305546,2026-08-28
NGA-14667,geografia,toponimo,Veta del Hierro,"Veta del Hierro (Relieve Litoral / Marítimo) en Hinojos. WGS84: 36.980884, -6.403206.",IECA — Nomenclátor Geográfico de Andalucía (WFS app:Entidad),https://www.ideandalucia.es/wfs-nga/services,alta,Cádiz,Hinojos,36.980884,-6.403206,2026-08-28
NGA-14668,geografia,toponimo,Veta la Pata,"Veta la Pata (Relieve Litoral / Marítimo) en Hinojos. WGS84: 36.987243, -6.410793.",IECA — Nomenclátor Geográfico de Andalucía (WFS app:Entidad),https://www.ideandalucia.es/wfs-nga/services,alta,Cádiz,Hinojos,36.987243,-6.410793,2026-08-28
NGA-14669,geografia,toponimo,Vetilla de la Zorra,"Vetilla de la Zorra (Relieve Litoral / Marítimo) en Aznalcázar. WGS84: 36.916089, -6.351647.",IECA — Nomenclátor Geográfico de Andalucía (WFS app:Entidad),https://www.ideandalucia.es/wfs-nga/services,alta,Cádiz,Aznalcázar,36.916089,-6.351647,2026-08-28
NGA-14671,geografia,toponimo,Vetones de los Zorros,"Vetones de los Zorros (Relieve Litoral / Marítimo) en Hinojos. WGS84: 36.998512, -6.393163.",IECA — Nomenclátor Geográfico de Andalucía (WFS app:Entidad),https://www.ideandalucia.es/wfs-nga/services,alta,Cádiz,Hinojos,36.998512,-6.393163,2026-08-28
NGA-14672,geografia,toponimo,Vetones del Burro,"Vetones del Burro (Relieve Litoral / Marítimo) en Hinojos. WGS84: 36.999384, -6.412444.",IECA — Nomenclátor Geográfico de Andalucía (WFS app:Entidad),https://www.ideandalucia.es/wfs-nga/services,alta,Cádiz,Hinojos,36.999384,-6.412444,2026-08-28
NGA-14675,geografia,toponimo,Victoria del Trocadero,"Victoria del Trocadero (Masa de Agua) en Puerto Real. WGS84: 36.515585, -6.231157.",IECA — Nomenclátor Geográfico de Andalucía (WFS app:Entidad),https://www.ideandalucia.es/wfs-nga/services,alta,Cádiz,Puerto Real,36.515585,-6.231157,2026-08-28
NGA-14744,geografia,toponimo,Viña Rango Golf,"Viña Rango Golf (Servicio/Equipamiento) en El Puerto de Santa María. WGS84: 36.621952, -6.240681.",IECA — Nomenclátor Geográfico de Andalucía (WFS app:Entidad),https://www.ideandalucia.es/wfs-nga/services,alta,Cádiz,El Puerto de Santa María,36.621952,-6.240681,2026-08-28
NGA-14842,geografia,toponimo,Zona Cementerio Nuestra señora de la Oliva,"Zona Cementerio Nuestra señora de la Oliva (Servicio/Equipamiento) en Lebrija. WGS84: 36.921928, -6.071378.",IECA — Nomenclátor Geográfico de Andalucía (WFS app:Entidad),https://www.ideandalucia.es/wfs-nga/services,alta,Cádiz,Lebrija,36.921928,-6.071378,2026-08-28
NGA-14845,geografia,toponimo,Zona Fronteriza,"Zona Fronteriza (Servicio/Equipamiento) en La Línea de la Concepción. WGS84: 36.156078, -5.352453.",IECA — Nomenclátor Geográfico de Andalucía (WFS app:Entidad),https://www.ideandalucia.es/wfs-nga/services,alta,Cádiz,La Línea de la Concepción,36.156078,-5.352453,2026-08-28
