id,categoria,subcategoria,titulo,contenido,fuente,fuente_url,nivel_confianza,provincia,municipio,lat,lon,fecha_verificacion
OVERPASS-0001,geografia,farmacia,farmacia,"farmacia (farmacia) en San Roque. Coordenadas aprox: 36.2345, -5.3167.",OpenStreetMap (Overpass),https://www.openstreetmap.org/?mlat=36.2344671&mlon=-5.3167017,alta,Cádiz,San Roque,36.234467,-5.316702,2026-08-28
OVERPASS-0002,supervivencia,agua potable,Fuente Arroyo Abrón,"Fuente Arroyo Abrón (agua potable). Coordenadas aprox: 36.4921, -5.1878.",OpenStreetMap (Overpass),https://www.openstreetmap.org/?mlat=36.492132&mlon=-5.1877832,alta,Cádiz,,36.492132,-5.187783,2026-08-28
OVERPASS-0003,supervivencia,agua potable,Fuente del Algarrobo,"Fuente del Algarrobo (agua potable). Coordenadas aprox: 36.8803, -5.4096.",OpenStreetMap (Overpass),https://www.openstreetmap.org/?mlat=36.8802649&mlon=-5.4095602,alta,Cádiz,,36.880265,-5.40956,2026-08-28
OVERPASS-0004,geografia,farmacia,farmacia,"farmacia (farmacia). Coordenadas aprox: 36.8808, -5.4050.",OpenStreetMap (Overpass),https://www.openstreetmap.org/?mlat=36.8808266&mlon=-5.4050313,alta,Cádiz,,36.880827,-5.405031,2026-08-28
OVERPASS-0005,supervivencia,agua potable,Fuente Alta,"Fuente Alta (agua potable). Coordenadas aprox: 36.8833, -5.3949.",OpenStreetMap (Overpass),https://www.openstreetmap.org/?mlat=36.8832744&mlon=-5.3948725,alta,Cádiz,,36.883274,-5.394872,2026-08-28
OVERPASS-0006,supervivencia,agua potable,agua potable,"agua potable (agua potable). Coordenadas aprox: 36.0653, -5.6984.",OpenStreetMap (Overpass),https://www.openstreetmap.org/?mlat=36.0652875&mlon=-5.6984384,alta,Cádiz,,36.065287,-5.698438,2026-08-28
OVERPASS-0007,geografia,farmacia,farmacia,"farmacia (farmacia). Coordenadas aprox: 36.6112, -6.2803.",OpenStreetMap (Overpass),https://www.openstreetmap.org/?mlat=36.6112046&mlon=-6.2802966,alta,Cádiz,,36.611205,-6.280297,2026-08-28
OVERPASS-0008,supervivencia,agua potable,agua potable,"agua potable (agua potable). Coordenadas aprox: 36.3846, -6.1311.",OpenStreetMap (Overpass),https://www.openstreetmap.org/?mlat=36.3846467&mlon=-6.1311432,alta,Cádiz,,36.384647,-6.131143,2026-08-28
OVERPASS-0009,supervivencia,agua potable,agua potable,"agua potable (agua potable). Coordenadas aprox: 36.3847, -6.1290.",OpenStreetMap (Overpass),https://www.openstreetmap.org/?mlat=36.3847398&mlon=-6.1289814,alta,Cádiz,,36.38474,-6.128981,2026-08-28
OVERPASS-0010,geografia,farmacia,Farmacia Galdón,"Farmacia Galdón (farmacia) en Estepona. Coordenadas aprox: 36.4181, -5.1544.",OpenStreetMap (Overpass),https://www.openstreetmap.org/?mlat=36.41807&mlon=-5.15442,alta,Cádiz,Estepona,36.41807,-5.15442,2026-08-28
OVERPASS-0011,geografia,farmacia,Farmacia Rinconcillo,"Farmacia Rinconcillo (farmacia). Coordenadas aprox: 36.1573, -5.4463.",OpenStreetMap (Overpass),https://www.openstreetmap.org/?mlat=36.1572802&mlon=-5.446333,alta,Cádiz,,36.15728,-5.446333,2026-08-28
OVERPASS-0012,supervivencia,agua potable,agua potable,"agua potable (agua potable). Coordenadas aprox: 36.3812, -6.1274.",OpenStreetMap (Overpass),https://www.openstreetmap.org/?mlat=36.381165&mlon=-6.1274369,alta,Cádiz,,36.381165,-6.127437,2026-08-28
OVERPASS-0013,geografia,farmacia,Farmacia Santa Ana,"Farmacia Santa Ana (farmacia). Coordenadas aprox: 36.4189, -6.1503.",OpenStreetMap (Overpass),https://www.openstreetmap.org/?mlat=36.4188561&mlon=-6.1503315,alta,Cádiz,,36.418856,-6.150332,2026-08-28
OVERPASS-0014,geografia,farmacia,farmacia,"farmacia (farmacia). Coordenadas aprox: 36.4166, -6.1466.",OpenStreetMap (Overpass),https://www.openstreetmap.org/?mlat=36.4165572&mlon=-6.1466259,alta,Cádiz,,36.416557,-6.146626,2026-08-28
OVERPASS-0015,geografia,farmacia,farmacia,"farmacia (farmacia). Coordenadas aprox: 36.4185, -6.1473.",OpenStreetMap (Overpass),https://www.openstreetmap.org/?mlat=36.4184738&mlon=-6.147334,alta,Cádiz,,36.418474,-6.147334,2026-08-28
OVERPASS-0016,geografia,farmacia,farmacia,"farmacia (farmacia). Coordenadas aprox: 36.0840, -5.4979.",OpenStreetMap (Overpass),https://www.openstreetmap.org/?mlat=36.083953&mlon=-5.497904,alta,Cádiz,,36.083953,-5.497904,2026-08-28
OVERPASS-0017,supervivencia,agua potable,Fuente de los Ocho Caños,"Fuente de los Ocho Caños (agua potable). Coordenadas aprox: 36.7403, -5.1628.",OpenStreetMap (Overpass),https://www.openstreetmap.org/?mlat=36.7402786&mlon=-5.162802,alta,Cádiz,,36.740279,-5.162802,2026-08-28
OVERPASS-0018,geografia,farmacia,farmacia,"farmacia (farmacia). Coordenadas aprox: 36.4314, -5.4465.",OpenStreetMap (Overpass),https://www.openstreetmap.org/?mlat=36.4313615&mlon=-5.4465322,alta,Cádiz,,36.431362,-5.446532,2026-08-28
OVERPASS-0019,geografia,centro de salud,Centros Médicos Quirúrgicos Girme,"Centros Médicos Quirúrgicos Girme (centro de salud). Coordenadas aprox: 36.5988, -6.2416.",OpenStreetMap (Overpass),https://www.openstreetmap.org/?mlat=36.5988486&mlon=-6.241575,alta,Cádiz,,36.598849,-6.241575,2026-08-28
OVERPASS-0020,geografia,farmacia,Farmacia 512,"Farmacia 512 (farmacia). Coordenadas aprox: 36.5307, -6.1967.",OpenStreetMap (Overpass),https://www.openstreetmap.org/?mlat=36.5307088&mlon=-6.1966853,alta,Cádiz,,36.530709,-6.196685,2026-08-28
OVERPASS-0021,geografia,farmacia,Farmacia Ribera del Muelle,"Farmacia Ribera del Muelle (farmacia). Coordenadas aprox: 36.5274, -6.1942.",OpenStreetMap (Overpass),https://www.openstreetmap.org/?mlat=36.5273784&mlon=-6.194196,alta,Cádiz,,36.527378,-6.194196,2026-08-28
OVERPASS-0022,orientacion,faro,faro,"faro (faro). Coordenadas aprox: 36.2859, -5.2698.",OpenStreetMap (Overpass),https://www.openstreetmap.org/?mlat=36.2859033&mlon=-5.2697852,alta,Cádiz,,36.285903,-5.269785,2026-08-28
OVERPASS-0023,geografia,farmacia,Farmacia San Rafael,"Farmacia San Rafael (farmacia). Coordenadas aprox: 36.5330, -6.3030.",OpenStreetMap (Overpass),https://www.openstreetmap.org/?mlat=36.5330207&mlon=-6.3030394,alta,Cádiz,,36.533021,-6.303039,2026-08-28
OVERPASS-0024,geografia,farmacia,Almagro,"Almagro (farmacia). Coordenadas aprox: 36.3163, -6.1510.",OpenStreetMap (Overpass),https://www.openstreetmap.org/?mlat=36.3163418&mlon=-6.1510466,alta,Cádiz,,36.316342,-6.151047,2026-08-28
OVERPASS-0025,geografia,farmacia,La Rosa,"La Rosa (farmacia). Coordenadas aprox: 36.5315, -6.3026.",OpenStreetMap (Overpass),https://www.openstreetmap.org/?mlat=36.5315446&mlon=-6.3026154,alta,Cádiz,,36.531545,-6.302615,2026-08-28
OVERPASS-0026,supervivencia,refugio,refugio,"refugio (refugio). Coordenadas aprox: 36.1316, -5.3511.",OpenStreetMap (Overpass),https://www.openstreetmap.org/?mlat=36.131601&mlon=-5.3511367,alta,Cádiz,,36.131601,-5.351137,2026-08-28
OVERPASS-0027,geografia,farmacia,Ldo. Campos Muñoz,"Ldo. Campos Muñoz (farmacia). Coordenadas aprox: 36.4696, -6.1929.",OpenStreetMap (Overpass),https://www.openstreetmap.org/?mlat=36.46957&mlon=-6.192861,alta,Cádiz,,36.46957,-6.192861,2026-08-28
OVERPASS-0028,geografia,farmacia,Farmacia Rodríguez Prada,"Farmacia Rodríguez Prada (farmacia). Coordenadas aprox: 36.4679, -6.1914.",OpenStreetMap (Overpass),https://www.openstreetmap.org/?mlat=36.4679317&mlon=-6.1914029,alta,Cádiz,,36.467932,-6.191403,2026-08-28
OVERPASS-0029,geografia,centro de salud,Centro de Salud Cayetano Roldán,"Centro de Salud Cayetano Roldán (centro de salud) en San Fernando. Coordenadas aprox: 36.4684, -6.1907.",OpenStreetMap (Overpass),https://www.openstreetmap.org/?mlat=36.4683733&mlon=-6.1907375,alta,Cádiz,San Fernando,36.468373,-6.190738,2026-08-28
OVERPASS-0030,geografia,farmacia,Farmacia Ruiz Tenllado,"Farmacia Ruiz Tenllado (farmacia) en Cortes de la Frontera. Coordenadas aprox: 36.6217, -5.3396.",OpenStreetMap (Overpass),https://www.openstreetmap.org/?mlat=36.6216722&mlon=-5.3395765,alta,Cádiz,Cortes de la Frontera,36.621672,-5.339576,2026-08-28
OVERPASS-0031,geografia,centro de salud,Centro de Salud Olivillo,"Centro de Salud Olivillo (centro de salud) en Cádiz. Coordenadas aprox: 36.5332, -6.3055.",OpenStreetMap (Overpass),https://www.openstreetmap.org/?mlat=36.5331802&mlon=-6.3055288,alta,Cádiz,Cádiz,36.53318,-6.305529,2026-08-28
OVERPASS-0032,supervivencia,agua potable,Cuatro Chorros,"Cuatro Chorros (agua potable). Coordenadas aprox: 36.6184, -5.3421.",OpenStreetMap (Overpass),https://www.openstreetmap.org/?mlat=36.6183856&mlon=-5.3420711,alta,Cádiz,,36.618386,-5.342071,2026-08-28
OVERPASS-0033,geografia,hospital,St Bernard's Hospital,"St Bernard's Hospital (hospital) en Gibraltar. Coordenadas aprox: 36.1432, -5.3595.",OpenStreetMap (Overpass),https://www.openstreetmap.org/?mlat=36.1432246&mlon=-5.3594905,alta,Cádiz,Gibraltar,36.143225,-5.35949,2026-08-28
OVERPASS-0034,supervivencia,agua potable,agua potable,"agua potable (agua potable). Coordenadas aprox: 36.5316, -6.2098.",OpenStreetMap (Overpass),https://www.openstreetmap.org/?mlat=36.5315829&mlon=-6.2097568,alta,Cádiz,,36.531583,-6.209757,2026-08-28
OVERPASS-0035,geografia,farmacia,farmacia,"farmacia (farmacia). Coordenadas aprox: 36.4244, -6.1427.",OpenStreetMap (Overpass),https://www.openstreetmap.org/?mlat=36.4244199&mlon=-6.142654,alta,Cádiz,,36.42442,-6.142654,2026-08-28
OVERPASS-0036,geografia,centro de salud,Centro de salud Padre Salado,"Centro de salud Padre Salado (centro de salud). Coordenadas aprox: 36.4198, -6.1427.",OpenStreetMap (Overpass),https://www.openstreetmap.org/?mlat=36.4198041&mlon=-6.1426771,alta,Cádiz,,36.419804,-6.142677,2026-08-28
OVERPASS-0037,geografia,farmacia,Farmacia La Banda,"Farmacia La Banda (farmacia). Coordenadas aprox: 36.4196, -6.1428.",OpenStreetMap (Overpass),https://www.openstreetmap.org/?mlat=36.4195779&mlon=-6.1427647,alta,Cádiz,,36.419578,-6.142765,2026-08-28
OVERPASS-0038,geografia,farmacia,farmacia,"farmacia (farmacia). Coordenadas aprox: 36.7701, -6.3554.",OpenStreetMap (Overpass),https://www.openstreetmap.org/?mlat=36.7700781&mlon=-6.3553565,alta,Cádiz,,36.770078,-6.355357,2026-08-28
OVERPASS-0039,geografia,farmacia,farmacia,"farmacia (farmacia). Coordenadas aprox: 36.4198, -6.1497.",OpenStreetMap (Overpass),https://www.openstreetmap.org/?mlat=36.4197846&mlon=-6.1496508,alta,Cádiz,,36.419785,-6.149651,2026-08-28
OVERPASS-0040,geografia,farmacia,farmacia,"farmacia (farmacia). Coordenadas aprox: 36.4242, -6.1485.",OpenStreetMap (Overpass),https://www.openstreetmap.org/?mlat=36.4241766&mlon=-6.1484708,alta,Cádiz,,36.424177,-6.148471,2026-08-28
OVERPASS-0041,geografia,farmacia,farmacia,"farmacia (farmacia). Coordenadas aprox: 36.7034, -6.1286.",OpenStreetMap (Overpass),https://www.openstreetmap.org/?mlat=36.7034105&mlon=-6.1285532,alta,Cádiz,,36.70341,-6.128553,2026-08-28
OVERPASS-0042,orientacion,faro,Faro de las Puercas,"Faro de las Puercas (faro). Coordenadas aprox: 36.5485, -6.3037.",OpenStreetMap (Overpass),https://www.openstreetmap.org/?mlat=36.5485322&mlon=-6.303655,alta,Cádiz,,36.548532,-6.303655,2026-08-28
OVERPASS-0043,geografia,farmacia,Farmacia Licenciada María Josefa Corrales Sendino,"Farmacia Licenciada María Josefa Corrales Sendino (farmacia). Coordenadas aprox: 36.5344, -6.2991.",OpenStreetMap (Overpass),https://www.openstreetmap.org/?mlat=36.5343826&mlon=-6.2991323,alta,Cádiz,,36.534383,-6.299132,2026-08-28
OVERPASS-0044,geografia,farmacia,La Laguna,"La Laguna (farmacia). Coordenadas aprox: 36.5052, -6.2757.",OpenStreetMap (Overpass),https://www.openstreetmap.org/?mlat=36.5052416&mlon=-6.2756716,alta,Cádiz,,36.505242,-6.275672,2026-08-28
OVERPASS-0045,geografia,farmacia,Estadio,"Estadio (farmacia). Coordenadas aprox: 36.5044, -6.2741.",OpenStreetMap (Overpass),https://www.openstreetmap.org/?mlat=36.5043515&mlon=-6.2741042,alta,Cádiz,,36.504351,-6.274104,2026-08-28
OVERPASS-0046,geografia,farmacia,Farmacia Herbos,"Farmacia Herbos (farmacia). Coordenadas aprox: 36.5314, -6.2969.",OpenStreetMap (Overpass),https://www.openstreetmap.org/?mlat=36.5313554&mlon=-6.2969301,alta,Cádiz,,36.531355,-6.29693,2026-08-28
OVERPASS-0047,geografia,farmacia,farmacia,"farmacia (farmacia). Coordenadas aprox: 36.5363, -6.2914.",OpenStreetMap (Overpass),https://www.openstreetmap.org/?mlat=36.5362841&mlon=-6.2914403,alta,Cádiz,,36.536284,-6.29144,2026-08-28
OVERPASS-0048,geografia,farmacia,farmacia,"farmacia (farmacia). Coordenadas aprox: 36.5333, -6.2982.",OpenStreetMap (Overpass),https://www.openstreetmap.org/?mlat=36.5332926&mlon=-6.2982025,alta,Cádiz,,36.533293,-6.298203,2026-08-28
OVERPASS-0049,geografia,farmacia,Farmacia Central,"Farmacia Central (farmacia). Coordenadas aprox: 36.5318, -6.2963.",OpenStreetMap (Overpass),https://www.openstreetmap.org/?mlat=36.5318141&mlon=-6.2963262,alta,Cádiz,,36.531814,-6.296326,2026-08-28
OVERPASS-0050,geografia,farmacia,farmacia,"farmacia (farmacia) en Cádiz. Coordenadas aprox: 36.5354, -6.3009.",OpenStreetMap (Overpass),https://www.openstreetmap.org/?mlat=36.5353844&mlon=-6.3009221,alta,Cádiz,Cádiz,36.535384,-6.300922,2026-08-28
OVERPASS-0051,geografia,centro de salud,Centro de Salud La Lobilla Estepona,"Centro de Salud La Lobilla Estepona (centro de salud). Coordenadas aprox: 36.4325, -5.1419.",OpenStreetMap (Overpass),https://www.openstreetmap.org/?mlat=36.4325231&mlon=-5.1418993,alta,Cádiz,,36.432523,-5.141899,2026-08-28
OVERPASS-0052,geografia,hospital,Vithas Xanit Estepona,"Vithas Xanit Estepona (hospital). Coordenadas aprox: 36.4281, -5.1388.",OpenStreetMap (Overpass),https://www.openstreetmap.org/?mlat=36.4280645&mlon=-5.1387997,alta,Cádiz,,36.428064,-5.1388,2026-08-28
OVERPASS-0053,geografia,farmacia,Farmacia Ortopedia Ortega Urbano,"Farmacia Ortopedia Ortega Urbano (farmacia) en Estepona. Coordenadas aprox: 36.4293, -5.1404.",OpenStreetMap (Overpass),https://www.openstreetmap.org/?mlat=36.4292903&mlon=-5.1403708,alta,Cádiz,Estepona,36.42929,-5.140371,2026-08-28
OVERPASS-0054,geografia,farmacia,farmacia,"farmacia (farmacia). Coordenadas aprox: 36.4159, -6.1490.",OpenStreetMap (Overpass),https://www.openstreetmap.org/?mlat=36.4158912&mlon=-6.14897,alta,Cádiz,,36.415891,-6.14897,2026-08-28
OVERPASS-0055,geografia,farmacia,Farmacia Internacional Estepona Centro,"Farmacia Internacional Estepona Centro (farmacia). Coordenadas aprox: 36.4261, -5.1446.",OpenStreetMap (Overpass),https://www.openstreetmap.org/?mlat=36.4261025&mlon=-5.1446008,alta,Cádiz,,36.426102,-5.144601,2026-08-28
OVERPASS-0056,geografia,farmacia,farmacia,"farmacia (farmacia) en Estepona. Coordenadas aprox: 36.4264, -5.1467.",OpenStreetMap (Overpass),https://www.openstreetmap.org/?mlat=36.4264314&mlon=-5.146713,alta,Cádiz,Estepona,36.426431,-5.146713,2026-08-28
OVERPASS-0057,geografia,farmacia,farmacia,"farmacia (farmacia). Coordenadas aprox: 36.5063, -6.2743.",OpenStreetMap (Overpass),https://www.openstreetmap.org/?mlat=36.5063126&mlon=-6.2742844,alta,Cádiz,,36.506313,-6.274284,2026-08-28
OVERPASS-0058,supervivencia,agua potable,agua potable,"agua potable (agua potable). Coordenadas aprox: 36.8547, -5.3227.",OpenStreetMap (Overpass),https://www.openstreetmap.org/?mlat=36.8547326&mlon=-5.3226672,alta,Cádiz,,36.854733,-5.322667,2026-08-28
OVERPASS-0059,geografia,farmacia,Farmacia Guzmán Fernández,"Farmacia Guzmán Fernández (farmacia) en Benarrabá. Coordenadas aprox: 36.5514, -5.2763.",OpenStreetMap (Overpass),https://www.openstreetmap.org/?mlat=36.551443&mlon=-5.2762733,alta,Cádiz,Benarrabá,36.551443,-5.276273,2026-08-28
OVERPASS-0060,geografia,farmacia,Farmacia Ayala,"Farmacia Ayala (farmacia). Coordenadas aprox: 36.4239, -5.1495.",OpenStreetMap (Overpass),https://www.openstreetmap.org/?mlat=36.4238912&mlon=-5.1494689,alta,Cádiz,,36.423891,-5.149469,2026-08-28
OVERPASS-0061,supervivencia,agua potable,agua potable,"agua potable (agua potable). Coordenadas aprox: 36.8787, -6.2870.",OpenStreetMap (Overpass),https://www.openstreetmap.org/?mlat=36.8786707&mlon=-6.2870369,alta,Cádiz,,36.878671,-6.287037,2026-08-28
OVERPASS-0062,geografia,farmacia,Farmacia Miguel Ángel Berraquero González,"Farmacia Miguel Ángel Berraquero González (farmacia). Coordenadas aprox: 36.4999, -6.2736.",OpenStreetMap (Overpass),https://www.openstreetmap.org/?mlat=36.4998543&mlon=-6.2735632,alta,Cádiz,,36.499854,-6.273563,2026-08-28
OVERPASS-0063,geografia,farmacia,Lcda. M. Alonso Barthe,"Lcda. M. Alonso Barthe (farmacia). Coordenadas aprox: 36.5350, -6.2977.",OpenStreetMap (Overpass),https://www.openstreetmap.org/?mlat=36.5349994&mlon=-6.297723,alta,Cádiz,,36.534999,-6.297723,2026-08-28
OVERPASS-0064,geografia,farmacia,Farmacia San Felipe,"Farmacia San Felipe (farmacia). Coordenadas aprox: 36.5146, -6.2819.",OpenStreetMap (Overpass),https://www.openstreetmap.org/?mlat=36.5146131&mlon=-6.281943,alta,Cádiz,,36.514613,-6.281943,2026-08-28
OVERPASS-0065,geografia,farmacia,Farmacia Guerrero Zieza,"Farmacia Guerrero Zieza (farmacia). Coordenadas aprox: 36.5100, -6.2788.",OpenStreetMap (Overpass),https://www.openstreetmap.org/?mlat=36.5099881&mlon=-6.2788433,alta,Cádiz,,36.509988,-6.278843,2026-08-28
OVERPASS-0066,geografia,farmacia,Ju Cantera Cavestany Ruiz Villegas,"Ju Cantera Cavestany Ruiz Villegas (farmacia). Coordenadas aprox: 36.5027, -6.2750.",OpenStreetMap (Overpass),https://www.openstreetmap.org/?mlat=36.5027287&mlon=-6.2750472,alta,Cádiz,,36.502729,-6.275047,2026-08-28
OVERPASS-0067,geografia,farmacia,farmacia,"farmacia (farmacia). Coordenadas aprox: 36.5072, -6.2777.",OpenStreetMap (Overpass),https://www.openstreetmap.org/?mlat=36.5072008&mlon=-6.2776714,alta,Cádiz,,36.507201,-6.277671,2026-08-28
OVERPASS-0068,geografia,farmacia,farmacia,"farmacia (farmacia). Coordenadas aprox: 36.5120, -6.2804.",OpenStreetMap (Overpass),https://www.openstreetmap.org/?mlat=36.5120107&mlon=-6.280364,alta,Cádiz,,36.512011,-6.280364,2026-08-28
OVERPASS-0069,supervivencia,agua potable,Ventorrillo San Antonio,"Ventorrillo San Antonio (agua potable). Coordenadas aprox: 36.5136, -5.3376.",OpenStreetMap (Overpass),https://www.openstreetmap.org/?mlat=36.5136388&mlon=-5.3376195,alta,Cádiz,,36.513639,-5.337619,2026-08-28
OVERPASS-0070,supervivencia,agua potable,agua potable,"agua potable (agua potable). Coordenadas aprox: 36.5195, -5.3238.",OpenStreetMap (Overpass),https://www.openstreetmap.org/?mlat=36.5195127&mlon=-5.3238324,alta,Cádiz,,36.519513,-5.323832,2026-08-28
OVERPASS-0071,supervivencia,agua potable,agua potable,"agua potable (agua potable). Coordenadas aprox: 36.5197, -5.3188.",OpenStreetMap (Overpass),https://www.openstreetmap.org/?mlat=36.5197095&mlon=-5.3187639,alta,Cádiz,,36.519709,-5.318764,2026-08-28
OVERPASS-0072,geografia,farmacia,Farmacia Esteban Gonzalez Gálvez,"Farmacia Esteban Gonzalez Gálvez (farmacia) en Gaucín. Coordenadas aprox: 36.5195, -5.3183.",OpenStreetMap (Overpass),https://www.openstreetmap.org/?mlat=36.5194704&mlon=-5.3182764,alta,Cádiz,Gaucín,36.51947,-5.318276,2026-08-28
OVERPASS-0073,supervivencia,agua potable,agua potable,"agua potable (agua potable). Coordenadas aprox: 36.5190, -5.3170.",OpenStreetMap (Overpass),https://www.openstreetmap.org/?mlat=36.518954&mlon=-5.3169786,alta,Cádiz,,36.518954,-5.316979,2026-08-28
OVERPASS-0074,geografia,farmacia,farmacia,"farmacia (farmacia). Coordenadas aprox: 36.2833, -6.0915.",OpenStreetMap (Overpass),https://www.openstreetmap.org/?mlat=36.2832514&mlon=-6.0915327,alta,Cádiz,,36.283251,-6.091533,2026-08-28
OVERPASS-0075,geografia,farmacia,Farmacia Checa,"Farmacia Checa (farmacia) en Tarifa. Coordenadas aprox: 36.0129, -5.6031.",OpenStreetMap (Overpass),https://www.openstreetmap.org/?mlat=36.0128949&mlon=-5.6031118,alta,Cádiz,Tarifa,36.012895,-5.603112,2026-08-28
OVERPASS-0076,geografia,farmacia,Puerta Jerez,"Puerta Jerez (farmacia) en Tarifa. Coordenadas aprox: 36.0141, -5.6041.",OpenStreetMap (Overpass),https://www.openstreetmap.org/?mlat=36.0140912&mlon=-5.6041204,alta,Cádiz,Tarifa,36.014091,-5.60412,2026-08-28
OVERPASS-0077,geografia,farmacia,Farmacia Fernández,"Farmacia Fernández (farmacia) en Ronda. Coordenadas aprox: 36.7456, -5.1602.",OpenStreetMap (Overpass),https://www.openstreetmap.org/?mlat=36.7456313&mlon=-5.1602413,alta,Cádiz,Ronda,36.745631,-5.160241,2026-08-28
OVERPASS-0078,geografia,farmacia,Farmacia Serrano Aznarte,"Farmacia Serrano Aznarte (farmacia) en Ronda. Coordenadas aprox: 36.7427, -5.1653.",OpenStreetMap (Overpass),https://www.openstreetmap.org/?mlat=36.7426584&mlon=-5.1653297,alta,Cádiz,Ronda,36.742658,-5.16533,2026-08-28
OVERPASS-0079,geografia,farmacia,Farmacia Molina Gonzalez,"Farmacia Molina Gonzalez (farmacia) en Ronda. Coordenadas aprox: 36.7487, -5.1537.",OpenStreetMap (Overpass),https://www.openstreetmap.org/?mlat=36.7487169&mlon=-5.1536757,alta,Cádiz,Ronda,36.748717,-5.153676,2026-08-28
OVERPASS-0080,geografia,farmacia,Farmacia Ldo. Evaristo Pérez Blanco,"Farmacia Ldo. Evaristo Pérez Blanco (farmacia) en Grazalema. Coordenadas aprox: 36.7584, -5.3674.",OpenStreetMap (Overpass),https://www.openstreetmap.org/?mlat=36.7583915&mlon=-5.3673747,alta,Cádiz,Grazalema,36.758392,-5.367375,2026-08-28
OVERPASS-0081,supervivencia,agua potable,agua potable,"agua potable (agua potable). Coordenadas aprox: 36.7438, -5.1676.",OpenStreetMap (Overpass),https://www.openstreetmap.org/?mlat=36.743813&mlon=-5.1676321,alta,Cádiz,,36.743813,-5.167632,2026-08-28
OVERPASS-0082,supervivencia,agua potable,agua potable,"agua potable (agua potable). Coordenadas aprox: 36.7418, -5.1675.",OpenStreetMap (Overpass),https://www.openstreetmap.org/?mlat=36.7418216&mlon=-5.1675249,alta,Cádiz,,36.741822,-5.167525,2026-08-28
OVERPASS-0083,supervivencia,agua potable,agua potable,"agua potable (agua potable). Coordenadas aprox: 36.7471, -5.1609.",OpenStreetMap (Overpass),https://www.openstreetmap.org/?mlat=36.7471415&mlon=-5.1609298,alta,Cádiz,,36.747141,-5.16093,2026-08-28
OVERPASS-0084,supervivencia,agua potable,agua potable,"agua potable (agua potable). Coordenadas aprox: 36.7436, -5.1621.",OpenStreetMap (Overpass),https://www.openstreetmap.org/?mlat=36.7436447&mlon=-5.1621041,alta,Cádiz,,36.743645,-5.162104,2026-08-28
OVERPASS-0085,supervivencia,agua potable,agua potable,"agua potable (agua potable). Coordenadas aprox: 36.7435, -5.1673.",OpenStreetMap (Overpass),https://www.openstreetmap.org/?mlat=36.7435496&mlon=-5.16734,alta,Cádiz,,36.74355,-5.16734,2026-08-28
OVERPASS-0086,supervivencia,refugio,refugio,"refugio (refugio). Coordenadas aprox: 36.7413, -5.1679.",OpenStreetMap (Overpass),https://www.openstreetmap.org/?mlat=36.7413216&mlon=-5.1678819,alta,Cádiz,,36.741322,-5.167882,2026-08-28
OVERPASS-0087,supervivencia,agua potable,agua potable,"agua potable (agua potable). Coordenadas aprox: 36.7386, -5.1643.",OpenStreetMap (Overpass),https://www.openstreetmap.org/?mlat=36.7386152&mlon=-5.1642645,alta,Cádiz,,36.738615,-5.164264,2026-08-28
OVERPASS-0088,supervivencia,refugio,refugio,"refugio (refugio). Coordenadas aprox: 36.8950, -5.4157.",OpenStreetMap (Overpass),https://www.openstreetmap.org/?mlat=36.8949755&mlon=-5.415666,alta,Cádiz,,36.894976,-5.415666,2026-08-28
OVERPASS-0089,supervivencia,refugio,refugio,"refugio (refugio). Coordenadas aprox: 36.8974, -5.3934.",OpenStreetMap (Overpass),https://www.openstreetmap.org/?mlat=36.8974419&mlon=-5.3934303,alta,Cádiz,,36.897442,-5.39343,2026-08-28
OVERPASS-0090,supervivencia,refugio,refugio,"refugio (refugio). Coordenadas aprox: 36.8975, -5.3936.",OpenStreetMap (Overpass),https://www.openstreetmap.org/?mlat=36.8975488&mlon=-5.3935533,alta,Cádiz,,36.897549,-5.393553,2026-08-28
OVERPASS-0091,geografia,farmacia,Farmacia Revilla Delgado +34956890990,"Farmacia Revilla Delgado +34956890990 (farmacia). Coordenadas aprox: 36.4598, -6.2002.",OpenStreetMap (Overpass),https://www.openstreetmap.org/?mlat=36.4598418&mlon=-6.2001604,alta,Cádiz,,36.459842,-6.20016,2026-08-28
OVERPASS-0092,supervivencia,agua potable,Fuente de Las Niñas,"Fuente de Las Niñas (agua potable). Coordenadas aprox: 36.1128, -5.4961.",OpenStreetMap (Overpass),https://www.openstreetmap.org/?mlat=36.112843&mlon=-5.496138,alta,Cádiz,,36.112843,-5.496138,2026-08-28
OVERPASS-0093,geografia,farmacia,Coto La Campa,"Coto La Campa (farmacia) en Chiclana de la Frontera. Coordenadas aprox: 36.3748, -6.1755.",OpenStreetMap (Overpass),https://www.openstreetmap.org/?mlat=36.3747874&mlon=-6.175508,alta,Cádiz,Chiclana de la Frontera,36.374787,-6.175508,2026-08-28
OVERPASS-0094,geografia,farmacia,farmacia,"farmacia (farmacia). Coordenadas aprox: 36.5800, -6.2241.",OpenStreetMap (Overpass),https://www.openstreetmap.org/?mlat=36.5800371&mlon=-6.2240827,alta,Cádiz,,36.580037,-6.224083,2026-08-28
OVERPASS-0095,supervivencia,agua potable,La pila abajo,"La pila abajo (agua potable). Coordenadas aprox: 36.6766, -5.4436.",OpenStreetMap (Overpass),https://www.openstreetmap.org/?mlat=36.6766044&mlon=-5.4436006,alta,Cádiz,,36.676604,-5.443601,2026-08-28
OVERPASS-0096,geografia,farmacia,farmacia,"farmacia (farmacia). Coordenadas aprox: 36.2787, -6.0876.",OpenStreetMap (Overpass),https://www.openstreetmap.org/?mlat=36.2786813&mlon=-6.0876476,alta,Cádiz,,36.278681,-6.087648,2026-08-28
OVERPASS-0097,supervivencia,agua potable,agua potable,"agua potable (agua potable). Coordenadas aprox: 36.7584, -5.3658.",OpenStreetMap (Overpass),https://www.openstreetmap.org/?mlat=36.7583969&mlon=-5.3658297,alta,Cádiz,,36.758397,-5.36583,2026-08-28
OVERPASS-0098,geografia,farmacia,farmacia,"farmacia (farmacia) en Setenil de las Bodegas. Coordenadas aprox: 36.8636, -5.1813.",OpenStreetMap (Overpass),https://www.openstreetmap.org/?mlat=36.8635758&mlon=-5.1813009,alta,Cádiz,Setenil de las Bodegas,36.863576,-5.181301,2026-08-28
OVERPASS-0099,supervivencia,agua potable,agua potable,"agua potable (agua potable). Coordenadas aprox: 36.8141, -5.2960.",OpenStreetMap (Overpass),https://www.openstreetmap.org/?mlat=36.8141447&mlon=-5.2959722,alta,Cádiz,,36.814145,-5.295972,2026-08-28
OVERPASS-0100,supervivencia,agua potable,agua potable,"agua potable (agua potable). Coordenadas aprox: 36.8153, -5.2972.",OpenStreetMap (Overpass),https://www.openstreetmap.org/?mlat=36.8152977&mlon=-5.297228,alta,Cádiz,,36.815298,-5.297228,2026-08-28
OVERPASS-0101,geografia,farmacia,Farmacia José Manuel Medina González,"Farmacia José Manuel Medina González (farmacia) en Montecorto. Coordenadas aprox: 36.8154, -5.2966.",OpenStreetMap (Overpass),https://www.openstreetmap.org/?mlat=36.8154323&mlon=-5.2965627,alta,Cádiz,Montecorto,36.815432,-5.296563,2026-08-28
OVERPASS-0102,geografia,farmacia,farmacia,"farmacia (farmacia) en Espera. Coordenadas aprox: 36.8719, -5.8063.",OpenStreetMap (Overpass),https://www.openstreetmap.org/?mlat=36.8718893&mlon=-5.8062598,alta,Cádiz,Espera,36.871889,-5.80626,2026-08-28
OVERPASS-0103,geografia,farmacia,Farmacia Loreto,"Farmacia Loreto (farmacia) en Cádiz. Coordenadas aprox: 36.5050, -6.2712.",OpenStreetMap (Overpass),https://www.openstreetmap.org/?mlat=36.5050187&mlon=-6.2711536,alta,Cádiz,Cádiz,36.505019,-6.271154,2026-08-28
OVERPASS-0104,geografia,farmacia,Farmacia Puntales,"Farmacia Puntales (farmacia). Coordenadas aprox: 36.5066, -6.2670.",OpenStreetMap (Overpass),https://www.openstreetmap.org/?mlat=36.5065974&mlon=-6.2670321,alta,Cádiz,,36.506597,-6.267032,2026-08-28
OVERPASS-0105,geografia,farmacia,Farmacia Calle Canarias,"Farmacia Calle Canarias (farmacia). Coordenadas aprox: 36.2809, -6.0856.",OpenStreetMap (Overpass),https://www.openstreetmap.org/?mlat=36.2808901&mlon=-6.0855597,alta,Cádiz,,36.28089,-6.08556,2026-08-28
OVERPASS-0106,geografia,farmacia,Farmacia Luis Benjumeda Osborne,"Farmacia Luis Benjumeda Osborne (farmacia). Coordenadas aprox: 36.6119, -6.2312.",OpenStreetMap (Overpass),https://www.openstreetmap.org/?mlat=36.611938&mlon=-6.2312112,alta,Cádiz,,36.611938,-6.231211,2026-08-28
OVERPASS-0107,geografia,centro de salud,centro de salud,"centro de salud (centro de salud). Coordenadas aprox: 36.9824, -5.9408.",OpenStreetMap (Overpass),https://www.openstreetmap.org/?mlat=36.9824493&mlon=-5.9407593,alta,Cádiz,,36.982449,-5.940759,2026-08-28
OVERPASS-0108,supervivencia,agua potable,agua potable,"agua potable (agua potable). Coordenadas aprox: 36.6995, -5.4215.",OpenStreetMap (Overpass),https://www.openstreetmap.org/?mlat=36.6994954&mlon=-5.4215009,alta,Cádiz,,36.699495,-5.421501,2026-08-28
OVERPASS-0109,geografia,farmacia,farmacia,"farmacia (farmacia). Coordenadas aprox: 36.1375, -5.4591.",OpenStreetMap (Overpass),https://www.openstreetmap.org/?mlat=36.1374942&mlon=-5.4591217,alta,Cádiz,,36.137494,-5.459122,2026-08-28
OVERPASS-0110,supervivencia,agua potable,agua potable,"agua potable (agua potable). Coordenadas aprox: 36.9652, -5.4293.",OpenStreetMap (Overpass),https://www.openstreetmap.org/?mlat=36.9652359&mlon=-5.4293266,alta,Cádiz,,36.965236,-5.429327,2026-08-28
OVERPASS-0111,geografia,farmacia,Farmacia González Mateos,"Farmacia González Mateos (farmacia). Coordenadas aprox: 36.5279, -6.1901.",OpenStreetMap (Overpass),https://www.openstreetmap.org/?mlat=36.5278925&mlon=-6.1901286,alta,Cádiz,,36.527893,-6.190129,2026-08-28
OVERPASS-0112,supervivencia,agua potable,agua potable,"agua potable (agua potable). Coordenadas aprox: 36.5257, -6.1858.",OpenStreetMap (Overpass),https://www.openstreetmap.org/?mlat=36.5257269&mlon=-6.1857562,alta,Cádiz,,36.525727,-6.185756,2026-08-28
OVERPASS-0113,geografia,farmacia,Farmacia y Ortopedia Monzón,"Farmacia y Ortopedia Monzón (farmacia) en San Fernando. Coordenadas aprox: 36.4610, -6.2055.",OpenStreetMap (Overpass),https://www.openstreetmap.org/?mlat=36.4609982&mlon=-6.2054551,alta,Cádiz,San Fernando,36.460998,-6.205455,2026-08-28
OVERPASS-0114,geografia,farmacia,Farmacia Ocaña Palacios,"Farmacia Ocaña Palacios (farmacia). Coordenadas aprox: 36.3404, -5.3205.",OpenStreetMap (Overpass),https://www.openstreetmap.org/?mlat=36.3404028&mlon=-5.3205025,alta,Cádiz,,36.340403,-5.320502,2026-08-28
OVERPASS-0115,geografia,farmacia,Licenciado Rosado,"Licenciado Rosado (farmacia). Coordenadas aprox: 36.1332, -5.4478.",OpenStreetMap (Overpass),https://www.openstreetmap.org/?mlat=36.1332244&mlon=-5.4478207,alta,Cádiz,,36.133224,-5.447821,2026-08-28
OVERPASS-0116,geografia,centro de salud,Juan Oncala - Clínica del Pie,"Juan Oncala - Clínica del Pie (centro de salud). Coordenadas aprox: 36.1348, -5.4523.",OpenStreetMap (Overpass),https://www.openstreetmap.org/?mlat=36.1348368&mlon=-5.4523351,alta,Cádiz,,36.134837,-5.452335,2026-08-28
OVERPASS-0117,geografia,farmacia,Sansalvador,"Sansalvador (farmacia). Coordenadas aprox: 36.1351, -5.4499.",OpenStreetMap (Overpass),https://www.openstreetmap.org/?mlat=36.1350901&mlon=-5.4498979,alta,Cádiz,,36.13509,-5.449898,2026-08-28
OVERPASS-0118,geografia,farmacia,Farmacia Argaiz y Rodríguez,"Farmacia Argaiz y Rodríguez (farmacia). Coordenadas aprox: 36.1300, -5.4459.",OpenStreetMap (Overpass),https://www.openstreetmap.org/?mlat=36.1299803&mlon=-5.4458661,alta,Cádiz,,36.12998,-5.445866,2026-08-28
OVERPASS-0119,geografia,farmacia,Farmacia Corredera,"Farmacia Corredera (farmacia). Coordenadas aprox: 36.7500, -5.8097.",OpenStreetMap (Overpass),https://www.openstreetmap.org/?mlat=36.7500037&mlon=-5.8096814,alta,Cádiz,,36.750004,-5.809681,2026-08-28
OVERPASS-0120,geografia,farmacia,La Libertad,"La Libertad (farmacia). Coordenadas aprox: 36.4244, -6.1400.",OpenStreetMap (Overpass),https://www.openstreetmap.org/?mlat=36.4244145&mlon=-6.1399869,alta,Cádiz,,36.424414,-6.139987,2026-08-28
OVERPASS-0121,geografia,farmacia,Alameda Solano,"Alameda Solano (farmacia). Coordenadas aprox: 36.4235, -6.1446.",OpenStreetMap (Overpass),https://www.openstreetmap.org/?mlat=36.4234664&mlon=-6.1445878,alta,Cádiz,,36.423466,-6.144588,2026-08-28
OVERPASS-0122,geografia,farmacia,Jose Gallardo Acuña,"Jose Gallardo Acuña (farmacia). Coordenadas aprox: 36.1353, -5.8448.",OpenStreetMap (Overpass),https://www.openstreetmap.org/?mlat=36.1353358&mlon=-5.8448405,alta,Cádiz,,36.135336,-5.844841,2026-08-28
OVERPASS-0123,geografia,farmacia,farmacia,"farmacia (farmacia). Coordenadas aprox: 36.1342, -5.8432.",OpenStreetMap (Overpass),https://www.openstreetmap.org/?mlat=36.1342079&mlon=-5.8432142,alta,Cádiz,,36.134208,-5.843214,2026-08-28
OVERPASS-0124,orientacion,faro,faro,"faro (faro). Coordenadas aprox: 36.1227, -5.4340.",OpenStreetMap (Overpass),https://www.openstreetmap.org/?mlat=36.1226914&mlon=-5.4339871,alta,Cádiz,,36.122691,-5.433987,2026-08-28
OVERPASS-0125,geografia,farmacia,Farmacia Rosario Esperan Sánchez Romero,"Farmacia Rosario Esperan Sánchez Romero (farmacia) en Ronda. Coordenadas aprox: 36.7488, -5.1584.",OpenStreetMap (Overpass),https://www.openstreetmap.org/?mlat=36.7488115&mlon=-5.1583736,alta,Cádiz,Ronda,36.748812,-5.158374,2026-08-28
OVERPASS-0126,geografia,farmacia,Farmacia de Mata,"Farmacia de Mata (farmacia). Coordenadas aprox: 36.2497, -5.9655.",OpenStreetMap (Overpass),https://www.openstreetmap.org/?mlat=36.2496547&mlon=-5.9655006,alta,Cádiz,,36.249655,-5.965501,2026-08-28
OVERPASS-0127,geografia,farmacia,Farmacia López Rubio,"Farmacia López Rubio (farmacia). Coordenadas aprox: 36.7890, -5.5567.",OpenStreetMap (Overpass),https://www.openstreetmap.org/?mlat=36.78896&mlon=-5.5567113,alta,Cádiz,,36.78896,-5.556711,2026-08-28
OVERPASS-0128,supervivencia,agua potable,Fuente del Juncal,"Fuente del Juncal (agua potable). Coordenadas aprox: 36.7150, -5.2378.",OpenStreetMap (Overpass),https://www.openstreetmap.org/?mlat=36.7149706&mlon=-5.2377543,alta,Cádiz,,36.714971,-5.237754,2026-08-28
OVERPASS-0129,supervivencia,agua potable,Ayuntamiento-Plaza,"Ayuntamiento-Plaza (agua potable). Coordenadas aprox: 36.1600, -5.3512.",OpenStreetMap (Overpass),https://www.openstreetmap.org/?mlat=36.1600055&mlon=-5.3512151,alta,Cádiz,,36.160005,-5.351215,2026-08-28
OVERPASS-0130,supervivencia,agua potable,Fuente de los Seis Caños,"Fuente de los Seis Caños (agua potable). Coordenadas aprox: 36.5189, -5.3177.",OpenStreetMap (Overpass),https://www.openstreetmap.org/?mlat=36.5189169&mlon=-5.3177122,alta,Cádiz,,36.518917,-5.317712,2026-08-28
OVERPASS-0131,geografia,farmacia,farmacia,"farmacia (farmacia). Coordenadas aprox: 36.6699, -6.1390.",OpenStreetMap (Overpass),https://www.openstreetmap.org/?mlat=36.6699471&mlon=-6.1389656,alta,Cádiz,,36.669947,-6.138966,2026-08-28
OVERPASS-0132,geografia,farmacia,farmacia,"farmacia (farmacia). Coordenadas aprox: 36.6874, -6.1394.",OpenStreetMap (Overpass),https://www.openstreetmap.org/?mlat=36.6873557&mlon=-6.1393787,alta,Cádiz,,36.687356,-6.139379,2026-08-28
OVERPASS-0133,geografia,farmacia,farmacia,"farmacia (farmacia). Coordenadas aprox: 36.1869, -5.9183.",OpenStreetMap (Overpass),https://www.openstreetmap.org/?mlat=36.1869169&mlon=-5.9182879,alta,Cádiz,,36.186917,-5.918288,2026-08-28
OVERPASS-0134,supervivencia,agua potable,Fuente Torilejo,"Fuente Torilejo (agua potable). Coordenadas aprox: 36.5258, -5.3379.",OpenStreetMap (Overpass),https://www.openstreetmap.org/?mlat=36.5257882&mlon=-5.337947,alta,Cádiz,,36.525788,-5.337947,2026-08-28
OVERPASS-0135,supervivencia,agua potable,agua potable,"agua potable (agua potable). Coordenadas aprox: 36.5194, -5.3214.",OpenStreetMap (Overpass),https://www.openstreetmap.org/?mlat=36.519365&mlon=-5.3213649,alta,Cádiz,,36.519365,-5.321365,2026-08-28
OVERPASS-0136,supervivencia,agua potable,Fuente de los Tres Chorros,"Fuente de los Tres Chorros (agua potable). Coordenadas aprox: 36.7661, -5.4659.",OpenStreetMap (Overpass),https://www.openstreetmap.org/?mlat=36.7660521&mlon=-5.4658759,alta,Cádiz,,36.766052,-5.465876,2026-08-28
OVERPASS-0137,supervivencia,agua potable,agua potable,"agua potable (agua potable). Coordenadas aprox: 36.6845, -6.1371.",OpenStreetMap (Overpass),https://www.openstreetmap.org/?mlat=36.6845103&mlon=-6.1371149,alta,Cádiz,,36.68451,-6.137115,2026-08-28
OVERPASS-0138,supervivencia,agua potable,Chorrón Alto,"Chorrón Alto (agua potable). Coordenadas aprox: 36.5198, -5.3186.",OpenStreetMap (Overpass),https://www.openstreetmap.org/?mlat=36.5198223&mlon=-5.318622,alta,Cádiz,,36.519822,-5.318622,2026-08-28
OVERPASS-0139,supervivencia,agua potable,Fuente Calle Casares,"Fuente Calle Casares (agua potable). Coordenadas aprox: 36.5178, -5.3172.",OpenStreetMap (Overpass),https://www.openstreetmap.org/?mlat=36.5178474&mlon=-5.3172286,alta,Cádiz,,36.517847,-5.317229,2026-08-28
OVERPASS-0140,supervivencia,agua potable,agua potable,"agua potable (agua potable). Coordenadas aprox: 36.5188, -5.3178.",OpenStreetMap (Overpass),https://www.openstreetmap.org/?mlat=36.5187514&mlon=-5.3178307,alta,Cádiz,,36.518751,-5.317831,2026-08-28
OVERPASS-0141,supervivencia,agua potable,agua potable,"agua potable (agua potable). Coordenadas aprox: 36.5201, -5.3205.",OpenStreetMap (Overpass),https://www.openstreetmap.org/?mlat=36.5201392&mlon=-5.3204959,alta,Cádiz,,36.520139,-5.320496,2026-08-28
OVERPASS-0142,geografia,farmacia,Farmacia MAriano Ruedas,"Farmacia MAriano Ruedas (farmacia) en Casares. Coordenadas aprox: 36.4449, -5.2731.",OpenStreetMap (Overpass),https://www.openstreetmap.org/?mlat=36.444919&mlon=-5.2731102,alta,Cádiz,Casares,36.444919,-5.27311,2026-08-28
OVERPASS-0143,supervivencia,agua potable,agua potable,"agua potable (agua potable). Coordenadas aprox: 36.5109, -6.2819.",OpenStreetMap (Overpass),https://www.openstreetmap.org/?mlat=36.5108866&mlon=-6.2818869,alta,Cádiz,,36.510887,-6.281887,2026-08-28
OVERPASS-0144,supervivencia,agua potable,agua potable,"agua potable (agua potable). Coordenadas aprox: 36.5085, -6.2802.",OpenStreetMap (Overpass),https://www.openstreetmap.org/?mlat=36.5084521&mlon=-6.2802471,alta,Cádiz,,36.508452,-6.280247,2026-08-28
OVERPASS-0145,supervivencia,agua potable,agua potable,"agua potable (agua potable). Coordenadas aprox: 36.5065, -6.2790.",OpenStreetMap (Overpass),https://www.openstreetmap.org/?mlat=36.5064652&mlon=-6.2790392,alta,Cádiz,,36.506465,-6.279039,2026-08-28
OVERPASS-0146,supervivencia,agua potable,agua potable,"agua potable (agua potable). Coordenadas aprox: 36.5047, -6.2777.",OpenStreetMap (Overpass),https://www.openstreetmap.org/?mlat=36.5046896&mlon=-6.277738,alta,Cádiz,,36.50469,-6.277738,2026-08-28
OVERPASS-0147,supervivencia,agua potable,agua potable,"agua potable (agua potable). Coordenadas aprox: 36.5278, -6.3038.",OpenStreetMap (Overpass),https://www.openstreetmap.org/?mlat=36.5278244&mlon=-6.303833,alta,Cádiz,,36.527824,-6.303833,2026-08-28
OVERPASS-0148,geografia,farmacia,farmacia,"farmacia (farmacia). Coordenadas aprox: 36.8798, -5.4088.",OpenStreetMap (Overpass),https://www.openstreetmap.org/?mlat=36.8797767&mlon=-5.4087549,alta,Cádiz,,36.879777,-5.408755,2026-08-28
OVERPASS-0149,geografia,centro de salud,centro de salud,"centro de salud (centro de salud). Coordenadas aprox: 36.5937, -5.2612.",OpenStreetMap (Overpass),https://www.openstreetmap.org/?mlat=36.5936526&mlon=-5.2611982,alta,Cádiz,,36.593653,-5.261198,2026-08-28
OVERPASS-0150,geografia,farmacia,Farmacia Ferrer CB,"Farmacia Ferrer CB (farmacia) en San Roque. Coordenadas aprox: 36.2099, -5.3895.",OpenStreetMap (Overpass),https://www.openstreetmap.org/?mlat=36.2098839&mlon=-5.3894547,alta,Cádiz,San Roque,36.209884,-5.389455,2026-08-28
OVERPASS-0151,geografia,farmacia,Farmacia Delgado,"Farmacia Delgado (farmacia) en Ronda. Coordenadas aprox: 36.7527, -5.1495.",OpenStreetMap (Overpass),https://www.openstreetmap.org/?mlat=36.7526654&mlon=-5.1494937,alta,Cádiz,Ronda,36.752665,-5.149494,2026-08-28
OVERPASS-0152,geografia,farmacia,Farmacia Novo Sancti Petri,"Farmacia Novo Sancti Petri (farmacia). Coordenadas aprox: 36.3520, -6.1646.",OpenStreetMap (Overpass),https://www.openstreetmap.org/?mlat=36.3520455&mlon=-6.1646251,alta,Cádiz,,36.352046,-6.164625,2026-08-28
OVERPASS-0153,supervivencia,agua potable,agua potable,"agua potable (agua potable). Coordenadas aprox: 36.4568, -5.9279.",OpenStreetMap (Overpass),https://www.openstreetmap.org/?mlat=36.4567995&mlon=-5.9279167,alta,Cádiz,,36.4568,-5.927917,2026-08-28
OVERPASS-0154,geografia,farmacia,Farmacia Luna,"Farmacia Luna (farmacia). Coordenadas aprox: 36.5273, -6.1848.",OpenStreetMap (Overpass),https://www.openstreetmap.org/?mlat=36.5272945&mlon=-6.1847522,alta,Cádiz,,36.527295,-6.184752,2026-08-28
OVERPASS-0155,geografia,farmacia,farmacia,"farmacia (farmacia). Coordenadas aprox: 36.5292, -6.1946.",OpenStreetMap (Overpass),https://www.openstreetmap.org/?mlat=36.529161&mlon=-6.1946227,alta,Cádiz,,36.529161,-6.194623,2026-08-28
OVERPASS-0156,geografia,farmacia,farmacia,"farmacia (farmacia). Coordenadas aprox: 36.5346, -6.1884.",OpenStreetMap (Overpass),https://www.openstreetmap.org/?mlat=36.5346006&mlon=-6.1883551,alta,Cádiz,,36.534601,-6.188355,2026-08-28
OVERPASS-0157,geografia,farmacia,Licenciado Antonio Morillo,"Licenciado Antonio Morillo (farmacia). Coordenadas aprox: 36.2497, -5.9687.",OpenStreetMap (Overpass),https://www.openstreetmap.org/?mlat=36.2497425&mlon=-5.9686673,alta,Cádiz,,36.249743,-5.968667,2026-08-28
OVERPASS-0158,geografia,farmacia,Farmacia Miguel Fernández C.B.,"Farmacia Miguel Fernández C.B. (farmacia). Coordenadas aprox: 36.7787, -6.3536.",OpenStreetMap (Overpass),https://www.openstreetmap.org/?mlat=36.7787126&mlon=-6.3535831,alta,Cádiz,,36.778713,-6.353583,2026-08-28
OVERPASS-0159,geografia,farmacia,farmacia,"farmacia (farmacia). Coordenadas aprox: 36.7808, -6.3557.",OpenStreetMap (Overpass),https://www.openstreetmap.org/?mlat=36.7808417&mlon=-6.3557286,alta,Cádiz,,36.780842,-6.355729,2026-08-28
OVERPASS-0160,supervivencia,agua potable,agua potable,"agua potable (agua potable). Coordenadas aprox: 36.0136, -5.6053.",OpenStreetMap (Overpass),https://www.openstreetmap.org/?mlat=36.0135701&mlon=-5.6052581,alta,Cádiz,,36.01357,-5.605258,2026-08-28
OVERPASS-0161,geografia,farmacia,Avenida,"Avenida (farmacia). Coordenadas aprox: 36.0156, -5.6057.",OpenStreetMap (Overpass),https://www.openstreetmap.org/?mlat=36.0155615&mlon=-5.605669,alta,Cádiz,,36.015561,-5.605669,2026-08-28
OVERPASS-0162,geografia,farmacia,Farmacia Moreno Campillo,"Farmacia Moreno Campillo (farmacia). Coordenadas aprox: 36.5101, -6.2811.",OpenStreetMap (Overpass),https://www.openstreetmap.org/?mlat=36.5100922&mlon=-6.2810783,alta,Cádiz,,36.510092,-6.281078,2026-08-28
OVERPASS-0163,supervivencia,agua potable,agua potable,"agua potable (agua potable). Coordenadas aprox: 36.7431, -5.1685.",OpenStreetMap (Overpass),https://www.openstreetmap.org/?mlat=36.7430894&mlon=-5.1685366,alta,Cádiz,,36.743089,-5.168537,2026-08-28
OVERPASS-0164,supervivencia,agua potable,agua potable,"agua potable (agua potable). Coordenadas aprox: 36.7369, -5.1652.",OpenStreetMap (Overpass),https://www.openstreetmap.org/?mlat=36.736891&mlon=-5.1651599,alta,Cádiz,,36.736891,-5.16516,2026-08-28
OVERPASS-0165,geografia,farmacia,Farmacia del Triunfo,"Farmacia del Triunfo (farmacia). Coordenadas aprox: 36.5300, -6.3013.",OpenStreetMap (Overpass),https://www.openstreetmap.org/?mlat=36.530018&mlon=-6.3012997,alta,Cádiz,,36.530018,-6.3013,2026-08-28
OVERPASS-0166,supervivencia,agua potable,agua potable,"agua potable (agua potable). Coordenadas aprox: 36.5359, -6.3037.",OpenStreetMap (Overpass),https://www.openstreetmap.org/?mlat=36.5358821&mlon=-6.3037288,alta,Cádiz,,36.535882,-6.303729,2026-08-28
OVERPASS-0167,supervivencia,agua potable,agua potable,"agua potable (agua potable). Coordenadas aprox: 36.5361, -6.3034.",OpenStreetMap (Overpass),https://www.openstreetmap.org/?mlat=36.5361376&mlon=-6.3034179,alta,Cádiz,,36.536138,-6.303418,2026-08-28
OVERPASS-0168,supervivencia,agua potable,agua potable,"agua potable (agua potable). Coordenadas aprox: 36.5367, -6.2971.",OpenStreetMap (Overpass),https://www.openstreetmap.org/?mlat=36.5367492&mlon=-6.2971211,alta,Cádiz,,36.536749,-6.297121,2026-08-28
OVERPASS-0169,supervivencia,agua potable,agua potable,"agua potable (agua potable). Coordenadas aprox: 36.5374, -6.2987.",OpenStreetMap (Overpass),https://www.openstreetmap.org/?mlat=36.5373854&mlon=-6.2987239,alta,Cádiz,,36.537385,-6.298724,2026-08-28
OVERPASS-0170,geografia,centro de salud,Consultorio Médico de Facinas,"Consultorio Médico de Facinas (centro de salud). Coordenadas aprox: 36.1415, -5.6987.",OpenStreetMap (Overpass),https://www.openstreetmap.org/?mlat=36.1414551&mlon=-5.6987318,alta,Cádiz,,36.141455,-5.698732,2026-08-28
OVERPASS-0171,geografia,farmacia,Farmacia Facinas,"Farmacia Facinas (farmacia) en Facinas. Coordenadas aprox: 36.1429, -5.6999.",OpenStreetMap (Overpass),https://www.openstreetmap.org/?mlat=36.1428889&mlon=-5.6998572,alta,Cádiz,Facinas,36.142889,-5.699857,2026-08-28
OVERPASS-0172,geografia,farmacia,Farmacia Tahivilla,"Farmacia Tahivilla (farmacia) en Tahivilla. Coordenadas aprox: 36.1844, -5.7569.",OpenStreetMap (Overpass),https://www.openstreetmap.org/?mlat=36.1843579&mlon=-5.756878,alta,Cádiz,Tahivilla,36.184358,-5.756878,2026-08-28
OVERPASS-0173,geografia,farmacia,Farmacia Monteolivete,"Farmacia Monteolivete (farmacia). Coordenadas aprox: 36.7758, -6.3458.",OpenStreetMap (Overpass),https://www.openstreetmap.org/?mlat=36.7757668&mlon=-6.3457751,alta,Cádiz,,36.775767,-6.345775,2026-08-28
OVERPASS-0174,geografia,farmacia,Farmacia Secadero,"Farmacia Secadero (farmacia) en Casares. Coordenadas aprox: 36.3377, -5.3143.",OpenStreetMap (Overpass),https://www.openstreetmap.org/?mlat=36.337725&mlon=-5.3142767,alta,Cádiz,Casares,36.337725,-5.314277,2026-08-28
OVERPASS-0175,geografia,farmacia,Farmacia Sotogrande,"Farmacia Sotogrande (farmacia). Coordenadas aprox: 36.2859, -5.3027.",OpenStreetMap (Overpass),https://www.openstreetmap.org/?mlat=36.2858741&mlon=-5.3027001,alta,Cádiz,,36.285874,-5.3027,2026-08-28
OVERPASS-0176,geografia,farmacia,Farmacia San Enrique,"Farmacia San Enrique (farmacia) en San Enrique de Guadiaro. Coordenadas aprox: 36.3048, -5.2923.",OpenStreetMap (Overpass),https://www.openstreetmap.org/?mlat=36.3048314&mlon=-5.2922855,alta,Cádiz,San Enrique de Guadiaro,36.304831,-5.292286,2026-08-28
OVERPASS-0177,supervivencia,agua potable,agua potable,"agua potable (agua potable). Coordenadas aprox: 36.6865, -6.0989.",OpenStreetMap (Overpass),https://www.openstreetmap.org/?mlat=36.6865492&mlon=-6.0989495,alta,Cádiz,,36.686549,-6.098949,2026-08-28
OVERPASS-0178,geografia,farmacia,Farmacia Francisco Barbadillo García de Velasco,"Farmacia Francisco Barbadillo García de Velasco (farmacia). Coordenadas aprox: 36.7800, -6.3510.",OpenStreetMap (Overpass),https://www.openstreetmap.org/?mlat=36.7799687&mlon=-6.3509706,alta,Cádiz,,36.779969,-6.350971,2026-08-28
OVERPASS-0179,supervivencia,agua potable,agua potable,"agua potable (agua potable). Coordenadas aprox: 36.5347, -6.2930.",OpenStreetMap (Overpass),https://www.openstreetmap.org/?mlat=36.5347499&mlon=-6.2930121,alta,Cádiz,,36.53475,-6.293012,2026-08-28
OVERPASS-0180,geografia,farmacia,Farmacia Revuelta Viedma,"Farmacia Revuelta Viedma (farmacia). Coordenadas aprox: 36.6232, -6.3668.",OpenStreetMap (Overpass),https://www.openstreetmap.org/?mlat=36.6231643&mlon=-6.3668155,alta,Cádiz,,36.623164,-6.366816,2026-08-28
OVERPASS-0181,supervivencia,agua potable,agua potable,"agua potable (agua potable). Coordenadas aprox: 36.4601, -5.5977.",OpenStreetMap (Overpass),https://www.openstreetmap.org/?mlat=36.4600943&mlon=-5.5977458,alta,Cádiz,,36.460094,-5.597746,2026-08-28
OVERPASS-0182,supervivencia,agua potable,agua potable,"agua potable (agua potable). Coordenadas aprox: 36.5374, -6.3016.",OpenStreetMap (Overpass),https://www.openstreetmap.org/?mlat=36.5374245&mlon=-6.3015745,alta,Cádiz,,36.537425,-6.301575,2026-08-28
OVERPASS-0183,supervivencia,agua potable,agua potable,"agua potable (agua potable). Coordenadas aprox: 36.5297, -6.2925.",OpenStreetMap (Overpass),https://www.openstreetmap.org/?mlat=36.5296528&mlon=-6.2924981,alta,Cádiz,,36.529653,-6.292498,2026-08-28
OVERPASS-0184,supervivencia,agua potable,agua potable,"agua potable (agua potable). Coordenadas aprox: 36.5301, -6.2920.",OpenStreetMap (Overpass),https://www.openstreetmap.org/?mlat=36.5301124&mlon=-6.2920384,alta,Cádiz,,36.530112,-6.292038,2026-08-28
OVERPASS-0185,supervivencia,agua potable,Mirador de las Cobijadas,"Mirador de las Cobijadas (agua potable). Coordenadas aprox: 36.2525, -5.9643.",OpenStreetMap (Overpass),https://www.openstreetmap.org/?mlat=36.2524593&mlon=-5.9642799,alta,Cádiz,,36.252459,-5.96428,2026-08-28
OVERPASS-0186,geografia,centro de salud,Clínica Beiman,"Clínica Beiman (centro de salud). Coordenadas aprox: 36.9895, -5.9388.",OpenStreetMap (Overpass),https://www.openstreetmap.org/?mlat=36.9895126&mlon=-5.938821,alta,Cádiz,,36.989513,-5.938821,2026-08-28
OVERPASS-0187,supervivencia,agua potable,agua potable,"agua potable (agua potable). Coordenadas aprox: 36.6949, -6.1271.",OpenStreetMap (Overpass),https://www.openstreetmap.org/?mlat=36.6949183&mlon=-6.1271224,alta,Cádiz,,36.694918,-6.127122,2026-08-28
OVERPASS-0188,supervivencia,agua potable,agua potable,"agua potable (agua potable). Coordenadas aprox: 36.6870, -6.1275.",OpenStreetMap (Overpass),https://www.openstreetmap.org/?mlat=36.6869611&mlon=-6.1274794,alta,Cádiz,,36.686961,-6.127479,2026-08-28
OVERPASS-0189,supervivencia,agua potable,agua potable,"agua potable (agua potable). Coordenadas aprox: 36.6812, -6.1216.",OpenStreetMap (Overpass),https://www.openstreetmap.org/?mlat=36.6811988&mlon=-6.1216492,alta,Cádiz,,36.681199,-6.121649,2026-08-28
OVERPASS-0190,supervivencia,agua potable,agua potable,"agua potable (agua potable). Coordenadas aprox: 36.6806, -6.1231.",OpenStreetMap (Overpass),https://www.openstreetmap.org/?mlat=36.6805556&mlon=-6.1230654,alta,Cádiz,,36.680556,-6.123065,2026-08-28
OVERPASS-0191,supervivencia,agua potable,agua potable,"agua potable (agua potable). Coordenadas aprox: 36.6808, -6.1240.",OpenStreetMap (Overpass),https://www.openstreetmap.org/?mlat=36.6808012&mlon=-6.1240313,alta,Cádiz,,36.680801,-6.124031,2026-08-28
OVERPASS-0192,geografia,centro de salud,Oculsur,"Oculsur (centro de salud) en Cádiz. Coordenadas aprox: 36.4961, -6.2703.",OpenStreetMap (Overpass),https://www.openstreetmap.org/?mlat=36.4961216&mlon=-6.2703091,alta,Cádiz,Cádiz,36.496122,-6.270309,2026-08-28
OVERPASS-0193,supervivencia,agua potable,agua potable,"agua potable (agua potable). Coordenadas aprox: 36.6808, -6.1333.",OpenStreetMap (Overpass),https://www.openstreetmap.org/?mlat=36.6807824&mlon=-6.1333146,alta,Cádiz,,36.680782,-6.133315,2026-08-28
OVERPASS-0194,supervivencia,agua potable,agua potable,"agua potable (agua potable). Coordenadas aprox: 36.6870, -6.1373.",OpenStreetMap (Overpass),https://www.openstreetmap.org/?mlat=36.6870104&mlon=-6.1373218,alta,Cádiz,,36.68701,-6.137322,2026-08-28
OVERPASS-0195,supervivencia,agua potable,agua potable,"agua potable (agua potable). Coordenadas aprox: 36.6968, -6.1352.",OpenStreetMap (Overpass),https://www.openstreetmap.org/?mlat=36.6968167&mlon=-6.1352448,alta,Cádiz,,36.696817,-6.135245,2026-08-28
OVERPASS-0196,supervivencia,agua potable,agua potable,"agua potable (agua potable). Coordenadas aprox: 36.6966, -6.1350.",OpenStreetMap (Overpass),https://www.openstreetmap.org/?mlat=36.6965673&mlon=-6.1350437,alta,Cádiz,,36.696567,-6.135044,2026-08-28
OVERPASS-0197,geografia,farmacia,Farmacia Adela Puig,"Farmacia Adela Puig (farmacia) en Las Cabezas de San Juan. Coordenadas aprox: 36.9851, -5.9382.",OpenStreetMap (Overpass),https://www.openstreetmap.org/?mlat=36.9850665&mlon=-5.9382279,alta,Cádiz,Las Cabezas de San Juan,36.985067,-5.938228,2026-08-28
OVERPASS-0198,geografia,farmacia,Farmacia Mendoza,"Farmacia Mendoza (farmacia) en Las Cabezas de San Juan. Coordenadas aprox: 36.9777, -5.9431.",OpenStreetMap (Overpass),https://www.openstreetmap.org/?mlat=36.9777058&mlon=-5.9430896,alta,Cádiz,Las Cabezas de San Juan,36.977706,-5.94309,2026-08-28
OVERPASS-0199,geografia,farmacia,Farmacia Josefa Godoy Sanchez,"Farmacia Josefa Godoy Sanchez (farmacia) en Las Cabezas de San Juan. Coordenadas aprox: 36.9782, -5.9399.",OpenStreetMap (Overpass),https://www.openstreetmap.org/?mlat=36.9782251&mlon=-5.9398783,alta,Cádiz,Las Cabezas de San Juan,36.978225,-5.939878,2026-08-28
OVERPASS-0200,geografia,farmacia,Farmacia Juan María Pena Rueda,"Farmacia Juan María Pena Rueda (farmacia) en Las Cabezas de San Juan. Coordenadas aprox: 36.9820, -5.9408.",OpenStreetMap (Overpass),https://www.openstreetmap.org/?mlat=36.9820026&mlon=-5.9407868,alta,Cádiz,Las Cabezas de San Juan,36.982003,-5.940787,2026-08-28
OVERPASS-0201,geografia,farmacia,Farmacia Juan José Jiménez León,"Farmacia Juan José Jiménez León (farmacia) en Las Cabezas de San Juan. Coordenadas aprox: 36.9826, -5.9364.",OpenStreetMap (Overpass),https://www.openstreetmap.org/?mlat=36.9825655&mlon=-5.936423,alta,Cádiz,Las Cabezas de San Juan,36.982565,-5.936423,2026-08-28
OVERPASS-0202,geografia,farmacia,farmacia,"farmacia (farmacia) en San Fernando. Coordenadas aprox: 36.4624, -6.1996.",OpenStreetMap (Overpass),https://www.openstreetmap.org/?mlat=36.4624399&mlon=-6.1995654,alta,Cádiz,San Fernando,36.46244,-6.199565,2026-08-28
OVERPASS-0203,geografia,farmacia,Isabel Gómez Cuadrado,"Isabel Gómez Cuadrado (farmacia) en San Fernando. Coordenadas aprox: 36.4638, -6.1987.",OpenStreetMap (Overpass),https://www.openstreetmap.org/?mlat=36.4637846&mlon=-6.1986944,alta,Cádiz,San Fernando,36.463785,-6.198694,2026-08-28
OVERPASS-0204,geografia,farmacia,Farmacia Cuadrado,"Farmacia Cuadrado (farmacia) en San Fernando. Coordenadas aprox: 36.4654, -6.1971.",OpenStreetMap (Overpass),https://www.openstreetmap.org/?mlat=36.4654316&mlon=-6.1970897,alta,Cádiz,San Fernando,36.465432,-6.19709,2026-08-28
OVERPASS-0205,supervivencia,agua potable,agua potable,"agua potable (agua potable). Coordenadas aprox: 36.2545, -5.9654.",OpenStreetMap (Overpass),https://www.openstreetmap.org/?mlat=36.2545047&mlon=-5.9654265,alta,Cádiz,,36.254505,-5.965427,2026-08-28
OVERPASS-0206,geografia,farmacia,farmacia,"farmacia (farmacia). Coordenadas aprox: 36.4228, -5.1527.",OpenStreetMap (Overpass),https://www.openstreetmap.org/?mlat=36.4227576&mlon=-5.152675,alta,Cádiz,,36.422758,-5.152675,2026-08-28
OVERPASS-0207,geografia,farmacia,Farmacia Candela,"Farmacia Candela (farmacia) en Estepona. Coordenadas aprox: 36.4213, -5.1505.",OpenStreetMap (Overpass),https://www.openstreetmap.org/?mlat=36.4213106&mlon=-5.1504832,alta,Cádiz,Estepona,36.421311,-5.150483,2026-08-28
OVERPASS-0208,geografia,centro de salud,Isla Salud,"Isla Salud (centro de salud). Coordenadas aprox: 36.4652, -6.2008.",OpenStreetMap (Overpass),https://www.openstreetmap.org/?mlat=36.4651899&mlon=-6.2007949,alta,Cádiz,,36.46519,-6.200795,2026-08-28
OVERPASS-0209,geografia,centro de salud,Isla Salud,"Isla Salud (centro de salud). Coordenadas aprox: 36.4654, -6.2007.",OpenStreetMap (Overpass),https://www.openstreetmap.org/?mlat=36.4654346&mlon=-6.2007335,alta,Cádiz,,36.465435,-6.200734,2026-08-28
OVERPASS-0210,geografia,centro de salud,La Salud,"La Salud (centro de salud). Coordenadas aprox: 36.4627, -6.2012.",OpenStreetMap (Overpass),https://www.openstreetmap.org/?mlat=36.4627247&mlon=-6.2011772,alta,Cádiz,,36.462725,-6.201177,2026-08-28
OVERPASS-0211,geografia,centro de salud,Podólogo,"Podólogo (centro de salud). Coordenadas aprox: 36.4641, -6.1991.",OpenStreetMap (Overpass),https://www.openstreetmap.org/?mlat=36.4641467&mlon=-6.1991447,alta,Cádiz,,36.464147,-6.199145,2026-08-28
OVERPASS-0212,geografia,centro de salud,Podólogo,"Podólogo (centro de salud). Coordenadas aprox: 36.4665, -6.1983.",OpenStreetMap (Overpass),https://www.openstreetmap.org/?mlat=36.4665434&mlon=-6.1983333,alta,Cádiz,,36.466543,-6.198333,2026-08-28
OVERPASS-0213,geografia,centro de salud,Psique Pedagogía,"Psique Pedagogía (centro de salud). Coordenadas aprox: 36.4610, -6.2037.",OpenStreetMap (Overpass),https://www.openstreetmap.org/?mlat=36.4609633&mlon=-6.2036921,alta,Cádiz,,36.460963,-6.203692,2026-08-28
OVERPASS-0214,geografia,centro de salud,Salud de la Mujer,"Salud de la Mujer (centro de salud). Coordenadas aprox: 36.4648, -6.2003.",OpenStreetMap (Overpass),https://www.openstreetmap.org/?mlat=36.4647786&mlon=-6.2002656,alta,Cádiz,,36.464779,-6.200266,2026-08-28
OVERPASS-0215,geografia,farmacia,Farmacia Óptica Cándido González,"Farmacia Óptica Cándido González (farmacia) en San Fernando. Coordenadas aprox: 36.4631, -6.2020.",OpenStreetMap (Overpass),https://www.openstreetmap.org/?mlat=36.4631073&mlon=-6.2020195,alta,Cádiz,San Fernando,36.463107,-6.202019,2026-08-28
OVERPASS-0216,geografia,farmacia,Mercado Central,"Mercado Central (farmacia) en San Fernando. Coordenadas aprox: 36.4656, -6.1992.",OpenStreetMap (Overpass),https://www.openstreetmap.org/?mlat=36.4656134&mlon=-6.1991705,alta,Cádiz,San Fernando,36.465613,-6.199171,2026-08-28
OVERPASS-0217,supervivencia,refugio,Casa de los Pájaros,"Casa de los Pájaros (refugio). Coordenadas aprox: 36.4898, -6.1604.",OpenStreetMap (Overpass),https://www.openstreetmap.org/?mlat=36.4897506&mlon=-6.1604421,alta,Cádiz,,36.489751,-6.160442,2026-08-28
OVERPASS-0218,geografia,centro de salud,Centro de Salud Barbate,"Centro de Salud Barbate (centro de salud) en Barbate. Coordenadas aprox: 36.1883, -5.9234.",OpenStreetMap (Overpass),https://www.openstreetmap.org/?mlat=36.1882719&mlon=-5.9234332,alta,Cádiz,Barbate,36.188272,-5.923433,2026-08-28
OVERPASS-0219,geografia,farmacia,Farmacia Sánchez Romero,"Farmacia Sánchez Romero (farmacia) en El Cuervo de Sevilla. Coordenadas aprox: 36.8535, -6.0401.",OpenStreetMap (Overpass),https://www.openstreetmap.org/?mlat=36.853478&mlon=-6.0400942,alta,Cádiz,El Cuervo de Sevilla,36.853478,-6.040094,2026-08-28
OVERPASS-0220,geografia,farmacia,Farmacia Sánchez Mingorance,"Farmacia Sánchez Mingorance (farmacia) en El Cuervo de Sevilla. Coordenadas aprox: 36.8529, -6.0423.",OpenStreetMap (Overpass),https://www.openstreetmap.org/?mlat=36.8528778&mlon=-6.0422793,alta,Cádiz,El Cuervo de Sevilla,36.852878,-6.042279,2026-08-28
OVERPASS-0221,geografia,farmacia,Farmacia García Muñoz,"Farmacia García Muñoz (farmacia) en El Cuervo de Sevilla. Coordenadas aprox: 36.8521, -6.0379.",OpenStreetMap (Overpass),https://www.openstreetmap.org/?mlat=36.8520597&mlon=-6.0379313,alta,Cádiz,El Cuervo de Sevilla,36.85206,-6.037931,2026-08-28
OVERPASS-0222,geografia,farmacia,farmacia,"farmacia (farmacia). Coordenadas aprox: 36.6075, -6.2146.",OpenStreetMap (Overpass),https://www.openstreetmap.org/?mlat=36.6075192&mlon=-6.2146107,alta,Cádiz,,36.607519,-6.214611,2026-08-28
OVERPASS-0223,geografia,farmacia,Farmacia Los Gallos,"Farmacia Los Gallos (farmacia). Coordenadas aprox: 36.3960, -6.1734.",OpenStreetMap (Overpass),https://www.openstreetmap.org/?mlat=36.3960165&mlon=-6.1733593,alta,Cádiz,,36.396017,-6.173359,2026-08-28
OVERPASS-0224,geografia,farmacia,Farmacia Mangas Ruiz,"Farmacia Mangas Ruiz (farmacia) en Algámitas. Coordenadas aprox: 37.0167, -5.1499.",OpenStreetMap (Overpass),https://www.openstreetmap.org/?mlat=37.0166592&mlon=-5.1499483,alta,Cádiz,Algámitas,37.016659,-5.149948,2026-08-28
OVERPASS-0225,geografia,farmacia,Farmacia La Plaza,"Farmacia La Plaza (farmacia) en Chiclana de la Frontera. Coordenadas aprox: 36.4203, -6.1505.",OpenStreetMap (Overpass),https://www.openstreetmap.org/?mlat=36.4202584&mlon=-6.150534,alta,Cádiz,Chiclana de la Frontera,36.420258,-6.150534,2026-08-28
OVERPASS-0226,geografia,farmacia,Farmacia La Barrosa,"Farmacia La Barrosa (farmacia). Coordenadas aprox: 36.3711, -6.1812.",OpenStreetMap (Overpass),https://www.openstreetmap.org/?mlat=36.3710885&mlon=-6.1812262,alta,Cádiz,,36.371088,-6.181226,2026-08-28
OVERPASS-0227,supervivencia,agua potable,agua potable,"agua potable (agua potable). Coordenadas aprox: 36.2763, -6.0925.",OpenStreetMap (Overpass),https://www.openstreetmap.org/?mlat=36.2762755&mlon=-6.0925482,alta,Cádiz,,36.276275,-6.092548,2026-08-28
OVERPASS-0228,geografia,farmacia,Farmacia Puerto Alto,"Farmacia Puerto Alto (farmacia) en Estepona. Coordenadas aprox: 36.4177, -5.1589.",OpenStreetMap (Overpass),https://www.openstreetmap.org/?mlat=36.4176685&mlon=-5.1589201,alta,Cádiz,Estepona,36.417668,-5.15892,2026-08-28
OVERPASS-0229,geografia,centro de salud,Asisa San Fernando,"Asisa San Fernando (centro de salud) en San Fernando. Coordenadas aprox: 36.4622, -6.2048.",OpenStreetMap (Overpass),https://www.openstreetmap.org/?mlat=36.4622172&mlon=-6.2048423,alta,Cádiz,San Fernando,36.462217,-6.204842,2026-08-28
OVERPASS-0230,supervivencia,agua potable,agua potable,"agua potable (agua potable). Coordenadas aprox: 36.5199, -5.3208.",OpenStreetMap (Overpass),https://www.openstreetmap.org/?mlat=36.5198733&mlon=-5.3207647,alta,Cádiz,,36.519873,-5.320765,2026-08-28
OVERPASS-0231,geografia,farmacia,Peña Marín,"Peña Marín (farmacia). Coordenadas aprox: 36.1809, -5.4897.",OpenStreetMap (Overpass),https://www.openstreetmap.org/?mlat=36.1809145&mlon=-5.4896681,alta,Cádiz,,36.180915,-5.489668,2026-08-28
OVERPASS-0232,geografia,farmacia,farmacia,"farmacia (farmacia). Coordenadas aprox: 36.1861, -5.4925.",OpenStreetMap (Overpass),https://www.openstreetmap.org/?mlat=36.1861149&mlon=-5.4925221,alta,Cádiz,,36.186115,-5.492522,2026-08-28
OVERPASS-0233,geografia,farmacia,Farmacia Ronda Norte,"Farmacia Ronda Norte (farmacia). Coordenadas aprox: 36.2844, -6.0862.",OpenStreetMap (Overpass),https://www.openstreetmap.org/?mlat=36.2843927&mlon=-6.0862151,alta,Cádiz,,36.284393,-6.086215,2026-08-28
OVERPASS-0234,geografia,farmacia,farmacia,"farmacia (farmacia). Coordenadas aprox: 36.1862, -5.4926.",OpenStreetMap (Overpass),https://www.openstreetmap.org/?mlat=36.1862466&mlon=-5.4925523,alta,Cádiz,,36.186247,-5.492552,2026-08-28
OVERPASS-0235,geografia,farmacia,farmacia,"farmacia (farmacia). Coordenadas aprox: 36.1837, -5.4928.",OpenStreetMap (Overpass),https://www.openstreetmap.org/?mlat=36.1837284&mlon=-5.4927721,alta,Cádiz,,36.183728,-5.492772,2026-08-28
OVERPASS-0236,supervivencia,agua potable,agua potable,"agua potable (agua potable). Coordenadas aprox: 36.9137, -6.3944.",OpenStreetMap (Overpass),https://www.openstreetmap.org/?mlat=36.9137464&mlon=-6.3943766,alta,Cádiz,,36.913746,-6.394377,2026-08-28
OVERPASS-0237,supervivencia,agua potable,agua potable,"agua potable (agua potable). Coordenadas aprox: 36.1028, -5.4404.",OpenStreetMap (Overpass),https://www.openstreetmap.org/?mlat=36.1027903&mlon=-5.4404416,alta,Cádiz,,36.10279,-5.440442,2026-08-28
OVERPASS-0238,geografia,farmacia,Farmacia Tetuán,"Farmacia Tetuán (farmacia) en San Fernando. Coordenadas aprox: 36.4733, -6.1945.",OpenStreetMap (Overpass),https://www.openstreetmap.org/?mlat=36.4732569&mlon=-6.1944801,alta,Cádiz,San Fernando,36.473257,-6.19448,2026-08-28
OVERPASS-0239,geografia,farmacia,Lda. Maria del Rosar Ortus Ruiz,"Lda. Maria del Rosar Ortus Ruiz (farmacia) en San Fernando. Coordenadas aprox: 36.4799, -6.1964.",OpenStreetMap (Overpass),https://www.openstreetmap.org/?mlat=36.4799259&mlon=-6.1964447,alta,Cádiz,San Fernando,36.479926,-6.196445,2026-08-28
OVERPASS-0240,supervivencia,agua potable,agua potable,"agua potable (agua potable). Coordenadas aprox: 36.1957, -5.9140.",OpenStreetMap (Overpass),https://www.openstreetmap.org/?mlat=36.1956659&mlon=-5.9140344,alta,Cádiz,,36.195666,-5.914034,2026-08-28
OVERPASS-0241,supervivencia,agua potable,Fuente de las Galeras,"Fuente de las Galeras (agua potable). Coordenadas aprox: 36.5975, -6.2238.",OpenStreetMap (Overpass),https://www.openstreetmap.org/?mlat=36.5974711&mlon=-6.2238283,alta,Cádiz,,36.597471,-6.223828,2026-08-28
OVERPASS-0242,supervivencia,agua potable,agua potable,"agua potable (agua potable). Coordenadas aprox: 36.2526, -5.9612.",OpenStreetMap (Overpass),https://www.openstreetmap.org/?mlat=36.2526082&mlon=-5.9612385,alta,Cádiz,,36.252608,-5.961239,2026-08-28
OVERPASS-0243,supervivencia,agua potable,agua potable,"agua potable (agua potable). Coordenadas aprox: 36.5352, -6.3051.",OpenStreetMap (Overpass),https://www.openstreetmap.org/?mlat=36.5352337&mlon=-6.3051144,alta,Cádiz,,36.535234,-6.305114,2026-08-28
OVERPASS-0244,supervivencia,agua potable,agua potable,"agua potable (agua potable). Coordenadas aprox: 36.5367, -6.3028.",OpenStreetMap (Overpass),https://www.openstreetmap.org/?mlat=36.5366626&mlon=-6.3028116,alta,Cádiz,,36.536663,-6.302812,2026-08-28
OVERPASS-0245,supervivencia,agua potable,agua potable,"agua potable (agua potable). Coordenadas aprox: 36.8373, -5.3902.",OpenStreetMap (Overpass),https://www.openstreetmap.org/?mlat=36.8372889&mlon=-5.3901991,alta,Cádiz,,36.837289,-5.390199,2026-08-28
OVERPASS-0246,supervivencia,agua potable,Fuente de La Fructuosa,"Fuente de La Fructuosa (agua potable). Coordenadas aprox: 36.5196, -5.3191.",OpenStreetMap (Overpass),https://www.openstreetmap.org/?mlat=36.5196038&mlon=-5.3191221,alta,Cádiz,,36.519604,-5.319122,2026-08-28
OVERPASS-0247,supervivencia,agua potable,agua potable,"agua potable (agua potable). Coordenadas aprox: 36.5263, -6.1946.",OpenStreetMap (Overpass),https://www.openstreetmap.org/?mlat=36.5263211&mlon=-6.1946033,alta,Cádiz,,36.526321,-6.194603,2026-08-28
OVERPASS-0248,geografia,farmacia,Morillo Andújar,"Morillo Andújar (farmacia). Coordenadas aprox: 36.2524, -5.9689.",OpenStreetMap (Overpass),https://www.openstreetmap.org/?mlat=36.2523886&mlon=-5.9689122,alta,Cádiz,,36.252389,-5.968912,2026-08-28
OVERPASS-0249,geografia,farmacia,Farmacia Cabezas Saura,"Farmacia Cabezas Saura (farmacia) en Pruna. Coordenadas aprox: 36.9733, -5.2224.",OpenStreetMap (Overpass),https://www.openstreetmap.org/?mlat=36.9732536&mlon=-5.2223677,alta,Cádiz,Pruna,36.973254,-5.222368,2026-08-28
OVERPASS-0250,geografia,farmacia,La Viña,"La Viña (farmacia). Coordenadas aprox: 36.5295, -6.3036.",OpenStreetMap (Overpass),https://www.openstreetmap.org/?mlat=36.5294733&mlon=-6.3036285,alta,Cádiz,,36.529473,-6.303629,2026-08-28
OVERPASS-0251,geografia,farmacia,Farmacia Pizarro Castejón,"Farmacia Pizarro Castejón (farmacia) en Coripe. Coordenadas aprox: 36.9707, -5.4408.",OpenStreetMap (Overpass),https://www.openstreetmap.org/?mlat=36.9707216&mlon=-5.4408162,alta,Cádiz,Coripe,36.970722,-5.440816,2026-08-28
OVERPASS-0252,orientacion,faro,faro,"faro (faro). Coordenadas aprox: 36.5773, -6.2542.",OpenStreetMap (Overpass),https://www.openstreetmap.org/?mlat=36.5772978&mlon=-6.2541674,alta,Cádiz,,36.577298,-6.254167,2026-08-28
OVERPASS-0253,geografia,farmacia,Farmacia Holgado Carrero,"Farmacia Holgado Carrero (farmacia). Coordenadas aprox: 36.9221, -5.5430.",OpenStreetMap (Overpass),https://www.openstreetmap.org/?mlat=36.9220976&mlon=-5.5430127,alta,Cádiz,,36.922098,-5.543013,2026-08-28
OVERPASS-0254,geografia,farmacia,Farmacia Fernández Martínez,"Farmacia Fernández Martínez (farmacia). Coordenadas aprox: 36.9228, -5.5452.",OpenStreetMap (Overpass),https://www.openstreetmap.org/?mlat=36.9228219&mlon=-5.5452247,alta,Cádiz,,36.922822,-5.545225,2026-08-28
OVERPASS-0255,geografia,farmacia,Farmacia Ayala Muñoz,"Farmacia Ayala Muñoz (farmacia). Coordenadas aprox: 36.7874, -5.5558.",OpenStreetMap (Overpass),https://www.openstreetmap.org/?mlat=36.7874418&mlon=-5.5558382,alta,Cádiz,,36.787442,-5.555838,2026-08-28
OVERPASS-0256,geografia,farmacia,Farmacia Calvente Vázquez,"Farmacia Calvente Vázquez (farmacia). Coordenadas aprox: 36.8600, -5.6411.",OpenStreetMap (Overpass),https://www.openstreetmap.org/?mlat=36.8599956&mlon=-5.6410838,alta,Cádiz,,36.859996,-5.641084,2026-08-28
OVERPASS-0257,geografia,farmacia,Farmacia Gómez Vizcaíno,"Farmacia Gómez Vizcaíno (farmacia). Coordenadas aprox: 36.8586, -5.6432.",OpenStreetMap (Overpass),https://www.openstreetmap.org/?mlat=36.8586&mlon=-5.643183,alta,Cádiz,,36.8586,-5.643183,2026-08-28
OVERPASS-0258,geografia,farmacia,Farmacia Sepúlveda García Torre,"Farmacia Sepúlveda García Torre (farmacia). Coordenadas aprox: 36.8609, -5.6434.",OpenStreetMap (Overpass),https://www.openstreetmap.org/?mlat=36.8608587&mlon=-5.6433721,alta,Cádiz,,36.860859,-5.643372,2026-08-28
OVERPASS-0259,geografia,farmacia,Farmacia Fernández Fatou,"Farmacia Fernández Fatou (farmacia). Coordenadas aprox: 36.8595, -5.6460.",OpenStreetMap (Overpass),https://www.openstreetmap.org/?mlat=36.8594706&mlon=-5.6459733,alta,Cádiz,,36.859471,-5.645973,2026-08-28
OVERPASS-0260,geografia,farmacia,Farmacia Santos Zafra,"Farmacia Santos Zafra (farmacia) en Ronda. Coordenadas aprox: 36.7412, -5.1665.",OpenStreetMap (Overpass),https://www.openstreetmap.org/?mlat=36.7412418&mlon=-5.1665318,alta,Cádiz,Ronda,36.741242,-5.166532,2026-08-28
OVERPASS-0261,geografia,farmacia,Farmacia González Arroyo,"Farmacia González Arroyo (farmacia). Coordenadas aprox: 36.8511, -5.6946.",OpenStreetMap (Overpass),https://www.openstreetmap.org/?mlat=36.8511414&mlon=-5.6946465,alta,Cádiz,,36.851141,-5.694647,2026-08-28
OVERPASS-0262,geografia,farmacia,Farmacia Coello Fernández,"Farmacia Coello Fernández (farmacia) en La Línea de la Concepción. Coordenadas aprox: 36.1595, -5.3491.",OpenStreetMap (Overpass),https://www.openstreetmap.org/?mlat=36.1594769&mlon=-5.3490664,alta,Cádiz,La Línea de la Concepción,36.159477,-5.349066,2026-08-28
OVERPASS-0263,geografia,farmacia,Farmacia Rodríguez Muñoz,"Farmacia Rodríguez Muñoz (farmacia). Coordenadas aprox: 36.8148, -5.7432.",OpenStreetMap (Overpass),https://www.openstreetmap.org/?mlat=36.8147595&mlon=-5.7431817,alta,Cádiz,,36.81476,-5.743182,2026-08-28
OVERPASS-0264,geografia,farmacia,Farmacia González Ruiz,"Farmacia González Ruiz (farmacia). Coordenadas aprox: 36.8170, -5.7431.",OpenStreetMap (Overpass),https://www.openstreetmap.org/?mlat=36.8170092&mlon=-5.7430908,alta,Cádiz,,36.817009,-5.743091,2026-08-28
OVERPASS-0265,geografia,farmacia,Farmacia Soler Berengena,"Farmacia Soler Berengena (farmacia). Coordenadas aprox: 36.8157, -5.7444.",OpenStreetMap (Overpass),https://www.openstreetmap.org/?mlat=36.8156506&mlon=-5.7443664,alta,Cádiz,,36.815651,-5.744366,2026-08-28
OVERPASS-0266,geografia,farmacia,Farmacia Corchado Gallego,"Farmacia Corchado Gallego (farmacia). Coordenadas aprox: 36.6559, -5.6564.",OpenStreetMap (Overpass),https://www.openstreetmap.org/?mlat=36.6559412&mlon=-5.656443,alta,Cádiz,,36.655941,-5.656443,2026-08-28
OVERPASS-0267,geografia,farmacia,Farmacia Gonzálvez Barrios,"Farmacia Gonzálvez Barrios (farmacia). Coordenadas aprox: 36.6087, -5.8028.",OpenStreetMap (Overpass),https://www.openstreetmap.org/?mlat=36.6087342&mlon=-5.8027671,alta,Cádiz,,36.608734,-5.802767,2026-08-28
OVERPASS-0268,supervivencia,agua potable,agua potable,"agua potable (agua potable). Coordenadas aprox: 36.6495, -5.2751.",OpenStreetMap (Overpass),https://www.openstreetmap.org/?mlat=36.6495265&mlon=-5.2750584,alta,Cádiz,,36.649527,-5.275058,2026-08-28
OVERPASS-0269,geografia,farmacia,Farmacia Jiménez Fernández-Murillo Jiménez,"Farmacia Jiménez Fernández-Murillo Jiménez (farmacia) en La Barca de la Florida. Coordenadas aprox: 36.6483, -5.9338.",OpenStreetMap (Overpass),https://www.openstreetmap.org/?mlat=36.6482818&mlon=-5.9337711,alta,Cádiz,La Barca de la Florida,36.648282,-5.933771,2026-08-28
OVERPASS-0270,geografia,farmacia,Farmacia López Román,"Farmacia López Román (farmacia). Coordenadas aprox: 36.6188, -5.9688.",OpenStreetMap (Overpass),https://www.openstreetmap.org/?mlat=36.6188335&mlon=-5.9688165,alta,Cádiz,,36.618834,-5.968816,2026-08-28
OVERPASS-0271,geografia,farmacia,Farmacia Castro Zambrana,"Farmacia Castro Zambrana (farmacia). Coordenadas aprox: 36.6094, -5.9433.",OpenStreetMap (Overpass),https://www.openstreetmap.org/?mlat=36.6094314&mlon=-5.9433382,alta,Cádiz,,36.609431,-5.943338,2026-08-28
OVERPASS-0272,supervivencia,agua potable,agua potable,"agua potable (agua potable). Coordenadas aprox: 36.2744, -6.0917.",OpenStreetMap (Overpass),https://www.openstreetmap.org/?mlat=36.2743924&mlon=-6.0917054,alta,Cádiz,,36.274392,-6.091705,2026-08-28
OVERPASS-0273,supervivencia,agua potable,agua potable,"agua potable (agua potable). Coordenadas aprox: 36.2746, -6.0913.",OpenStreetMap (Overpass),https://www.openstreetmap.org/?mlat=36.2745995&mlon=-6.0913191,alta,Cádiz,,36.2746,-6.091319,2026-08-28
OVERPASS-0274,supervivencia,agua potable,agua potable,"agua potable (agua potable). Coordenadas aprox: 36.6426, -5.9887.",OpenStreetMap (Overpass),https://www.openstreetmap.org/?mlat=36.6425972&mlon=-5.9887483,alta,Cádiz,,36.642597,-5.988748,2026-08-28
OVERPASS-0275,geografia,farmacia,Farmacia Martín Domínguez,"Farmacia Martín Domínguez (farmacia). Coordenadas aprox: 36.6776, -6.0191.",OpenStreetMap (Overpass),https://www.openstreetmap.org/?mlat=36.6776162&mlon=-6.0190918,alta,Cádiz,,36.677616,-6.019092,2026-08-28
OVERPASS-0276,geografia,farmacia,Farmacia Ruiz Cabral,"Farmacia Ruiz Cabral (farmacia). Coordenadas aprox: 36.6842, -6.0758.",OpenStreetMap (Overpass),https://www.openstreetmap.org/?mlat=36.6842078&mlon=-6.0757742,alta,Cádiz,,36.684208,-6.075774,2026-08-28
OVERPASS-0277,geografia,farmacia,Farmacia Torreira Góngora,"Farmacia Torreira Góngora (farmacia). Coordenadas aprox: 36.7146, -6.0902.",OpenStreetMap (Overpass),https://www.openstreetmap.org/?mlat=36.7145638&mlon=-6.0902163,alta,Cádiz,,36.714564,-6.090216,2026-08-28
OVERPASS-0278,geografia,farmacia,Farmacia Acedo Navas,"Farmacia Acedo Navas (farmacia). Coordenadas aprox: 36.6547, -6.0825.",OpenStreetMap (Overpass),https://www.openstreetmap.org/?mlat=36.6546662&mlon=-6.0824841,alta,Cádiz,,36.654666,-6.082484,2026-08-28
OVERPASS-0279,geografia,farmacia,Farmacia Miranda López,"Farmacia Miranda López (farmacia). Coordenadas aprox: 36.6596, -6.1020.",OpenStreetMap (Overpass),https://www.openstreetmap.org/?mlat=36.6595642&mlon=-6.1020455,alta,Cádiz,,36.659564,-6.102046,2026-08-28
OVERPASS-0280,geografia,farmacia,Farmacia Galán Ceballos,"Farmacia Galán Ceballos (farmacia) en Jerez de la Frontera. Coordenadas aprox: 36.7902, -6.1748.",OpenStreetMap (Overpass),https://www.openstreetmap.org/?mlat=36.7902359&mlon=-6.1748182,alta,Cádiz,Jerez de la Frontera,36.790236,-6.174818,2026-08-28
OVERPASS-0281,geografia,farmacia,Farmacia Ruiz Pareja,"Farmacia Ruiz Pareja (farmacia) en Algeciras. Coordenadas aprox: 36.1456, -5.4638.",OpenStreetMap (Overpass),https://www.openstreetmap.org/?mlat=36.1455565&mlon=-5.4637625,alta,Cádiz,Algeciras,36.145556,-5.463762,2026-08-28
OVERPASS-0282,geografia,farmacia,Farmacia Moreno Vázquez,"Farmacia Moreno Vázquez (farmacia). Coordenadas aprox: 36.7586, -6.0316.",OpenStreetMap (Overpass),https://www.openstreetmap.org/?mlat=36.7585764&mlon=-6.031623,alta,Cádiz,,36.758576,-6.031623,2026-08-28
OVERPASS-0283,geografia,farmacia,Farmacia Mate López,"Farmacia Mate López (farmacia). Coordenadas aprox: 36.5207, -5.8639.",OpenStreetMap (Overpass),https://www.openstreetmap.org/?mlat=36.5207268&mlon=-5.8639188,alta,Cádiz,,36.520727,-5.863919,2026-08-28
OVERPASS-0284,geografia,farmacia,Farmacia Redondo González,"Farmacia Redondo González (farmacia). Coordenadas aprox: 36.5223, -5.8661.",OpenStreetMap (Overpass),https://www.openstreetmap.org/?mlat=36.5222529&mlon=-5.8661397,alta,Cádiz,,36.522253,-5.86614,2026-08-28
OVERPASS-0285,geografia,farmacia,Farmacia Victoria,"Farmacia Victoria (farmacia). Coordenadas aprox: 36.9350, -5.2639.",OpenStreetMap (Overpass),https://www.openstreetmap.org/?mlat=36.9349541&mlon=-5.2639013,alta,Cádiz,,36.934954,-5.263901,2026-08-28
OVERPASS-0286,geografia,farmacia,Bahía del Rosario,"Bahía del Rosario (farmacia). Coordenadas aprox: 36.1435, -5.4506.",OpenStreetMap (Overpass),https://www.openstreetmap.org/?mlat=36.1435005&mlon=-5.4505626,alta,Cádiz,,36.143501,-5.450563,2026-08-28
OVERPASS-0287,geografia,farmacia,farmacia,"farmacia (farmacia). Coordenadas aprox: 36.6052, -5.2688.",OpenStreetMap (Overpass),https://www.openstreetmap.org/?mlat=36.6052294&mlon=-5.2688004,alta,Cádiz,,36.605229,-5.2688,2026-08-28
OVERPASS-0288,supervivencia,refugio,refugio,"refugio (refugio). Coordenadas aprox: 36.7246, -5.9311.",OpenStreetMap (Overpass),https://www.openstreetmap.org/?mlat=36.7246264&mlon=-5.931081,alta,Cádiz,,36.724626,-5.931081,2026-08-28
OVERPASS-0289,supervivencia,agua potable,agua potable,"agua potable (agua potable). Coordenadas aprox: 36.9245, -5.4009.",OpenStreetMap (Overpass),https://www.openstreetmap.org/?mlat=36.9245361&mlon=-5.4009337,alta,Cádiz,,36.924536,-5.400934,2026-08-28
OVERPASS-0290,geografia,farmacia,Pelsmaeker Fernández Castanys Francisco,"Pelsmaeker Fernández Castanys Francisco (farmacia) en Benalup-Casas Viejas. Coordenadas aprox: 36.3466, -5.8124.",OpenStreetMap (Overpass),https://www.openstreetmap.org/?mlat=36.3466014&mlon=-5.81238,alta,Cádiz,Benalup-Casas Viejas,36.346601,-5.81238,2026-08-28
OVERPASS-0291,geografia,centro de salud,Centro de Salud Benalup,"Centro de Salud Benalup (centro de salud) en Benalup-Casas Viejas. Coordenadas aprox: 36.3468, -5.8126.",OpenStreetMap (Overpass),https://www.openstreetmap.org/?mlat=36.3467746&mlon=-5.8125559,alta,Cádiz,Benalup-Casas Viejas,36.346775,-5.812556,2026-08-28
OVERPASS-0292,supervivencia,agua potable,agua potable,"agua potable (agua potable). Coordenadas aprox: 36.9300, -5.4141.",OpenStreetMap (Overpass),https://www.openstreetmap.org/?mlat=36.9299562&mlon=-5.4140559,alta,Cádiz,,36.929956,-5.414056,2026-08-28
OVERPASS-0293,supervivencia,agua potable,agua potable,"agua potable (agua potable). Coordenadas aprox: 36.8153, -5.3760.",OpenStreetMap (Overpass),https://www.openstreetmap.org/?mlat=36.8152761&mlon=-5.376024,alta,Cádiz,,36.815276,-5.376024,2026-08-28
OVERPASS-0294,supervivencia,agua potable,agua potable,"agua potable (agua potable). Coordenadas aprox: 36.8082, -5.3921.",OpenStreetMap (Overpass),https://www.openstreetmap.org/?mlat=36.8082404&mlon=-5.3921475,alta,Cádiz,,36.80824,-5.392148,2026-08-28
OVERPASS-0295,geografia,farmacia,farmacia,"farmacia (farmacia). Coordenadas aprox: 36.6750, -6.1110.",OpenStreetMap (Overpass),https://www.openstreetmap.org/?mlat=36.6749725&mlon=-6.1110107,alta,Cádiz,,36.674973,-6.111011,2026-08-28
OVERPASS-0296,geografia,farmacia,Farmacia Calvario,"Farmacia Calvario (farmacia). Coordenadas aprox: 36.9350, -5.2592.",OpenStreetMap (Overpass),https://www.openstreetmap.org/?mlat=36.9350187&mlon=-5.2592236,alta,Cádiz,,36.935019,-5.259224,2026-08-28
OVERPASS-0297,supervivencia,agua potable,agua potable,"agua potable (agua potable). Coordenadas aprox: 36.8582, -5.3257.",OpenStreetMap (Overpass),https://www.openstreetmap.org/?mlat=36.8582082&mlon=-5.3256655,alta,Cádiz,,36.858208,-5.325666,2026-08-28
OVERPASS-0298,supervivencia,agua potable,agua potable,"agua potable (agua potable). Coordenadas aprox: 36.8615, -5.1832.",OpenStreetMap (Overpass),https://www.openstreetmap.org/?mlat=36.8614601&mlon=-5.1831982,alta,Cádiz,,36.86146,-5.183198,2026-08-28
OVERPASS-0299,supervivencia,agua potable,agua potable,"agua potable (agua potable). Coordenadas aprox: 36.8545, -5.3201.",OpenStreetMap (Overpass),https://www.openstreetmap.org/?mlat=36.854539&mlon=-5.3200935,alta,Cádiz,,36.854539,-5.320093,2026-08-28
OVERPASS-0300,supervivencia,agua potable,agua potable,"agua potable (agua potable). Coordenadas aprox: 36.5589, -5.4079.",OpenStreetMap (Overpass),https://www.openstreetmap.org/?mlat=36.5589459&mlon=-5.4079071,alta,Cádiz,,36.558946,-5.407907,2026-08-28
OVERPASS-0301,geografia,centro de salud,CENTRO DE SALUD DR. GONZALO PEREZ FABRA,"CENTRO DE SALUD DR. GONZALO PEREZ FABRA (centro de salud). Coordenadas aprox: 36.5210, -5.8639.",OpenStreetMap (Overpass),https://www.openstreetmap.org/?mlat=36.5210419&mlon=-5.8639249,alta,Cádiz,,36.521042,-5.863925,2026-08-28
OVERPASS-0302,geografia,farmacia,Farmacia Ayala Ruiz,"Farmacia Ayala Ruiz (farmacia) en Gaucín. Coordenadas aprox: 36.5391, -5.3872.",OpenStreetMap (Overpass),https://www.openstreetmap.org/?mlat=36.5390636&mlon=-5.387181,alta,Cádiz,Gaucín,36.539064,-5.387181,2026-08-28
OVERPASS-0303,geografia,farmacia,Adelfa,"Adelfa (farmacia). Coordenadas aprox: 36.4995, -6.2712.",OpenStreetMap (Overpass),https://www.openstreetmap.org/?mlat=36.4995347&mlon=-6.2711698,alta,Cádiz,,36.499535,-6.27117,2026-08-28
OVERPASS-0304,geografia,centro de salud,Clínica Mir,"Clínica Mir (centro de salud) en La Línea de la Concepción. Coordenadas aprox: 36.1618, -5.3558.",OpenStreetMap (Overpass),https://www.openstreetmap.org/?mlat=36.1617662&mlon=-5.3557675,alta,Cádiz,La Línea de la Concepción,36.161766,-5.355767,2026-08-28
OVERPASS-0305,geografia,farmacia,Farmacia G. Duarte,"Farmacia G. Duarte (farmacia). Coordenadas aprox: 36.1630, -5.3548.",OpenStreetMap (Overpass),https://www.openstreetmap.org/?mlat=36.1629897&mlon=-5.3547579,alta,Cádiz,,36.16299,-5.354758,2026-08-28
OVERPASS-0306,geografia,farmacia,Farmacia Delgado Luque,"Farmacia Delgado Luque (farmacia) en La Línea de la Concepción. Coordenadas aprox: 36.1645, -5.3565.",OpenStreetMap (Overpass),https://www.openstreetmap.org/?mlat=36.1644744&mlon=-5.3565482,alta,Cádiz,La Línea de la Concepción,36.164474,-5.356548,2026-08-28
OVERPASS-0307,geografia,farmacia,Farmacia Carmen Cózar,"Farmacia Carmen Cózar (farmacia) en Algeciras. Coordenadas aprox: 36.1362, -5.4552.",OpenStreetMap (Overpass),https://www.openstreetmap.org/?mlat=36.1361634&mlon=-5.4552383,alta,Cádiz,Algeciras,36.136163,-5.455238,2026-08-28
OVERPASS-0308,geografia,centro de salud,Clínica Campos,"Clínica Campos (centro de salud). Coordenadas aprox: 36.1611, -5.3521.",OpenStreetMap (Overpass),https://www.openstreetmap.org/?mlat=36.1610521&mlon=-5.3520505,alta,Cádiz,,36.161052,-5.35205,2026-08-28
OVERPASS-0309,geografia,farmacia,Farmacia Julio García,"Farmacia Julio García (farmacia) en Campamento. Coordenadas aprox: 36.1774, -5.3767.",OpenStreetMap (Overpass),https://www.openstreetmap.org/?mlat=36.1773946&mlon=-5.3767424,alta,Cádiz,Campamento,36.177395,-5.376742,2026-08-28
OVERPASS-0310,geografia,farmacia,Farmacia Gil,"Farmacia Gil (farmacia). Coordenadas aprox: 36.1341, -5.4530.",OpenStreetMap (Overpass),https://www.openstreetmap.org/?mlat=36.1341242&mlon=-5.4530211,alta,Cádiz,,36.134124,-5.453021,2026-08-28
OVERPASS-0311,supervivencia,agua potable,agua potable,"agua potable (agua potable). Coordenadas aprox: 36.7596, -5.3704.",OpenStreetMap (Overpass),https://www.openstreetmap.org/?mlat=36.7596021&mlon=-5.3703883,alta,Cádiz,,36.759602,-5.370388,2026-08-28
OVERPASS-0312,geografia,farmacia,Farmacia Castilla,"Farmacia Castilla (farmacia) en Algeciras. Coordenadas aprox: 36.1327, -5.4526.",OpenStreetMap (Overpass),https://www.openstreetmap.org/?mlat=36.132744&mlon=-5.4525827,alta,Cádiz,Algeciras,36.132744,-5.452583,2026-08-28
OVERPASS-0313,supervivencia,agua potable,agua potable,"agua potable (agua potable). Coordenadas aprox: 36.0824, -5.5435.",OpenStreetMap (Overpass),https://www.openstreetmap.org/?mlat=36.0824043&mlon=-5.5434736,alta,Cádiz,,36.082404,-5.543474,2026-08-28
OVERPASS-0314,geografia,farmacia,farmacia,"farmacia (farmacia). Coordenadas aprox: 36.1357, -5.4594.",OpenStreetMap (Overpass),https://www.openstreetmap.org/?mlat=36.1357376&mlon=-5.4593703,alta,Cádiz,,36.135738,-5.45937,2026-08-28
OVERPASS-0315,geografia,farmacia,Manuel Perez Moreno,"Manuel Perez Moreno (farmacia). Coordenadas aprox: 36.2759, -6.0879.",OpenStreetMap (Overpass),https://www.openstreetmap.org/?mlat=36.2759113&mlon=-6.08785,alta,Cádiz,,36.275911,-6.08785,2026-08-28
OVERPASS-0316,supervivencia,agua potable,agua potable,"agua potable (agua potable). Coordenadas aprox: 36.7446, -6.4324.",OpenStreetMap (Overpass),https://www.openstreetmap.org/?mlat=36.7446276&mlon=-6.4323642,alta,Cádiz,,36.744628,-6.432364,2026-08-28
OVERPASS-0317,supervivencia,agua potable,agua potable,"agua potable (agua potable). Coordenadas aprox: 36.7408, -6.4379.",OpenStreetMap (Overpass),https://www.openstreetmap.org/?mlat=36.7407731&mlon=-6.437907,alta,Cádiz,,36.740773,-6.437907,2026-08-28
OVERPASS-0318,geografia,farmacia,farmacia,"farmacia (farmacia). Coordenadas aprox: 36.7400, -6.4361.",OpenStreetMap (Overpass),https://www.openstreetmap.org/?mlat=36.7400299&mlon=-6.4360937,alta,Cádiz,,36.74003,-6.436094,2026-08-28
OVERPASS-0319,geografia,farmacia,Farmacia la Duquesa,"Farmacia la Duquesa (farmacia) en Manilva. Coordenadas aprox: 36.3572, -5.2316.",OpenStreetMap (Overpass),https://www.openstreetmap.org/?mlat=36.3572451&mlon=-5.2316297,alta,Cádiz,Manilva,36.357245,-5.23163,2026-08-28
OVERPASS-0320,geografia,centro de salud,Centro Médico Viamed Santa Ana,"Centro Médico Viamed Santa Ana (centro de salud). Coordenadas aprox: 36.1532, -5.4544.",OpenStreetMap (Overpass),https://www.openstreetmap.org/?mlat=36.1531764&mlon=-5.4543737,alta,Cádiz,,36.153176,-5.454374,2026-08-28
OVERPASS-0321,geografia,hospital,Cruz Roja,"Cruz Roja (hospital). Coordenadas aprox: 36.1567, -5.4568.",OpenStreetMap (Overpass),https://www.openstreetmap.org/?mlat=36.1567269&mlon=-5.4567803,alta,Cádiz,,36.156727,-5.45678,2026-08-28
OVERPASS-0322,geografia,centro de salud,Centro de Salud Doctor Federico Rubio,"Centro de Salud Doctor Federico Rubio (centro de salud). Coordenadas aprox: 36.6001, -6.2261.",OpenStreetMap (Overpass),https://www.openstreetmap.org/?mlat=36.6000803&mlon=-6.2261367,alta,Cádiz,,36.60008,-6.226137,2026-08-28
OVERPASS-0323,geografia,farmacia,Farmacia Terraza,"Farmacia Terraza (farmacia) en Estepona. Coordenadas aprox: 36.4272, -5.1452.",OpenStreetMap (Overpass),https://www.openstreetmap.org/?mlat=36.4272254&mlon=-5.1451771,alta,Cádiz,Estepona,36.427225,-5.145177,2026-08-28
OVERPASS-0324,geografia,farmacia,Farmacia Rafael Alés Contreras,"Farmacia Rafael Alés Contreras (farmacia). Coordenadas aprox: 36.1863, -6.0149.",OpenStreetMap (Overpass),https://www.openstreetmap.org/?mlat=36.1862939&mlon=-6.0149127,alta,Cádiz,,36.186294,-6.014913,2026-08-28
OVERPASS-0325,supervivencia,agua potable,agua potable,"agua potable (agua potable). Coordenadas aprox: 36.6775, -5.4430.",OpenStreetMap (Overpass),https://www.openstreetmap.org/?mlat=36.6774926&mlon=-5.4430389,alta,Cádiz,,36.677493,-5.443039,2026-08-28
OVERPASS-0326,supervivencia,agua potable,agua potable,"agua potable (agua potable). Coordenadas aprox: 36.9267, -5.2404.",OpenStreetMap (Overpass),https://www.openstreetmap.org/?mlat=36.9267281&mlon=-5.2403976,alta,Cádiz,,36.926728,-5.240398,2026-08-28
OVERPASS-0327,supervivencia,agua potable,agua potable,"agua potable (agua potable). Coordenadas aprox: 36.5292, -6.3016.",OpenStreetMap (Overpass),https://www.openstreetmap.org/?mlat=36.5292364&mlon=-6.3015915,alta,Cádiz,,36.529236,-6.301591,2026-08-28
OVERPASS-0328,supervivencia,agua potable,agua potable,"agua potable (agua potable). Coordenadas aprox: 36.1736, -5.4316.",OpenStreetMap (Overpass),https://www.openstreetmap.org/?mlat=36.1735791&mlon=-5.4315939,alta,Cádiz,,36.173579,-5.431594,2026-08-28
OVERPASS-0329,supervivencia,agua potable,agua potable,"agua potable (agua potable). Coordenadas aprox: 36.5301, -6.2890.",OpenStreetMap (Overpass),https://www.openstreetmap.org/?mlat=36.5301287&mlon=-6.2890346,alta,Cádiz,,36.530129,-6.289035,2026-08-28
OVERPASS-0330,supervivencia,agua potable,agua potable,"agua potable (agua potable). Coordenadas aprox: 36.5174, -6.2842.",OpenStreetMap (Overpass),https://www.openstreetmap.org/?mlat=36.5174217&mlon=-6.2841583,alta,Cádiz,,36.517422,-6.284158,2026-08-28
OVERPASS-0331,geografia,playa,Playas de la Jara,"Playas de la Jara (playa). Coordenadas aprox: 36.7726, -6.3792.",OpenStreetMap (Overpass),https://www.openstreetmap.org/?mlat=36.7725649&mlon=-6.379212,alta,Cádiz,,36.772565,-6.379212,2026-08-28
OVERPASS-0332,supervivencia,agua potable,agua potable,"agua potable (agua potable). Coordenadas aprox: 36.5281, -6.3019.",OpenStreetMap (Overpass),https://www.openstreetmap.org/?mlat=36.528148&mlon=-6.3019064,alta,Cádiz,,36.528148,-6.301906,2026-08-28
OVERPASS-0333,geografia,farmacia,Los Callejones,"Los Callejones (farmacia). Coordenadas aprox: 36.6773, -5.4455.",OpenStreetMap (Overpass),https://www.openstreetmap.org/?mlat=36.6772502&mlon=-5.4454716,alta,Cádiz,,36.67725,-5.445472,2026-08-28
OVERPASS-0334,supervivencia,agua potable,agua potable,"agua potable (agua potable). Coordenadas aprox: 36.6723, -5.4478.",OpenStreetMap (Overpass),https://www.openstreetmap.org/?mlat=36.6723247&mlon=-5.447829,alta,Cádiz,,36.672325,-5.447829,2026-08-28
OVERPASS-0335,supervivencia,agua potable,agua potable,"agua potable (agua potable). Coordenadas aprox: 36.6739, -5.4459.",OpenStreetMap (Overpass),https://www.openstreetmap.org/?mlat=36.6739391&mlon=-5.4459473,alta,Cádiz,,36.673939,-5.445947,2026-08-28
OVERPASS-0336,geografia,farmacia,Farmacia Miguel Pérez Gonzàlez,"Farmacia Miguel Pérez Gonzàlez (farmacia) en Manilva. Coordenadas aprox: 36.3774, -5.2501.",OpenStreetMap (Overpass),https://www.openstreetmap.org/?mlat=36.3774061&mlon=-5.2501315,alta,Cádiz,Manilva,36.377406,-5.250132,2026-08-28
OVERPASS-0337,geografia,farmacia,farmacia,"farmacia (farmacia). Coordenadas aprox: 36.5250, -6.1760.",OpenStreetMap (Overpass),https://www.openstreetmap.org/?mlat=36.5250042&mlon=-6.1760167,alta,Cádiz,,36.525004,-6.176017,2026-08-28
OVERPASS-0338,supervivencia,agua potable,agua potable,"agua potable (agua potable). Coordenadas aprox: 36.6804, -5.4444.",OpenStreetMap (Overpass),https://www.openstreetmap.org/?mlat=36.6803861&mlon=-5.44442,alta,Cádiz,,36.680386,-5.44442,2026-08-28
OVERPASS-0339,supervivencia,refugio,Refugio,"Refugio (refugio). Coordenadas aprox: 36.6456, -5.3651.",OpenStreetMap (Overpass),https://www.openstreetmap.org/?mlat=36.645615&mlon=-5.3650758,alta,Cádiz,,36.645615,-5.365076,2026-08-28
OVERPASS-0340,supervivencia,refugio,Refugio de los Pinsapos,"Refugio de los Pinsapos (refugio). Coordenadas aprox: 36.6671, -5.3514.",OpenStreetMap (Overpass),https://www.openstreetmap.org/?mlat=36.6671457&mlon=-5.3514432,alta,Cádiz,,36.667146,-5.351443,2026-08-28
OVERPASS-0341,supervivencia,agua potable,Fuente del Mesón,"Fuente del Mesón (agua potable). Coordenadas aprox: 36.0125, -5.6020.",OpenStreetMap (Overpass),https://www.openstreetmap.org/?mlat=36.0125202&mlon=-5.6020074,alta,Cádiz,,36.01252,-5.602007,2026-08-28
OVERPASS-0342,supervivencia,agua potable,agua potable,"agua potable (agua potable). Coordenadas aprox: 36.6832, -6.1374.",OpenStreetMap (Overpass),https://www.openstreetmap.org/?mlat=36.6832291&mlon=-6.1373983,alta,Cádiz,,36.683229,-6.137398,2026-08-28
OVERPASS-0343,supervivencia,agua potable,agua potable,"agua potable (agua potable). Coordenadas aprox: 36.6813, -6.1383.",OpenStreetMap (Overpass),https://www.openstreetmap.org/?mlat=36.6812505&mlon=-6.1382656,alta,Cádiz,,36.68125,-6.138266,2026-08-28
OVERPASS-0344,supervivencia,agua potable,agua potable,"agua potable (agua potable). Coordenadas aprox: 36.6800, -6.1411.",OpenStreetMap (Overpass),https://www.openstreetmap.org/?mlat=36.6800464&mlon=-6.1410848,alta,Cádiz,,36.680046,-6.141085,2026-08-28
OVERPASS-0345,supervivencia,agua potable,agua potable,"agua potable (agua potable). Coordenadas aprox: 36.6884, -6.1375.",OpenStreetMap (Overpass),https://www.openstreetmap.org/?mlat=36.6884453&mlon=-6.1374591,alta,Cádiz,,36.688445,-6.137459,2026-08-28
OVERPASS-0346,geografia,farmacia,Farmacia Pulito,"Farmacia Pulito (farmacia). Coordenadas aprox: 36.5097, -6.2763.",OpenStreetMap (Overpass),https://www.openstreetmap.org/?mlat=36.5096691&mlon=-6.2762574,alta,Cádiz,,36.509669,-6.276257,2026-08-28
OVERPASS-0347,supervivencia,agua potable,agua potable,"agua potable (agua potable). Coordenadas aprox: 36.5352, -6.1844.",OpenStreetMap (Overpass),https://www.openstreetmap.org/?mlat=36.5352389&mlon=-6.1844191,alta,Cádiz,,36.535239,-6.184419,2026-08-28
OVERPASS-0348,supervivencia,agua potable,agua potable,"agua potable (agua potable). Coordenadas aprox: 36.5287, -6.1925.",OpenStreetMap (Overpass),https://www.openstreetmap.org/?mlat=36.528663&mlon=-6.1924785,alta,Cádiz,,36.528663,-6.192478,2026-08-28
OVERPASS-0349,geografia,centro de salud,Quore Clinic,"Quore Clinic (centro de salud). Coordenadas aprox: 36.2924, -5.2746.",OpenStreetMap (Overpass),https://www.openstreetmap.org/?mlat=36.2923687&mlon=-5.274643,alta,Cádiz,,36.292369,-5.274643,2026-08-28
OVERPASS-0350,geografia,farmacia,farmacia,"farmacia (farmacia). Coordenadas aprox: 36.6124, -5.1506.",OpenStreetMap (Overpass),https://www.openstreetmap.org/?mlat=36.6124319&mlon=-5.1506363,alta,Cádiz,,36.612432,-5.150636,2026-08-28
OVERPASS-0351,geografia,farmacia,Farmacia Matute,"Farmacia Matute (farmacia). Coordenadas aprox: 36.5303, -6.2926.",OpenStreetMap (Overpass),https://www.openstreetmap.org/?mlat=36.5302506&mlon=-6.292641,alta,Cádiz,,36.530251,-6.292641,2026-08-28
OVERPASS-0352,geografia,farmacia,Sagasta con Sacramento,"Sagasta con Sacramento (farmacia). Coordenadas aprox: 36.5323, -6.2996.",OpenStreetMap (Overpass),https://www.openstreetmap.org/?mlat=36.5323124&mlon=-6.2996297,alta,Cádiz,,36.532312,-6.29963,2026-08-28
OVERPASS-0353,supervivencia,agua potable,agua potable,"agua potable (agua potable). Coordenadas aprox: 36.2752, -6.0925.",OpenStreetMap (Overpass),https://www.openstreetmap.org/?mlat=36.2751675&mlon=-6.0925027,alta,Cádiz,,36.275168,-6.092503,2026-08-28
OVERPASS-0354,supervivencia,agua potable,agua potable,"agua potable (agua potable). Coordenadas aprox: 36.0116, -5.6043.",OpenStreetMap (Overpass),https://www.openstreetmap.org/?mlat=36.0116436&mlon=-5.6042634,alta,Cádiz,,36.011644,-5.604263,2026-08-28
OVERPASS-0355,geografia,farmacia,farmacia,"farmacia (farmacia). Coordenadas aprox: 36.5809, -6.2580.",OpenStreetMap (Overpass),https://www.openstreetmap.org/?mlat=36.5808635&mlon=-6.258038,alta,Cádiz,,36.580863,-6.258038,2026-08-28
OVERPASS-0356,supervivencia,agua potable,agua potable,"agua potable (agua potable). Coordenadas aprox: 36.6951, -6.4161.",OpenStreetMap (Overpass),https://www.openstreetmap.org/?mlat=36.695089&mlon=-6.4160873,alta,Cádiz,,36.695089,-6.416087,2026-08-28
OVERPASS-0357,supervivencia,agua potable,agua potable,"agua potable (agua potable). Coordenadas aprox: 36.7009, -6.4249.",OpenStreetMap (Overpass),https://www.openstreetmap.org/?mlat=36.7009217&mlon=-6.4249282,alta,Cádiz,,36.700922,-6.424928,2026-08-28
OVERPASS-0358,geografia,farmacia,Farmacia de Castellar,"Farmacia de Castellar (farmacia) en Castellar Nuevo de la Frontera. Coordenadas aprox: 36.2868, -5.4207.",OpenStreetMap (Overpass),https://www.openstreetmap.org/?mlat=36.286829&mlon=-5.4206723,alta,Cádiz,Castellar Nuevo de la Frontera,36.286829,-5.420672,2026-08-28
OVERPASS-0359,geografia,centro de salud,centro de salud,"centro de salud (centro de salud). Coordenadas aprox: 36.7310, -6.4338.",OpenStreetMap (Overpass),https://www.openstreetmap.org/?mlat=36.7310392&mlon=-6.4338402,alta,Cádiz,,36.731039,-6.43384,2026-08-28
OVERPASS-0360,geografia,farmacia,Farmacia El Santuario,"Farmacia El Santuario (farmacia) en Chipiona. Coordenadas aprox: 36.7298, -6.4365.",OpenStreetMap (Overpass),https://www.openstreetmap.org/?mlat=36.729771&mlon=-6.436503,alta,Cádiz,Chipiona,36.729771,-6.436503,2026-08-28
OVERPASS-0361,geografia,farmacia,Farmacia Costa Ballena,"Farmacia Costa Ballena (farmacia). Coordenadas aprox: 36.6926, -6.4081.",OpenStreetMap (Overpass),https://www.openstreetmap.org/?mlat=36.6926056&mlon=-6.4081236,alta,Cádiz,,36.692606,-6.408124,2026-08-28
OVERPASS-0362,geografia,centro de salud,Clínica Dental Los Remedios,"Clínica Dental Los Remedios (centro de salud) en Ubrique. Coordenadas aprox: 36.6728, -5.4482.",OpenStreetMap (Overpass),https://www.openstreetmap.org/?mlat=36.6728044&mlon=-5.4481592,alta,Cádiz,Ubrique,36.672804,-5.448159,2026-08-28
OVERPASS-0363,geografia,centro de salud,Los Remedios,"Los Remedios (centro de salud) en Ubrique. Coordenadas aprox: 36.6782, -5.4479.",OpenStreetMap (Overpass),https://www.openstreetmap.org/?mlat=36.6781624&mlon=-5.4479302,alta,Cádiz,Ubrique,36.678162,-5.44793,2026-08-28
OVERPASS-0364,geografia,farmacia,Farmacia Agarrado Luna,"Farmacia Agarrado Luna (farmacia) en Jerez de la Frontera. Coordenadas aprox: 36.6876, -6.1435.",OpenStreetMap (Overpass),https://www.openstreetmap.org/?mlat=36.6875931&mlon=-6.1434639,alta,Cádiz,Jerez de la Frontera,36.687593,-6.143464,2026-08-28
OVERPASS-0365,supervivencia,agua potable,agua potable,"agua potable (agua potable). Coordenadas aprox: 36.7335, -5.1829.",OpenStreetMap (Overpass),https://www.openstreetmap.org/?mlat=36.7335298&mlon=-5.1829438,alta,Cádiz,,36.73353,-5.182944,2026-08-28
OVERPASS-0366,supervivencia,agua potable,Fuente Alquería,"Fuente Alquería (agua potable). Coordenadas aprox: 36.6555, -5.1275.",OpenStreetMap (Overpass),https://www.openstreetmap.org/?mlat=36.6555239&mlon=-5.127454,alta,Cádiz,,36.655524,-5.127454,2026-08-28
OVERPASS-0367,supervivencia,agua potable,agua potable,"agua potable (agua potable). Coordenadas aprox: 36.5466, -5.2611.",OpenStreetMap (Overpass),https://www.openstreetmap.org/?mlat=36.5466334&mlon=-5.2610968,alta,Cádiz,,36.546633,-5.261097,2026-08-28
OVERPASS-0368,supervivencia,agua potable,agua potable,"agua potable (agua potable). Coordenadas aprox: 36.0853, -5.7668.",OpenStreetMap (Overpass),https://www.openstreetmap.org/?mlat=36.0853106&mlon=-5.7667974,alta,Cádiz,,36.085311,-5.766797,2026-08-28
OVERPASS-0369,geografia,farmacia,Farmacia Lara,"Farmacia Lara (farmacia). Coordenadas aprox: 36.1913, -5.9203.",OpenStreetMap (Overpass),https://www.openstreetmap.org/?mlat=36.1913377&mlon=-5.9203109,alta,Cádiz,,36.191338,-5.920311,2026-08-28
OVERPASS-0370,geografia,farmacia,farmacia,"farmacia (farmacia). Coordenadas aprox: 36.1940, -5.9182.",OpenStreetMap (Overpass),https://www.openstreetmap.org/?mlat=36.1939759&mlon=-5.918244,alta,Cádiz,,36.193976,-5.918244,2026-08-28
OVERPASS-0371,geografia,centro de salud,Clínica Virgen del Rosario,"Clínica Virgen del Rosario (centro de salud) en Algeciras. Coordenadas aprox: 36.1428, -5.4490.",OpenStreetMap (Overpass),https://www.openstreetmap.org/?mlat=36.1427673&mlon=-5.4490164,alta,Cádiz,Algeciras,36.142767,-5.449016,2026-08-28
OVERPASS-0372,supervivencia,agua potable,agua potable,"agua potable (agua potable). Coordenadas aprox: 36.6340, -5.2022.",OpenStreetMap (Overpass),https://www.openstreetmap.org/?mlat=36.63396&mlon=-5.202225,alta,Cádiz,,36.63396,-5.202225,2026-08-28
OVERPASS-0373,supervivencia,agua potable,agua potable,"agua potable (agua potable). Coordenadas aprox: 36.6346, -5.2024.",OpenStreetMap (Overpass),https://www.openstreetmap.org/?mlat=36.634607&mlon=-5.202354,alta,Cádiz,,36.634607,-5.202354,2026-08-28
OVERPASS-0374,supervivencia,agua potable,agua potable,"agua potable (agua potable). Coordenadas aprox: 36.6289, -5.2105.",OpenStreetMap (Overpass),https://www.openstreetmap.org/?mlat=36.628881&mlon=-5.210463,alta,Cádiz,,36.628881,-5.210463,2026-08-28
OVERPASS-0375,supervivencia,agua potable,agua potable,"agua potable (agua potable). Coordenadas aprox: 36.6331, -5.2029.",OpenStreetMap (Overpass),https://www.openstreetmap.org/?mlat=36.633076&mlon=-5.202869,alta,Cádiz,,36.633076,-5.202869,2026-08-28
OVERPASS-0376,supervivencia,agua potable,agua potable,"agua potable (agua potable). Coordenadas aprox: 36.5279, -6.3125.",OpenStreetMap (Overpass),https://www.openstreetmap.org/?mlat=36.5278892&mlon=-6.3125285,alta,Cádiz,,36.527889,-6.312528,2026-08-28
OVERPASS-0377,supervivencia,agua potable,agua potable,"agua potable (agua potable). Coordenadas aprox: 36.5240, -6.2790.",OpenStreetMap (Overpass),https://www.openstreetmap.org/?mlat=36.5240305&mlon=-6.2790385,alta,Cádiz,,36.524031,-6.279039,2026-08-28
OVERPASS-0378,supervivencia,agua potable,agua potable,"agua potable (agua potable). Coordenadas aprox: 36.5247, -6.2762.",OpenStreetMap (Overpass),https://www.openstreetmap.org/?mlat=36.5247207&mlon=-6.276181,alta,Cádiz,,36.524721,-6.276181,2026-08-28
OVERPASS-0379,supervivencia,agua potable,agua potable,"agua potable (agua potable). Coordenadas aprox: 36.5238, -6.2758.",OpenStreetMap (Overpass),https://www.openstreetmap.org/?mlat=36.5237567&mlon=-6.2758486,alta,Cádiz,,36.523757,-6.275849,2026-08-28
OVERPASS-0380,geografia,farmacia,Farmacia José Javier Serrano Lanchas,"Farmacia José Javier Serrano Lanchas (farmacia) en Ronda. Coordenadas aprox: 36.7344, -5.1643.",OpenStreetMap (Overpass),https://www.openstreetmap.org/?mlat=36.7344204&mlon=-5.1642909,alta,Cádiz,Ronda,36.73442,-5.164291,2026-08-28
OVERPASS-0381,supervivencia,agua potable,agua potable,"agua potable (agua potable). Coordenadas aprox: 36.8949, -5.1632.",OpenStreetMap (Overpass),https://www.openstreetmap.org/?mlat=36.894877&mlon=-5.1631581,alta,Cádiz,,36.894877,-5.163158,2026-08-28
OVERPASS-0382,supervivencia,agua potable,agua potable,"agua potable (agua potable). Coordenadas aprox: 36.4970, -6.2728.",OpenStreetMap (Overpass),https://www.openstreetmap.org/?mlat=36.4969506&mlon=-6.272788,alta,Cádiz,,36.496951,-6.272788,2026-08-28
OVERPASS-0383,supervivencia,agua potable,agua potable,"agua potable (agua potable). Coordenadas aprox: 36.5300, -6.3054.",OpenStreetMap (Overpass),https://www.openstreetmap.org/?mlat=36.5299937&mlon=-6.3053893,alta,Cádiz,,36.529994,-6.305389,2026-08-28
OVERPASS-0384,supervivencia,agua potable,agua potable,"agua potable (agua potable). Coordenadas aprox: 36.5260, -6.2196.",OpenStreetMap (Overpass),https://www.openstreetmap.org/?mlat=36.5260241&mlon=-6.2195824,alta,Cádiz,,36.526024,-6.219582,2026-08-28
OVERPASS-0385,orientacion,faro,faro,"faro (faro). Coordenadas aprox: 36.5210, -6.2731.",OpenStreetMap (Overpass),https://www.openstreetmap.org/?mlat=36.5209827&mlon=-6.2730586,alta,Cádiz,,36.520983,-6.273059,2026-08-28
OVERPASS-0386,supervivencia,agua potable,agua potable,"agua potable (agua potable). Coordenadas aprox: 36.5170, -5.3147.",OpenStreetMap (Overpass),https://www.openstreetmap.org/?mlat=36.5169666&mlon=-5.3146686,alta,Cádiz,,36.516967,-5.314669,2026-08-28
OVERPASS-0387,geografia,centro de salud,Hospiten,"Hospiten (centro de salud) en Algeciras. Coordenadas aprox: 36.1354, -5.4482.",OpenStreetMap (Overpass),https://www.openstreetmap.org/?mlat=36.1354372&mlon=-5.4481859,alta,Cádiz,Algeciras,36.135437,-5.448186,2026-08-28
OVERPASS-0388,supervivencia,agua potable,agua potable,"agua potable (agua potable). Coordenadas aprox: 36.7871, -6.3561.",OpenStreetMap (Overpass),https://www.openstreetmap.org/?mlat=36.78707&mlon=-6.356148,alta,Cádiz,,36.78707,-6.356148,2026-08-28
OVERPASS-0389,supervivencia,agua potable,agua potable,"agua potable (agua potable). Coordenadas aprox: 36.5344, -6.3023.",OpenStreetMap (Overpass),https://www.openstreetmap.org/?mlat=36.534384&mlon=-6.302305,alta,Cádiz,,36.534384,-6.302305,2026-08-28
OVERPASS-0390,supervivencia,agua potable,agua potable,"agua potable (agua potable). Coordenadas aprox: 36.5304, -6.2984.",OpenStreetMap (Overpass),https://www.openstreetmap.org/?mlat=36.530437&mlon=-6.298395,alta,Cádiz,,36.530437,-6.298395,2026-08-28
OVERPASS-0391,supervivencia,agua potable,agua potable,"agua potable (agua potable). Coordenadas aprox: 36.5302, -6.3027.",OpenStreetMap (Overpass),https://www.openstreetmap.org/?mlat=36.5301648&mlon=-6.3026949,alta,Cádiz,,36.530165,-6.302695,2026-08-28
OVERPASS-0392,geografia,farmacia,Farmacia Barriada de los Marineros,"Farmacia Barriada de los Marineros (farmacia) en Sanlúcar de Barrameda. Coordenadas aprox: 36.7930, -6.3368.",OpenStreetMap (Overpass),https://www.openstreetmap.org/?mlat=36.793003&mlon=-6.3368355,alta,Cádiz,Sanlúcar de Barrameda,36.793003,-6.336836,2026-08-28
OVERPASS-0393,supervivencia,agua potable,agua potable,"agua potable (agua potable). Coordenadas aprox: 36.6780, -6.4110.",OpenStreetMap (Overpass),https://www.openstreetmap.org/?mlat=36.6780336&mlon=-6.4109922,alta,Cádiz,,36.678034,-6.410992,2026-08-28
OVERPASS-0394,supervivencia,agua potable,agua potable,"agua potable (agua potable). Coordenadas aprox: 36.1759, -5.3771.",OpenStreetMap (Overpass),https://www.openstreetmap.org/?mlat=36.1758935&mlon=-5.377063,alta,Cádiz,,36.175894,-5.377063,2026-08-28
OVERPASS-0395,geografia,farmacia,Farmacia Bonanza,"Farmacia Bonanza (farmacia). Coordenadas aprox: 36.7985, -6.3367.",OpenStreetMap (Overpass),https://www.openstreetmap.org/?mlat=36.7985434&mlon=-6.3367255,alta,Cádiz,,36.798543,-6.336726,2026-08-28
OVERPASS-0396,geografia,centro de salud,Santo Domingo,"Santo Domingo (centro de salud). Coordenadas aprox: 36.6883, -6.1308.",OpenStreetMap (Overpass),https://www.openstreetmap.org/?mlat=36.6882595&mlon=-6.1308259,alta,Cádiz,,36.68826,-6.130826,2026-08-28
OVERPASS-0397,geografia,farmacia,Farmacia Avenida 157,"Farmacia Avenida 157 (farmacia). Coordenadas aprox: 36.7320, -6.4287.",OpenStreetMap (Overpass),https://www.openstreetmap.org/?mlat=36.7319756&mlon=-6.4286934,alta,Cádiz,,36.731976,-6.428693,2026-08-28
OVERPASS-0398,supervivencia,agua potable,agua potable,"agua potable (agua potable). Coordenadas aprox: 36.0518, -5.6459.",OpenStreetMap (Overpass),https://www.openstreetmap.org/?mlat=36.0517985&mlon=-5.6458652,alta,Cádiz,,36.051798,-5.645865,2026-08-28
OVERPASS-0399,supervivencia,agua potable,agua potable,"agua potable (agua potable). Coordenadas aprox: 36.1925, -5.9194.",OpenStreetMap (Overpass),https://www.openstreetmap.org/?mlat=36.19246&mlon=-5.91939,alta,Cádiz,,36.19246,-5.91939,2026-08-28
OVERPASS-0400,geografia,centro de salud,Centro Médico y de Rehabilitación Adeslas,"Centro Médico y de Rehabilitación Adeslas (centro de salud). Coordenadas aprox: 36.7445, -5.1678.",OpenStreetMap (Overpass),https://www.openstreetmap.org/?mlat=36.7444807&mlon=-5.1678178,alta,Cádiz,,36.744481,-5.167818,2026-08-28
OVERPASS-0401,supervivencia,agua potable,agua potable,"agua potable (agua potable). Coordenadas aprox: 36.5607, -6.2222.",OpenStreetMap (Overpass),https://www.openstreetmap.org/?mlat=36.5606836&mlon=-6.2222341,alta,Cádiz,,36.560684,-6.222234,2026-08-28
OVERPASS-0402,geografia,farmacia,Farmacia P. Mayorga,"Farmacia P. Mayorga (farmacia) en Puente Mayorga. Coordenadas aprox: 36.1810, -5.3838.",OpenStreetMap (Overpass),https://www.openstreetmap.org/?mlat=36.1810377&mlon=-5.3838486,alta,Cádiz,Puente Mayorga,36.181038,-5.383849,2026-08-28
OVERPASS-0403,supervivencia,agua potable,agua potable,"agua potable (agua potable). Coordenadas aprox: 36.5244, -6.2769.",OpenStreetMap (Overpass),https://www.openstreetmap.org/?mlat=36.5244325&mlon=-6.2769496,alta,Cádiz,,36.524433,-6.27695,2026-08-28
OVERPASS-0404,supervivencia,agua potable,agua potable,"agua potable (agua potable). Coordenadas aprox: 36.4459, -5.2781.",OpenStreetMap (Overpass),https://www.openstreetmap.org/?mlat=36.4459255&mlon=-5.2781199,alta,Cádiz,,36.445926,-5.27812,2026-08-28
OVERPASS-0405,supervivencia,agua potable,agua potable,"agua potable (agua potable). Coordenadas aprox: 36.5353, -6.2972.",OpenStreetMap (Overpass),https://www.openstreetmap.org/?mlat=36.5353312&mlon=-6.2972167,alta,Cádiz,,36.535331,-6.297217,2026-08-28
OVERPASS-0406,supervivencia,agua potable,agua potable,"agua potable (agua potable). Coordenadas aprox: 36.6984, -6.0974.",OpenStreetMap (Overpass),https://www.openstreetmap.org/?mlat=36.6983783&mlon=-6.0973538,alta,Cádiz,,36.698378,-6.097354,2026-08-28
OVERPASS-0407,supervivencia,agua potable,agua potable,"agua potable (agua potable). Coordenadas aprox: 36.7008, -6.1211.",OpenStreetMap (Overpass),https://www.openstreetmap.org/?mlat=36.700794&mlon=-6.1211371,alta,Cádiz,,36.700794,-6.121137,2026-08-28
OVERPASS-0408,supervivencia,agua potable,agua potable,"agua potable (agua potable). Coordenadas aprox: 36.7004, -6.1223.",OpenStreetMap (Overpass),https://www.openstreetmap.org/?mlat=36.7004139&mlon=-6.1222544,alta,Cádiz,,36.700414,-6.122254,2026-08-28
OVERPASS-0409,supervivencia,agua potable,agua potable,"agua potable (agua potable). Coordenadas aprox: 36.6973, -6.0988.",OpenStreetMap (Overpass),https://www.openstreetmap.org/?mlat=36.6972924&mlon=-6.0987925,alta,Cádiz,,36.697292,-6.098793,2026-08-28
OVERPASS-0410,supervivencia,agua potable,agua potable,"agua potable (agua potable). Coordenadas aprox: 36.7037, -6.1058.",OpenStreetMap (Overpass),https://www.openstreetmap.org/?mlat=36.7036741&mlon=-6.1058139,alta,Cádiz,,36.703674,-6.105814,2026-08-28
OVERPASS-0411,supervivencia,agua potable,agua potable,"agua potable (agua potable). Coordenadas aprox: 36.7005, -6.1204.",OpenStreetMap (Overpass),https://www.openstreetmap.org/?mlat=36.7004658&mlon=-6.1204214,alta,Cádiz,,36.700466,-6.120421,2026-08-28
OVERPASS-0412,supervivencia,agua potable,agua potable,"agua potable (agua potable). Coordenadas aprox: 36.6944, -6.1455.",OpenStreetMap (Overpass),https://www.openstreetmap.org/?mlat=36.6943843&mlon=-6.1454995,alta,Cádiz,,36.694384,-6.145499,2026-08-28
OVERPASS-0413,supervivencia,agua potable,agua potable,"agua potable (agua potable). Coordenadas aprox: 36.6934, -6.1569.",OpenStreetMap (Overpass),https://www.openstreetmap.org/?mlat=36.6934483&mlon=-6.1569257,alta,Cádiz,,36.693448,-6.156926,2026-08-28
OVERPASS-0414,supervivencia,agua potable,agua potable,"agua potable (agua potable). Coordenadas aprox: 36.6944, -6.1497.",OpenStreetMap (Overpass),https://www.openstreetmap.org/?mlat=36.6943738&mlon=-6.149659,alta,Cádiz,,36.694374,-6.149659,2026-08-28
OVERPASS-0415,supervivencia,agua potable,agua potable,"agua potable (agua potable). Coordenadas aprox: 36.6640, -6.1483.",OpenStreetMap (Overpass),https://www.openstreetmap.org/?mlat=36.664041&mlon=-6.1482763,alta,Cádiz,,36.664041,-6.148276,2026-08-28
OVERPASS-0416,supervivencia,agua potable,agua potable,"agua potable (agua potable). Coordenadas aprox: 36.6931, -6.1622.",OpenStreetMap (Overpass),https://www.openstreetmap.org/?mlat=36.6931075&mlon=-6.1621529,alta,Cádiz,,36.693108,-6.162153,2026-08-28
OVERPASS-0417,supervivencia,agua potable,agua potable,"agua potable (agua potable). Coordenadas aprox: 36.6939, -6.1597.",OpenStreetMap (Overpass),https://www.openstreetmap.org/?mlat=36.6939203&mlon=-6.1597029,alta,Cádiz,,36.69392,-6.159703,2026-08-28
OVERPASS-0418,supervivencia,agua potable,agua potable,"agua potable (agua potable). Coordenadas aprox: 36.6920, -6.1606.",OpenStreetMap (Overpass),https://www.openstreetmap.org/?mlat=36.6920226&mlon=-6.1606442,alta,Cádiz,,36.692023,-6.160644,2026-08-28
OVERPASS-0419,supervivencia,agua potable,agua potable,"agua potable (agua potable). Coordenadas aprox: 36.6666, -6.1521.",OpenStreetMap (Overpass),https://www.openstreetmap.org/?mlat=36.6665553&mlon=-6.1521423,alta,Cádiz,,36.666555,-6.152142,2026-08-28
OVERPASS-0420,supervivencia,agua potable,agua potable,"agua potable (agua potable). Coordenadas aprox: 36.6636, -6.1462.",OpenStreetMap (Overpass),https://www.openstreetmap.org/?mlat=36.6635875&mlon=-6.1461616,alta,Cádiz,,36.663587,-6.146162,2026-08-28
OVERPASS-0421,supervivencia,agua potable,agua potable,"agua potable (agua potable). Coordenadas aprox: 36.6715, -6.1389.",OpenStreetMap (Overpass),https://www.openstreetmap.org/?mlat=36.6714872&mlon=-6.1388693,alta,Cádiz,,36.671487,-6.138869,2026-08-28
OVERPASS-0422,supervivencia,agua potable,agua potable,"agua potable (agua potable). Coordenadas aprox: 36.6647, -6.1452.",OpenStreetMap (Overpass),https://www.openstreetmap.org/?mlat=36.6646635&mlon=-6.1452489,alta,Cádiz,,36.664664,-6.145249,2026-08-28
OVERPASS-0423,supervivencia,agua potable,agua potable,"agua potable (agua potable). Coordenadas aprox: 36.6634, -6.1434.",OpenStreetMap (Overpass),https://www.openstreetmap.org/?mlat=36.6633745&mlon=-6.143407,alta,Cádiz,,36.663375,-6.143407,2026-08-28
OVERPASS-0424,supervivencia,agua potable,agua potable,"agua potable (agua potable). Coordenadas aprox: 36.6641, -6.1530.",OpenStreetMap (Overpass),https://www.openstreetmap.org/?mlat=36.664065&mlon=-6.1529654,alta,Cádiz,,36.664065,-6.152965,2026-08-28
OVERPASS-0425,supervivencia,agua potable,agua potable,"agua potable (agua potable). Coordenadas aprox: 36.6651, -6.1425.",OpenStreetMap (Overpass),https://www.openstreetmap.org/?mlat=36.6651337&mlon=-6.1425161,alta,Cádiz,,36.665134,-6.142516,2026-08-28
OVERPASS-0426,supervivencia,agua potable,agua potable,"agua potable (agua potable). Coordenadas aprox: 36.6631, -6.1482.",OpenStreetMap (Overpass),https://www.openstreetmap.org/?mlat=36.6630927&mlon=-6.1482371,alta,Cádiz,,36.663093,-6.148237,2026-08-28
OVERPASS-0427,supervivencia,agua potable,agua potable,"agua potable (agua potable). Coordenadas aprox: 36.6708, -6.1380.",OpenStreetMap (Overpass),https://www.openstreetmap.org/?mlat=36.6708361&mlon=-6.1379935,alta,Cádiz,,36.670836,-6.137994,2026-08-28
OVERPASS-0428,supervivencia,agua potable,agua potable,"agua potable (agua potable). Coordenadas aprox: 36.6709, -6.1312.",OpenStreetMap (Overpass),https://www.openstreetmap.org/?mlat=36.6708779&mlon=-6.1312093,alta,Cádiz,,36.670878,-6.131209,2026-08-28
OVERPASS-0429,supervivencia,agua potable,agua potable,"agua potable (agua potable). Coordenadas aprox: 36.6709, -6.1251.",OpenStreetMap (Overpass),https://www.openstreetmap.org/?mlat=36.6709195&mlon=-6.1250732,alta,Cádiz,,36.670919,-6.125073,2026-08-28
OVERPASS-0430,supervivencia,agua potable,agua potable,"agua potable (agua potable). Coordenadas aprox: 36.6736, -6.1230.",OpenStreetMap (Overpass),https://www.openstreetmap.org/?mlat=36.6735682&mlon=-6.1229767,alta,Cádiz,,36.673568,-6.122977,2026-08-28
OVERPASS-0431,supervivencia,agua potable,agua potable,"agua potable (agua potable). Coordenadas aprox: 36.6742, -6.1116.",OpenStreetMap (Overpass),https://www.openstreetmap.org/?mlat=36.6742028&mlon=-6.1115641,alta,Cádiz,,36.674203,-6.111564,2026-08-28
OVERPASS-0432,supervivencia,agua potable,agua potable,"agua potable (agua potable). Coordenadas aprox: 36.6804, -6.1118.",OpenStreetMap (Overpass),https://www.openstreetmap.org/?mlat=36.6803827&mlon=-6.1117503,alta,Cádiz,,36.680383,-6.11175,2026-08-28
OVERPASS-0433,supervivencia,agua potable,agua potable,"agua potable (agua potable). Coordenadas aprox: 36.6830, -6.1056.",OpenStreetMap (Overpass),https://www.openstreetmap.org/?mlat=36.682955&mlon=-6.1056113,alta,Cádiz,,36.682955,-6.105611,2026-08-28
OVERPASS-0434,supervivencia,agua potable,agua potable,"agua potable (agua potable). Coordenadas aprox: 36.6754, -6.1099.",OpenStreetMap (Overpass),https://www.openstreetmap.org/?mlat=36.6753976&mlon=-6.1099057,alta,Cádiz,,36.675398,-6.109906,2026-08-28
OVERPASS-0435,supervivencia,agua potable,agua potable,"agua potable (agua potable). Coordenadas aprox: 36.6854, -6.1261.",OpenStreetMap (Overpass),https://www.openstreetmap.org/?mlat=36.6853902&mlon=-6.1261278,alta,Cádiz,,36.68539,-6.126128,2026-08-28
OVERPASS-0436,supervivencia,agua potable,agua potable,"agua potable (agua potable). Coordenadas aprox: 36.6847, -6.1011.",OpenStreetMap (Overpass),https://www.openstreetmap.org/?mlat=36.6846825&mlon=-6.1011041,alta,Cádiz,,36.684683,-6.101104,2026-08-28
OVERPASS-0437,supervivencia,agua potable,agua potable,"agua potable (agua potable). Coordenadas aprox: 36.6890, -6.1000.",OpenStreetMap (Overpass),https://www.openstreetmap.org/?mlat=36.6890129&mlon=-6.0999851,alta,Cádiz,,36.689013,-6.099985,2026-08-28
OVERPASS-0438,supervivencia,agua potable,agua potable,"agua potable (agua potable). Coordenadas aprox: 36.6894, -6.1192.",OpenStreetMap (Overpass),https://www.openstreetmap.org/?mlat=36.6893676&mlon=-6.1191634,alta,Cádiz,,36.689368,-6.119163,2026-08-28
OVERPASS-0439,supervivencia,agua potable,agua potable,"agua potable (agua potable). Coordenadas aprox: 36.6852, -6.1240.",OpenStreetMap (Overpass),https://www.openstreetmap.org/?mlat=36.6851562&mlon=-6.1240362,alta,Cádiz,,36.685156,-6.124036,2026-08-28
OVERPASS-0440,supervivencia,agua potable,agua potable,"agua potable (agua potable). Coordenadas aprox: 36.6926, -6.1152.",OpenStreetMap (Overpass),https://www.openstreetmap.org/?mlat=36.6926106&mlon=-6.1151586,alta,Cádiz,,36.692611,-6.115159,2026-08-28
OVERPASS-0441,supervivencia,agua potable,agua potable,"agua potable (agua potable). Coordenadas aprox: 36.6854, -6.1253.",OpenStreetMap (Overpass),https://www.openstreetmap.org/?mlat=36.6854167&mlon=-6.125257,alta,Cádiz,,36.685417,-6.125257,2026-08-28
OVERPASS-0442,supervivencia,agua potable,agua potable,"agua potable (agua potable). Coordenadas aprox: 36.6907, -6.1304.",OpenStreetMap (Overpass),https://www.openstreetmap.org/?mlat=36.6907371&mlon=-6.130406,alta,Cádiz,,36.690737,-6.130406,2026-08-28
OVERPASS-0443,supervivencia,agua potable,agua potable,"agua potable (agua potable). Coordenadas aprox: 36.6874, -6.1365.",OpenStreetMap (Overpass),https://www.openstreetmap.org/?mlat=36.6873651&mlon=-6.1364684,alta,Cádiz,,36.687365,-6.136468,2026-08-28
OVERPASS-0444,supervivencia,agua potable,agua potable,"agua potable (agua potable). Coordenadas aprox: 36.6855, -6.1391.",OpenStreetMap (Overpass),https://www.openstreetmap.org/?mlat=36.6855493&mlon=-6.1391003,alta,Cádiz,,36.685549,-6.1391,2026-08-28
OVERPASS-0445,supervivencia,agua potable,agua potable,"agua potable (agua potable). Coordenadas aprox: 36.6866, -6.1397.",OpenStreetMap (Overpass),https://www.openstreetmap.org/?mlat=36.6865542&mlon=-6.1396941,alta,Cádiz,,36.686554,-6.139694,2026-08-28
OVERPASS-0446,supervivencia,agua potable,agua potable,"agua potable (agua potable). Coordenadas aprox: 36.6844, -6.1417.",OpenStreetMap (Overpass),https://www.openstreetmap.org/?mlat=36.6844283&mlon=-6.1417433,alta,Cádiz,,36.684428,-6.141743,2026-08-28
OVERPASS-0447,supervivencia,agua potable,agua potable,"agua potable (agua potable). Coordenadas aprox: 36.6878, -6.1425.",OpenStreetMap (Overpass),https://www.openstreetmap.org/?mlat=36.6878178&mlon=-6.1425119,alta,Cádiz,,36.687818,-6.142512,2026-08-28
OVERPASS-0448,supervivencia,agua potable,agua potable,"agua potable (agua potable). Coordenadas aprox: 36.6859, -6.1460.",OpenStreetMap (Overpass),https://www.openstreetmap.org/?mlat=36.6859436&mlon=-6.1459545,alta,Cádiz,,36.685944,-6.145955,2026-08-28
OVERPASS-0449,supervivencia,agua potable,agua potable,"agua potable (agua potable). Coordenadas aprox: 36.6894, -6.1458.",OpenStreetMap (Overpass),https://www.openstreetmap.org/?mlat=36.6893955&mlon=-6.1458383,alta,Cádiz,,36.689396,-6.145838,2026-08-28
OVERPASS-0450,supervivencia,agua potable,agua potable,"agua potable (agua potable). Coordenadas aprox: 36.6849, -6.1449.",OpenStreetMap (Overpass),https://www.openstreetmap.org/?mlat=36.6848511&mlon=-6.1449189,alta,Cádiz,,36.684851,-6.144919,2026-08-28
OVERPASS-0451,supervivencia,agua potable,agua potable,"agua potable (agua potable). Coordenadas aprox: 36.6766, -6.1336.",OpenStreetMap (Overpass),https://www.openstreetmap.org/?mlat=36.6766111&mlon=-6.1336027,alta,Cádiz,,36.676611,-6.133603,2026-08-28
OVERPASS-0452,supervivencia,agua potable,agua potable,"agua potable (agua potable). Coordenadas aprox: 36.7305, -6.4393.",OpenStreetMap (Overpass),https://www.openstreetmap.org/?mlat=36.7304749&mlon=-6.4393231,alta,Cádiz,,36.730475,-6.439323,2026-08-28
OVERPASS-0453,supervivencia,agua potable,agua potable,"agua potable (agua potable). Coordenadas aprox: 36.7401, -6.4396.",OpenStreetMap (Overpass),https://www.openstreetmap.org/?mlat=36.7401073&mlon=-6.4396229,alta,Cádiz,,36.740107,-6.439623,2026-08-28
OVERPASS-0454,supervivencia,agua potable,agua potable,"agua potable (agua potable). Coordenadas aprox: 36.7329, -6.4399.",OpenStreetMap (Overpass),https://www.openstreetmap.org/?mlat=36.7328832&mlon=-6.439901,alta,Cádiz,,36.732883,-6.439901,2026-08-28
OVERPASS-0455,supervivencia,agua potable,agua potable,"agua potable (agua potable). Coordenadas aprox: 36.7153, -6.4336.",OpenStreetMap (Overpass),https://www.openstreetmap.org/?mlat=36.715259&mlon=-6.4336125,alta,Cádiz,,36.715259,-6.433612,2026-08-28
OVERPASS-0456,supervivencia,agua potable,agua potable,"agua potable (agua potable). Coordenadas aprox: 36.6886, -6.4142.",OpenStreetMap (Overpass),https://www.openstreetmap.org/?mlat=36.6885975&mlon=-6.414152,alta,Cádiz,,36.688598,-6.414152,2026-08-28
OVERPASS-0457,supervivencia,agua potable,agua potable,"agua potable (agua potable). Coordenadas aprox: 36.7335, -6.4401.",OpenStreetMap (Overpass),https://www.openstreetmap.org/?mlat=36.7334531&mlon=-6.4401231,alta,Cádiz,,36.733453,-6.440123,2026-08-28
OVERPASS-0458,supervivencia,agua potable,agua potable,"agua potable (agua potable). Coordenadas aprox: 36.7222, -6.4386.",OpenStreetMap (Overpass),https://www.openstreetmap.org/?mlat=36.7221653&mlon=-6.4386394,alta,Cádiz,,36.722165,-6.438639,2026-08-28
OVERPASS-0459,supervivencia,agua potable,agua potable,"agua potable (agua potable). Coordenadas aprox: 36.7387, -6.4409.",OpenStreetMap (Overpass),https://www.openstreetmap.org/?mlat=36.7387429&mlon=-6.4408613,alta,Cádiz,,36.738743,-6.440861,2026-08-28
OVERPASS-0460,supervivencia,agua potable,agua potable,"agua potable (agua potable). Coordenadas aprox: 36.6970, -6.4213.",OpenStreetMap (Overpass),https://www.openstreetmap.org/?mlat=36.6970026&mlon=-6.4212905,alta,Cádiz,,36.697003,-6.42129,2026-08-28
OVERPASS-0461,supervivencia,agua potable,agua potable,"agua potable (agua potable). Coordenadas aprox: 36.6935, -6.4098.",OpenStreetMap (Overpass),https://www.openstreetmap.org/?mlat=36.6935464&mlon=-6.4098033,alta,Cádiz,,36.693546,-6.409803,2026-08-28
OVERPASS-0462,supervivencia,agua potable,agua potable,"agua potable (agua potable). Coordenadas aprox: 36.7392, -6.4406.",OpenStreetMap (Overpass),https://www.openstreetmap.org/?mlat=36.7391734&mlon=-6.4405522,alta,Cádiz,,36.739173,-6.440552,2026-08-28
OVERPASS-0463,supervivencia,agua potable,agua potable,"agua potable (agua potable). Coordenadas aprox: 36.6969, -6.4123.",OpenStreetMap (Overpass),https://www.openstreetmap.org/?mlat=36.6968558&mlon=-6.4122895,alta,Cádiz,,36.696856,-6.412289,2026-08-28
OVERPASS-0464,supervivencia,agua potable,agua potable,"agua potable (agua potable). Coordenadas aprox: 36.7436, -6.4327.",OpenStreetMap (Overpass),https://www.openstreetmap.org/?mlat=36.7436081&mlon=-6.4327299,alta,Cádiz,,36.743608,-6.43273,2026-08-28
OVERPASS-0465,supervivencia,agua potable,agua potable,"agua potable (agua potable). Coordenadas aprox: 36.6959, -6.4181.",OpenStreetMap (Overpass),https://www.openstreetmap.org/?mlat=36.6958648&mlon=-6.4181118,alta,Cádiz,,36.695865,-6.418112,2026-08-28
OVERPASS-0466,supervivencia,agua potable,agua potable,"agua potable (agua potable). Coordenadas aprox: 36.6879, -6.4182.",OpenStreetMap (Overpass),https://www.openstreetmap.org/?mlat=36.687902&mlon=-6.4182415,alta,Cádiz,,36.687902,-6.418241,2026-08-28
OVERPASS-0467,supervivencia,agua potable,agua potable,"agua potable (agua potable). Coordenadas aprox: 36.6916, -6.4196.",OpenStreetMap (Overpass),https://www.openstreetmap.org/?mlat=36.691575&mlon=-6.4196317,alta,Cádiz,,36.691575,-6.419632,2026-08-28
OVERPASS-0468,supervivencia,agua potable,agua potable,"agua potable (agua potable). Coordenadas aprox: 36.6922, -6.4099.",OpenStreetMap (Overpass),https://www.openstreetmap.org/?mlat=36.6921554&mlon=-6.4099291,alta,Cádiz,,36.692155,-6.409929,2026-08-28
OVERPASS-0469,supervivencia,agua potable,agua potable,"agua potable (agua potable). Coordenadas aprox: 36.6932, -6.4181.",OpenStreetMap (Overpass),https://www.openstreetmap.org/?mlat=36.6931562&mlon=-6.4180761,alta,Cádiz,,36.693156,-6.418076,2026-08-28
OVERPASS-0470,supervivencia,agua potable,agua potable,"agua potable (agua potable). Coordenadas aprox: 36.6961, -6.4200.",OpenStreetMap (Overpass),https://www.openstreetmap.org/?mlat=36.6960879&mlon=-6.4200032,alta,Cádiz,,36.696088,-6.420003,2026-08-28
OVERPASS-0471,supervivencia,agua potable,agua potable,"agua potable (agua potable). Coordenadas aprox: 36.6973, -6.4156.",OpenStreetMap (Overpass),https://www.openstreetmap.org/?mlat=36.6973491&mlon=-6.4155765,alta,Cádiz,,36.697349,-6.415577,2026-08-28
OVERPASS-0472,supervivencia,agua potable,agua potable,"agua potable (agua potable). Coordenadas aprox: 36.7015, -6.4174.",OpenStreetMap (Overpass),https://www.openstreetmap.org/?mlat=36.7014913&mlon=-6.417361,alta,Cádiz,,36.701491,-6.417361,2026-08-28
OVERPASS-0473,supervivencia,agua potable,agua potable,"agua potable (agua potable). Coordenadas aprox: 36.6978, -6.4092.",OpenStreetMap (Overpass),https://www.openstreetmap.org/?mlat=36.697788&mlon=-6.4091508,alta,Cádiz,,36.697788,-6.409151,2026-08-28
OVERPASS-0474,supervivencia,agua potable,agua potable,"agua potable (agua potable). Coordenadas aprox: 36.6838, -6.4064.",OpenStreetMap (Overpass),https://www.openstreetmap.org/?mlat=36.6838014&mlon=-6.4063931,alta,Cádiz,,36.683801,-6.406393,2026-08-28
OVERPASS-0475,supervivencia,agua potable,agua potable,"agua potable (agua potable). Coordenadas aprox: 36.6241, -6.3597.",OpenStreetMap (Overpass),https://www.openstreetmap.org/?mlat=36.6241124&mlon=-6.359711,alta,Cádiz,,36.624112,-6.359711,2026-08-28
OVERPASS-0476,supervivencia,agua potable,agua potable,"agua potable (agua potable). Coordenadas aprox: 36.6259, -6.3630.",OpenStreetMap (Overpass),https://www.openstreetmap.org/?mlat=36.6259497&mlon=-6.3629868,alta,Cádiz,,36.62595,-6.362987,2026-08-28
OVERPASS-0477,supervivencia,agua potable,agua potable,"agua potable (agua potable). Coordenadas aprox: 36.6280, -6.3542.",OpenStreetMap (Overpass),https://www.openstreetmap.org/?mlat=36.6280467&mlon=-6.3542251,alta,Cádiz,,36.628047,-6.354225,2026-08-28
OVERPASS-0478,supervivencia,agua potable,agua potable,"agua potable (agua potable). Coordenadas aprox: 36.6242, -6.3517.",OpenStreetMap (Overpass),https://www.openstreetmap.org/?mlat=36.6241918&mlon=-6.3516684,alta,Cádiz,,36.624192,-6.351668,2026-08-28
OVERPASS-0479,supervivencia,agua potable,agua potable,"agua potable (agua potable). Coordenadas aprox: 36.6228, -6.3545.",OpenStreetMap (Overpass),https://www.openstreetmap.org/?mlat=36.6227501&mlon=-6.3544864,alta,Cádiz,,36.62275,-6.354486,2026-08-28
OVERPASS-0480,supervivencia,agua potable,agua potable,"agua potable (agua potable). Coordenadas aprox: 36.6240, -6.3523.",OpenStreetMap (Overpass),https://www.openstreetmap.org/?mlat=36.6239657&mlon=-6.3523309,alta,Cádiz,,36.623966,-6.352331,2026-08-28
OVERPASS-0481,supervivencia,agua potable,agua potable,"agua potable (agua potable). Coordenadas aprox: 36.6158, -6.3573.",OpenStreetMap (Overpass),https://www.openstreetmap.org/?mlat=36.6157862&mlon=-6.3573123,alta,Cádiz,,36.615786,-6.357312,2026-08-28
OVERPASS-0482,supervivencia,agua potable,agua potable,"agua potable (agua potable). Coordenadas aprox: 36.6173, -6.3600.",OpenStreetMap (Overpass),https://www.openstreetmap.org/?mlat=36.6173233&mlon=-6.3599776,alta,Cádiz,,36.617323,-6.359978,2026-08-28
OVERPASS-0483,supervivencia,agua potable,agua potable,"agua potable (agua potable). Coordenadas aprox: 36.6202, -6.3641.",OpenStreetMap (Overpass),https://www.openstreetmap.org/?mlat=36.6201714&mlon=-6.3641221,alta,Cádiz,,36.620171,-6.364122,2026-08-28
OVERPASS-0484,supervivencia,agua potable,agua potable,"agua potable (agua potable). Coordenadas aprox: 36.6223, -6.3705.",OpenStreetMap (Overpass),https://www.openstreetmap.org/?mlat=36.622327&mlon=-6.3704667,alta,Cádiz,,36.622327,-6.370467,2026-08-28
OVERPASS-0485,supervivencia,agua potable,agua potable,"agua potable (agua potable). Coordenadas aprox: 36.6229, -6.3708.",OpenStreetMap (Overpass),https://www.openstreetmap.org/?mlat=36.6229261&mlon=-6.3708221,alta,Cádiz,,36.622926,-6.370822,2026-08-28
OVERPASS-0486,supervivencia,agua potable,agua potable,"agua potable (agua potable). Coordenadas aprox: 36.6212, -6.3669.",OpenStreetMap (Overpass),https://www.openstreetmap.org/?mlat=36.6211592&mlon=-6.366941,alta,Cádiz,,36.621159,-6.366941,2026-08-28
OVERPASS-0487,supervivencia,agua potable,agua potable,"agua potable (agua potable). Coordenadas aprox: 36.4972, -6.2714.",OpenStreetMap (Overpass),https://www.openstreetmap.org/?mlat=36.4971827&mlon=-6.2713959,alta,Cádiz,,36.497183,-6.271396,2026-08-28
OVERPASS-0488,supervivencia,agua potable,agua potable,"agua potable (agua potable). Coordenadas aprox: 36.5010, -6.2728.",OpenStreetMap (Overpass),https://www.openstreetmap.org/?mlat=36.5009986&mlon=-6.2727506,alta,Cádiz,,36.500999,-6.272751,2026-08-28
OVERPASS-0489,supervivencia,agua potable,agua potable,"agua potable (agua potable). Coordenadas aprox: 36.4960, -6.2701.",OpenStreetMap (Overpass),https://www.openstreetmap.org/?mlat=36.4960382&mlon=-6.2701015,alta,Cádiz,,36.496038,-6.270101,2026-08-28
OVERPASS-0490,supervivencia,agua potable,agua potable,"agua potable (agua potable). Coordenadas aprox: 36.4989, -6.2724.",OpenStreetMap (Overpass),https://www.openstreetmap.org/?mlat=36.4989416&mlon=-6.2724358,alta,Cádiz,,36.498942,-6.272436,2026-08-28
OVERPASS-0491,supervivencia,agua potable,agua potable,"agua potable (agua potable). Coordenadas aprox: 36.5010, -6.2733.",OpenStreetMap (Overpass),https://www.openstreetmap.org/?mlat=36.5009542&mlon=-6.2732541,alta,Cádiz,,36.500954,-6.273254,2026-08-28
OVERPASS-0492,supervivencia,agua potable,agua potable,"agua potable (agua potable). Coordenadas aprox: 36.5017, -6.2740.",OpenStreetMap (Overpass),https://www.openstreetmap.org/?mlat=36.5017248&mlon=-6.2740225,alta,Cádiz,,36.501725,-6.274023,2026-08-28
OVERPASS-0493,supervivencia,agua potable,agua potable,"agua potable (agua potable). Coordenadas aprox: 36.5055, -6.2769.",OpenStreetMap (Overpass),https://www.openstreetmap.org/?mlat=36.5055011&mlon=-6.2769459,alta,Cádiz,,36.505501,-6.276946,2026-08-28
OVERPASS-0494,supervivencia,agua potable,agua potable,"agua potable (agua potable). Coordenadas aprox: 36.5042, -6.2742.",OpenStreetMap (Overpass),https://www.openstreetmap.org/?mlat=36.5042159&mlon=-6.2742428,alta,Cádiz,,36.504216,-6.274243,2026-08-28
OVERPASS-0495,supervivencia,agua potable,agua potable,"agua potable (agua potable). Coordenadas aprox: 36.5040, -6.2771.",OpenStreetMap (Overpass),https://www.openstreetmap.org/?mlat=36.5040158&mlon=-6.2771401,alta,Cádiz,,36.504016,-6.27714,2026-08-28
OVERPASS-0496,supervivencia,agua potable,agua potable,"agua potable (agua potable). Coordenadas aprox: 36.5059, -6.2769.",OpenStreetMap (Overpass),https://www.openstreetmap.org/?mlat=36.5059034&mlon=-6.2769437,alta,Cádiz,,36.505903,-6.276944,2026-08-28
OVERPASS-0497,supervivencia,agua potable,agua potable,"agua potable (agua potable). Coordenadas aprox: 36.5054, -6.2745.",OpenStreetMap (Overpass),https://www.openstreetmap.org/?mlat=36.5053773&mlon=-6.2744786,alta,Cádiz,,36.505377,-6.274479,2026-08-28
OVERPASS-0498,supervivencia,agua potable,agua potable,"agua potable (agua potable). Coordenadas aprox: 36.5052, -6.2710.",OpenStreetMap (Overpass),https://www.openstreetmap.org/?mlat=36.505215&mlon=-6.2709623,alta,Cádiz,,36.505215,-6.270962,2026-08-28
OVERPASS-0499,supervivencia,agua potable,agua potable,"agua potable (agua potable). Coordenadas aprox: 36.5052, -6.2744.",OpenStreetMap (Overpass),https://www.openstreetmap.org/?mlat=36.505186&mlon=-6.2744061,alta,Cádiz,,36.505186,-6.274406,2026-08-28
OVERPASS-0500,supervivencia,agua potable,agua potable,"agua potable (agua potable). Coordenadas aprox: 36.5061, -6.2694.",OpenStreetMap (Overpass),https://www.openstreetmap.org/?mlat=36.5061256&mlon=-6.2694409,alta,Cádiz,,36.506126,-6.269441,2026-08-28
OVERPASS-0501,supervivencia,agua potable,agua potable,"agua potable (agua potable). Coordenadas aprox: 36.5067, -6.2662.",OpenStreetMap (Overpass),https://www.openstreetmap.org/?mlat=36.5066541&mlon=-6.2661832,alta,Cádiz,,36.506654,-6.266183,2026-08-28
OVERPASS-0502,supervivencia,agua potable,agua potable,"agua potable (agua potable). Coordenadas aprox: 36.5069, -6.2696.",OpenStreetMap (Overpass),https://www.openstreetmap.org/?mlat=36.5068794&mlon=-6.2696341,alta,Cádiz,,36.506879,-6.269634,2026-08-28
OVERPASS-0503,supervivencia,agua potable,agua potable,"agua potable (agua potable). Coordenadas aprox: 36.5083, -6.2792.",OpenStreetMap (Overpass),https://www.openstreetmap.org/?mlat=36.5083211&mlon=-6.2792417,alta,Cádiz,,36.508321,-6.279242,2026-08-28
OVERPASS-0504,supervivencia,agua potable,agua potable,"agua potable (agua potable). Coordenadas aprox: 36.5083, -6.2740.",OpenStreetMap (Overpass),https://www.openstreetmap.org/?mlat=36.5082616&mlon=-6.2740424,alta,Cádiz,,36.508262,-6.274042,2026-08-28
OVERPASS-0505,supervivencia,agua potable,agua potable,"agua potable (agua potable). Coordenadas aprox: 36.5103, -6.2814.",OpenStreetMap (Overpass),https://www.openstreetmap.org/?mlat=36.5102837&mlon=-6.2814457,alta,Cádiz,,36.510284,-6.281446,2026-08-28
OVERPASS-0506,supervivencia,agua potable,agua potable,"agua potable (agua potable). Coordenadas aprox: 36.5111, -6.2711.",OpenStreetMap (Overpass),https://www.openstreetmap.org/?mlat=36.5110603&mlon=-6.2711297,alta,Cádiz,,36.51106,-6.27113,2026-08-28
OVERPASS-0507,supervivencia,agua potable,agua potable,"agua potable (agua potable). Coordenadas aprox: 36.5077, -6.2799.",OpenStreetMap (Overpass),https://www.openstreetmap.org/?mlat=36.5076527&mlon=-6.2798503,alta,Cádiz,,36.507653,-6.27985,2026-08-28
OVERPASS-0508,supervivencia,agua potable,agua potable,"agua potable (agua potable). Coordenadas aprox: 36.5089, -6.2786.",OpenStreetMap (Overpass),https://www.openstreetmap.org/?mlat=36.5088762&mlon=-6.2785868,alta,Cádiz,,36.508876,-6.278587,2026-08-28
OVERPASS-0509,supervivencia,agua potable,agua potable,"agua potable (agua potable). Coordenadas aprox: 36.5096, -6.2787.",OpenStreetMap (Overpass),https://www.openstreetmap.org/?mlat=36.5096216&mlon=-6.2786687,alta,Cádiz,,36.509622,-6.278669,2026-08-28
OVERPASS-0510,supervivencia,agua potable,agua potable,"agua potable (agua potable). Coordenadas aprox: 36.5085, -6.2677.",OpenStreetMap (Overpass),https://www.openstreetmap.org/?mlat=36.5084753&mlon=-6.2677252,alta,Cádiz,,36.508475,-6.267725,2026-08-28
OVERPASS-0511,supervivencia,agua potable,agua potable,"agua potable (agua potable). Coordenadas aprox: 36.5085, -6.2723.",OpenStreetMap (Overpass),https://www.openstreetmap.org/?mlat=36.5085297&mlon=-6.2722634,alta,Cádiz,,36.50853,-6.272263,2026-08-28
OVERPASS-0512,supervivencia,agua potable,agua potable,"agua potable (agua potable). Coordenadas aprox: 36.5116, -6.2709.",OpenStreetMap (Overpass),https://www.openstreetmap.org/?mlat=36.5116134&mlon=-6.2709466,alta,Cádiz,,36.511613,-6.270947,2026-08-28
OVERPASS-0513,supervivencia,agua potable,agua potable,"agua potable (agua potable). Coordenadas aprox: 36.5112, -6.2702.",OpenStreetMap (Overpass),https://www.openstreetmap.org/?mlat=36.5111767&mlon=-6.2702352,alta,Cádiz,,36.511177,-6.270235,2026-08-28
OVERPASS-0514,supervivencia,agua potable,agua potable,"agua potable (agua potable). Coordenadas aprox: 36.5117, -6.2738.",OpenStreetMap (Overpass),https://www.openstreetmap.org/?mlat=36.5116649&mlon=-6.2738323,alta,Cádiz,,36.511665,-6.273832,2026-08-28
OVERPASS-0515,supervivencia,agua potable,agua potable,"agua potable (agua potable). Coordenadas aprox: 36.5114, -6.2793.",OpenStreetMap (Overpass),https://www.openstreetmap.org/?mlat=36.5113749&mlon=-6.2792628,alta,Cádiz,,36.511375,-6.279263,2026-08-28
OVERPASS-0516,supervivencia,agua potable,agua potable,"agua potable (agua potable). Coordenadas aprox: 36.5155, -6.2723.",OpenStreetMap (Overpass),https://www.openstreetmap.org/?mlat=36.5154731&mlon=-6.2722675,alta,Cádiz,,36.515473,-6.272267,2026-08-28
OVERPASS-0517,supervivencia,agua potable,agua potable,"agua potable (agua potable). Coordenadas aprox: 36.5133, -6.2713.",OpenStreetMap (Overpass),https://www.openstreetmap.org/?mlat=36.5133366&mlon=-6.2712878,alta,Cádiz,,36.513337,-6.271288,2026-08-28
OVERPASS-0518,supervivencia,agua potable,agua potable,"agua potable (agua potable). Coordenadas aprox: 36.5116, -6.2823.",OpenStreetMap (Overpass),https://www.openstreetmap.org/?mlat=36.5115921&mlon=-6.2823462,alta,Cádiz,,36.511592,-6.282346,2026-08-28
OVERPASS-0519,supervivencia,agua potable,agua potable,"agua potable (agua potable). Coordenadas aprox: 36.5140, -6.2716.",OpenStreetMap (Overpass),https://www.openstreetmap.org/?mlat=36.5139869&mlon=-6.2716147,alta,Cádiz,,36.513987,-6.271615,2026-08-28
OVERPASS-0520,supervivencia,agua potable,agua potable,"agua potable (agua potable). Coordenadas aprox: 36.5152, -6.2763.",OpenStreetMap (Overpass),https://www.openstreetmap.org/?mlat=36.5151807&mlon=-6.2763269,alta,Cádiz,,36.515181,-6.276327,2026-08-28
OVERPASS-0521,supervivencia,agua potable,agua potable,"agua potable (agua potable). Coordenadas aprox: 36.5149, -6.2800.",OpenStreetMap (Overpass),https://www.openstreetmap.org/?mlat=36.5149253&mlon=-6.2799505,alta,Cádiz,,36.514925,-6.27995,2026-08-28
OVERPASS-0522,supervivencia,agua potable,agua potable,"agua potable (agua potable). Coordenadas aprox: 36.5170, -6.2730.",OpenStreetMap (Overpass),https://www.openstreetmap.org/?mlat=36.5170053&mlon=-6.2729635,alta,Cádiz,,36.517005,-6.272964,2026-08-28
OVERPASS-0523,supervivencia,agua potable,agua potable,"agua potable (agua potable). Coordenadas aprox: 36.5151, -6.2822.",OpenStreetMap (Overpass),https://www.openstreetmap.org/?mlat=36.5151121&mlon=-6.28217,alta,Cádiz,,36.515112,-6.28217,2026-08-28
OVERPASS-0524,supervivencia,agua potable,agua potable,"agua potable (agua potable). Coordenadas aprox: 36.5165, -6.2765.",OpenStreetMap (Overpass),https://www.openstreetmap.org/?mlat=36.5164788&mlon=-6.2764907,alta,Cádiz,,36.516479,-6.276491,2026-08-28
OVERPASS-0525,supervivencia,agua potable,agua potable,"agua potable (agua potable). Coordenadas aprox: 36.5181, -6.2793.",OpenStreetMap (Overpass),https://www.openstreetmap.org/?mlat=36.5180589&mlon=-6.2792594,alta,Cádiz,,36.518059,-6.279259,2026-08-28
OVERPASS-0526,supervivencia,agua potable,agua potable,"agua potable (agua potable). Coordenadas aprox: 36.5169, -6.2819.",OpenStreetMap (Overpass),https://www.openstreetmap.org/?mlat=36.516918&mlon=-6.2818563,alta,Cádiz,,36.516918,-6.281856,2026-08-28
OVERPASS-0527,supervivencia,agua potable,agua potable,"agua potable (agua potable). Coordenadas aprox: 36.5180, -6.2825.",OpenStreetMap (Overpass),https://www.openstreetmap.org/?mlat=36.5179945&mlon=-6.2824524,alta,Cádiz,,36.517995,-6.282452,2026-08-28
OVERPASS-0528,supervivencia,agua potable,agua potable,"agua potable (agua potable). Coordenadas aprox: 36.5172, -6.2830.",OpenStreetMap (Overpass),https://www.openstreetmap.org/?mlat=36.517242&mlon=-6.2829758,alta,Cádiz,,36.517242,-6.282976,2026-08-28
OVERPASS-0529,supervivencia,agua potable,agua potable,"agua potable (agua potable). Coordenadas aprox: 36.5176, -6.2849.",OpenStreetMap (Overpass),https://www.openstreetmap.org/?mlat=36.5176281&mlon=-6.2848541,alta,Cádiz,,36.517628,-6.284854,2026-08-28
OVERPASS-0530,supervivencia,agua potable,agua potable,"agua potable (agua potable). Coordenadas aprox: 36.5287, -6.3054.",OpenStreetMap (Overpass),https://www.openstreetmap.org/?mlat=36.5287432&mlon=-6.305361,alta,Cádiz,,36.528743,-6.305361,2026-08-28
OVERPASS-0531,supervivencia,agua potable,agua potable,"agua potable (agua potable). Coordenadas aprox: 36.5197, -6.2801.",OpenStreetMap (Overpass),https://www.openstreetmap.org/?mlat=36.5197276&mlon=-6.2800528,alta,Cádiz,,36.519728,-6.280053,2026-08-28
OVERPASS-0532,supervivencia,agua potable,agua potable,"agua potable (agua potable). Coordenadas aprox: 36.5188, -6.2738.",OpenStreetMap (Overpass),https://www.openstreetmap.org/?mlat=36.5188239&mlon=-6.2737949,alta,Cádiz,,36.518824,-6.273795,2026-08-28
OVERPASS-0533,supervivencia,agua potable,agua potable,"agua potable (agua potable). Coordenadas aprox: 36.5205, -6.2746.",OpenStreetMap (Overpass),https://www.openstreetmap.org/?mlat=36.5205404&mlon=-6.2745806,alta,Cádiz,,36.52054,-6.274581,2026-08-28
OVERPASS-0534,supervivencia,agua potable,agua potable,"agua potable (agua potable). Coordenadas aprox: 36.5227, -6.2856.",OpenStreetMap (Overpass),https://www.openstreetmap.org/?mlat=36.5226503&mlon=-6.2855562,alta,Cádiz,,36.52265,-6.285556,2026-08-28
OVERPASS-0535,supervivencia,agua potable,agua potable,"agua potable (agua potable). Coordenadas aprox: 36.5234, -6.2882.",OpenStreetMap (Overpass),https://www.openstreetmap.org/?mlat=36.5234052&mlon=-6.2881799,alta,Cádiz,,36.523405,-6.28818,2026-08-28
OVERPASS-0536,supervivencia,agua potable,agua potable,"agua potable (agua potable). Coordenadas aprox: 36.5276, -6.2929.",OpenStreetMap (Overpass),https://www.openstreetmap.org/?mlat=36.5276062&mlon=-6.2929118,alta,Cádiz,,36.527606,-6.292912,2026-08-28
OVERPASS-0537,supervivencia,agua potable,agua potable,"agua potable (agua potable). Coordenadas aprox: 36.5293, -6.2946.",OpenStreetMap (Overpass),https://www.openstreetmap.org/?mlat=36.5293107&mlon=-6.2945995,alta,Cádiz,,36.529311,-6.2946,2026-08-28
OVERPASS-0538,supervivencia,agua potable,agua potable,"agua potable (agua potable). Coordenadas aprox: 36.5297, -6.2954.",OpenStreetMap (Overpass),https://www.openstreetmap.org/?mlat=36.5297232&mlon=-6.2954422,alta,Cádiz,,36.529723,-6.295442,2026-08-28
OVERPASS-0539,supervivencia,agua potable,agua potable,"agua potable (agua potable). Coordenadas aprox: 36.5298, -6.2931.",OpenStreetMap (Overpass),https://www.openstreetmap.org/?mlat=36.5298362&mlon=-6.293145,alta,Cádiz,,36.529836,-6.293145,2026-08-28
OVERPASS-0540,supervivencia,agua potable,agua potable,"agua potable (agua potable). Coordenadas aprox: 36.5308, -6.2979.",OpenStreetMap (Overpass),https://www.openstreetmap.org/?mlat=36.5308484&mlon=-6.2978645,alta,Cádiz,,36.530848,-6.297865,2026-08-28
OVERPASS-0541,supervivencia,agua potable,agua potable,"agua potable (agua potable). Coordenadas aprox: 36.5314, -6.2926.",OpenStreetMap (Overpass),https://www.openstreetmap.org/?mlat=36.531388&mlon=-6.2926422,alta,Cádiz,,36.531388,-6.292642,2026-08-28
OVERPASS-0542,supervivencia,agua potable,agua potable,"agua potable (agua potable). Coordenadas aprox: 36.5313, -6.2952.",OpenStreetMap (Overpass),https://www.openstreetmap.org/?mlat=36.5312895&mlon=-6.2951546,alta,Cádiz,,36.531289,-6.295155,2026-08-28
OVERPASS-0543,supervivencia,agua potable,agua potable,"agua potable (agua potable). Coordenadas aprox: 36.5320, -6.2964.",OpenStreetMap (Overpass),https://www.openstreetmap.org/?mlat=36.5320495&mlon=-6.2964157,alta,Cádiz,,36.532049,-6.296416,2026-08-28
OVERPASS-0544,supervivencia,agua potable,agua potable,"agua potable (agua potable). Coordenadas aprox: 36.5309, -6.2972.",OpenStreetMap (Overpass),https://www.openstreetmap.org/?mlat=36.5309136&mlon=-6.2972391,alta,Cádiz,,36.530914,-6.297239,2026-08-28
OVERPASS-0545,supervivencia,agua potable,agua potable,"agua potable (agua potable). Coordenadas aprox: 36.5321, -6.3022.",OpenStreetMap (Overpass),https://www.openstreetmap.org/?mlat=36.5320518&mlon=-6.3022412,alta,Cádiz,,36.532052,-6.302241,2026-08-28
OVERPASS-0546,supervivencia,agua potable,agua potable,"agua potable (agua potable). Coordenadas aprox: 36.5315, -6.3052.",OpenStreetMap (Overpass),https://www.openstreetmap.org/?mlat=36.5315434&mlon=-6.3052131,alta,Cádiz,,36.531543,-6.305213,2026-08-28
OVERPASS-0547,supervivencia,agua potable,agua potable,"agua potable (agua potable). Coordenadas aprox: 36.5367, -6.2920.",OpenStreetMap (Overpass),https://www.openstreetmap.org/?mlat=36.5367192&mlon=-6.2920061,alta,Cádiz,,36.536719,-6.292006,2026-08-28
OVERPASS-0548,supervivencia,agua potable,agua potable,"agua potable (agua potable). Coordenadas aprox: 36.5333, -6.2934.",OpenStreetMap (Overpass),https://www.openstreetmap.org/?mlat=36.5332869&mlon=-6.2933959,alta,Cádiz,,36.533287,-6.293396,2026-08-28
OVERPASS-0549,supervivencia,agua potable,agua potable,"agua potable (agua potable). Coordenadas aprox: 36.5358, -6.2925.",OpenStreetMap (Overpass),https://www.openstreetmap.org/?mlat=36.5357685&mlon=-6.2925311,alta,Cádiz,,36.535769,-6.292531,2026-08-28
OVERPASS-0550,supervivencia,agua potable,agua potable,"agua potable (agua potable). Coordenadas aprox: 36.5357, -6.2939.",OpenStreetMap (Overpass),https://www.openstreetmap.org/?mlat=36.5357262&mlon=-6.2938701,alta,Cádiz,,36.535726,-6.29387,2026-08-28
OVERPASS-0551,supervivencia,agua potable,agua potable,"agua potable (agua potable). Coordenadas aprox: 36.5353, -6.2964.",OpenStreetMap (Overpass),https://www.openstreetmap.org/?mlat=36.5353106&mlon=-6.296375,alta,Cádiz,,36.535311,-6.296375,2026-08-28
OVERPASS-0552,supervivencia,agua potable,agua potable,"agua potable (agua potable). Coordenadas aprox: 36.5346, -6.2961.",OpenStreetMap (Overpass),https://www.openstreetmap.org/?mlat=36.5345712&mlon=-6.296052,alta,Cádiz,,36.534571,-6.296052,2026-08-28
OVERPASS-0553,supervivencia,agua potable,agua potable,"agua potable (agua potable). Coordenadas aprox: 36.5359, -6.3015.",OpenStreetMap (Overpass),https://www.openstreetmap.org/?mlat=36.5359089&mlon=-6.3014688,alta,Cádiz,,36.535909,-6.301469,2026-08-28
OVERPASS-0554,supervivencia,agua potable,agua potable,"agua potable (agua potable). Coordenadas aprox: 36.5344, -6.2990.",OpenStreetMap (Overpass),https://www.openstreetmap.org/?mlat=36.5344238&mlon=-6.2989679,alta,Cádiz,,36.534424,-6.298968,2026-08-28
OVERPASS-0555,supervivencia,agua potable,agua potable,"agua potable (agua potable). Coordenadas aprox: 36.5351, -6.2990.",OpenStreetMap (Overpass),https://www.openstreetmap.org/?mlat=36.5351475&mlon=-6.2989758,alta,Cádiz,,36.535148,-6.298976,2026-08-28
OVERPASS-0556,supervivencia,agua potable,agua potable,"agua potable (agua potable). Coordenadas aprox: 36.5328, -6.3066.",OpenStreetMap (Overpass),https://www.openstreetmap.org/?mlat=36.5327693&mlon=-6.3065683,alta,Cádiz,,36.532769,-6.306568,2026-08-28
OVERPASS-0557,supervivencia,agua potable,agua potable,"agua potable (agua potable). Coordenadas aprox: 36.5367, -6.3040.",OpenStreetMap (Overpass),https://www.openstreetmap.org/?mlat=36.5366611&mlon=-6.3040112,alta,Cádiz,,36.536661,-6.304011,2026-08-28
OVERPASS-0558,supervivencia,agua potable,agua potable,"agua potable (agua potable). Coordenadas aprox: 36.5354, -6.3057.",OpenStreetMap (Overpass),https://www.openstreetmap.org/?mlat=36.5354433&mlon=-6.3056605,alta,Cádiz,,36.535443,-6.305661,2026-08-28
OVERPASS-0559,supervivencia,agua potable,agua potable,"agua potable (agua potable). Coordenadas aprox: 36.5286, -6.2912.",OpenStreetMap (Overpass),https://www.openstreetmap.org/?mlat=36.5286138&mlon=-6.2911741,alta,Cádiz,,36.528614,-6.291174,2026-08-28
OVERPASS-0560,geografia,farmacia,Farmacia Central Sabinillas,"Farmacia Central Sabinillas (farmacia) en San Luis de Sabinillas. Coordenadas aprox: 36.3668, -5.2271.",OpenStreetMap (Overpass),https://www.openstreetmap.org/?mlat=36.3668414&mlon=-5.227055,alta,Cádiz,San Luis de Sabinillas,36.366841,-5.227055,2026-08-28
OVERPASS-0561,orientacion,faro,Faro Colorado,"Faro Colorado (faro). Coordenadas aprox: 36.8023, -6.3664.",OpenStreetMap (Overpass),https://www.openstreetmap.org/?mlat=36.8022871&mlon=-6.366379,alta,Cádiz,,36.802287,-6.366379,2026-08-28
OVERPASS-0562,supervivencia,agua potable,agua potable,"agua potable (agua potable). Coordenadas aprox: 36.3663, -5.2254.",OpenStreetMap (Overpass),https://www.openstreetmap.org/?mlat=36.3663415&mlon=-5.2253893,alta,Cádiz,,36.366341,-5.225389,2026-08-28
OVERPASS-0563,supervivencia,agua potable,agua potable,"agua potable (agua potable). Coordenadas aprox: 36.3638, -5.2265.",OpenStreetMap (Overpass),https://www.openstreetmap.org/?mlat=36.3638459&mlon=-5.2264965,alta,Cádiz,,36.363846,-5.226496,2026-08-28
OVERPASS-0564,supervivencia,agua potable,agua potable,"agua potable (agua potable). Coordenadas aprox: 36.3631, -5.2268.",OpenStreetMap (Overpass),https://www.openstreetmap.org/?mlat=36.3631097&mlon=-5.2267869,alta,Cádiz,,36.36311,-5.226787,2026-08-28
OVERPASS-0565,supervivencia,agua potable,agua potable,"agua potable (agua potable). Coordenadas aprox: 36.3584, -5.2292.",OpenStreetMap (Overpass),https://www.openstreetmap.org/?mlat=36.3583644&mlon=-5.2291652,alta,Cádiz,,36.358364,-5.229165,2026-08-28
OVERPASS-0566,supervivencia,agua potable,agua potable,"agua potable (agua potable). Coordenadas aprox: 36.3610, -5.2275.",OpenStreetMap (Overpass),https://www.openstreetmap.org/?mlat=36.3610449&mlon=-5.2274814,alta,Cádiz,,36.361045,-5.227481,2026-08-28
OVERPASS-0567,supervivencia,agua potable,agua potable,"agua potable (agua potable). Coordenadas aprox: 36.3512, -5.2326.",OpenStreetMap (Overpass),https://www.openstreetmap.org/?mlat=36.3511708&mlon=-5.2325788,alta,Cádiz,,36.351171,-5.232579,2026-08-28
OVERPASS-0568,supervivencia,agua potable,agua potable,"agua potable (agua potable). Coordenadas aprox: 36.3543, -5.2329.",OpenStreetMap (Overpass),https://www.openstreetmap.org/?mlat=36.3543241&mlon=-5.2328607,alta,Cádiz,,36.354324,-5.232861,2026-08-28
OVERPASS-0569,supervivencia,agua potable,agua potable,"agua potable (agua potable). Coordenadas aprox: 36.3006, -5.2703.",OpenStreetMap (Overpass),https://www.openstreetmap.org/?mlat=36.300556&mlon=-5.2702834,alta,Cádiz,,36.300556,-5.270283,2026-08-28
OVERPASS-0570,supervivencia,agua potable,agua potable,"agua potable (agua potable). Coordenadas aprox: 36.3679, -5.2245.",OpenStreetMap (Overpass),https://www.openstreetmap.org/?mlat=36.3678974&mlon=-5.2245461,alta,Cádiz,,36.367897,-5.224546,2026-08-28
OVERPASS-0571,supervivencia,agua potable,agua potable,"agua potable (agua potable). Coordenadas aprox: 36.3714, -5.2234.",OpenStreetMap (Overpass),https://www.openstreetmap.org/?mlat=36.3714381&mlon=-5.2234173,alta,Cádiz,,36.371438,-5.223417,2026-08-28
OVERPASS-0572,geografia,centro de salud,Clinica Beiman Jerez,"Clinica Beiman Jerez (centro de salud). Coordenadas aprox: 36.7153, -6.0908.",OpenStreetMap (Overpass),https://www.openstreetmap.org/?mlat=36.7153236&mlon=-6.09082,alta,Cádiz,,36.715324,-6.09082,2026-08-28
OVERPASS-0573,supervivencia,agua potable,agua potable,"agua potable (agua potable). Coordenadas aprox: 36.3653, -5.2323.",OpenStreetMap (Overpass),https://www.openstreetmap.org/?mlat=36.3653374&mlon=-5.2323166,alta,Cádiz,,36.365337,-5.232317,2026-08-28
OVERPASS-0574,supervivencia,agua potable,agua potable,"agua potable (agua potable). Coordenadas aprox: 36.4171, -6.1521.",OpenStreetMap (Overpass),https://www.openstreetmap.org/?mlat=36.4171241&mlon=-6.1521153,alta,Cádiz,,36.417124,-6.152115,2026-08-28
OVERPASS-0575,geografia,farmacia,Farmacia Lazareto,"Farmacia Lazareto (farmacia). Coordenadas aprox: 36.1872, -5.4977.",OpenStreetMap (Overpass),https://www.openstreetmap.org/?mlat=36.1871944&mlon=-5.4977439,alta,Cádiz,,36.187194,-5.497744,2026-08-28
OVERPASS-0576,geografia,playa,Baños de Baelo,"Baños de Baelo (playa). Coordenadas aprox: 36.0685, -5.7406.",OpenStreetMap (Overpass),https://www.openstreetmap.org/?mlat=36.0685481&mlon=-5.7405698,alta,Cádiz,,36.068548,-5.74057,2026-08-28
OVERPASS-0577,supervivencia,agua potable,agua potable,"agua potable (agua potable). Coordenadas aprox: 36.6713, -5.4461.",OpenStreetMap (Overpass),https://www.openstreetmap.org/?mlat=36.6713006&mlon=-5.4460788,alta,Cádiz,,36.671301,-5.446079,2026-08-28
OVERPASS-0578,supervivencia,agua potable,agua potable,"agua potable (agua potable). Coordenadas aprox: 36.8686, -6.1751.",OpenStreetMap (Overpass),https://www.openstreetmap.org/?mlat=36.8686411&mlon=-6.1751115,alta,Cádiz,,36.868641,-6.175111,2026-08-28
OVERPASS-0579,supervivencia,agua potable,agua potable,"agua potable (agua potable). Coordenadas aprox: 36.8678, -6.1798.",OpenStreetMap (Overpass),https://www.openstreetmap.org/?mlat=36.867846&mlon=-6.1797576,alta,Cádiz,,36.867846,-6.179758,2026-08-28
OVERPASS-0580,supervivencia,agua potable,agua potable,"agua potable (agua potable). Coordenadas aprox: 36.8672, -6.1804.",OpenStreetMap (Overpass),https://www.openstreetmap.org/?mlat=36.867212&mlon=-6.1803676,alta,Cádiz,,36.867212,-6.180368,2026-08-28
OVERPASS-0581,supervivencia,agua potable,agua potable,"agua potable (agua potable). Coordenadas aprox: 36.8663, -6.1816.",OpenStreetMap (Overpass),https://www.openstreetmap.org/?mlat=36.8662839&mlon=-6.181632,alta,Cádiz,,36.866284,-6.181632,2026-08-28
OVERPASS-0582,geografia,farmacia,Farmacia Ldo. Castaño Serradilla,"Farmacia Ldo. Castaño Serradilla (farmacia). Coordenadas aprox: 36.8698, -6.1727.",OpenStreetMap (Overpass),https://www.openstreetmap.org/?mlat=36.8697543&mlon=-6.1727184,alta,Cádiz,,36.869754,-6.172718,2026-08-28
OVERPASS-0583,geografia,farmacia,Farmacia y Óptica Marina,"Farmacia y Óptica Marina (farmacia). Coordenadas aprox: 36.5188, -6.2823.",OpenStreetMap (Overpass),https://www.openstreetmap.org/?mlat=36.5187917&mlon=-6.282259,alta,Cádiz,,36.518792,-6.282259,2026-08-28
OVERPASS-0584,geografia,farmacia,Farmacia Catedral,"Farmacia Catedral (farmacia). Coordenadas aprox: 36.5304, -6.2962.",OpenStreetMap (Overpass),https://www.openstreetmap.org/?mlat=36.5304179&mlon=-6.2961987,alta,Cádiz,,36.530418,-6.296199,2026-08-28
OVERPASS-0585,geografia,farmacia,Farmacia Ruiz Fernández de Mesa,"Farmacia Ruiz Fernández de Mesa (farmacia). Coordenadas aprox: 36.5202, -6.2851.",OpenStreetMap (Overpass),https://www.openstreetmap.org/?mlat=36.5201958&mlon=-6.285101,alta,Cádiz,,36.520196,-6.285101,2026-08-28
OVERPASS-0586,geografia,farmacia,Farmacia Andalucia,"Farmacia Andalucia (farmacia). Coordenadas aprox: 36.5226, -6.2864.",OpenStreetMap (Overpass),https://www.openstreetmap.org/?mlat=36.5225809&mlon=-6.2864435,alta,Cádiz,,36.522581,-6.286443,2026-08-28
OVERPASS-0587,supervivencia,agua potable,agua potable,"agua potable (agua potable). Coordenadas aprox: 36.3019, -5.2661.",OpenStreetMap (Overpass),https://www.openstreetmap.org/?mlat=36.3019104&mlon=-5.2661148,alta,Cádiz,,36.30191,-5.266115,2026-08-28
OVERPASS-0588,supervivencia,agua potable,agua potable,"agua potable (agua potable). Coordenadas aprox: 36.3190, -5.4528.",OpenStreetMap (Overpass),https://www.openstreetmap.org/?mlat=36.3190392&mlon=-5.4527543,alta,Cádiz,,36.319039,-5.452754,2026-08-28
OVERPASS-0589,supervivencia,agua potable,agua potable,"agua potable (agua potable). Coordenadas aprox: 36.3184, -5.4532.",OpenStreetMap (Overpass),https://www.openstreetmap.org/?mlat=36.3183674&mlon=-5.4532294,alta,Cádiz,,36.318367,-5.453229,2026-08-28
OVERPASS-0590,geografia,farmacia,farmacia,"farmacia (farmacia). Coordenadas aprox: 36.1936, -5.9236.",OpenStreetMap (Overpass),https://www.openstreetmap.org/?mlat=36.1935864&mlon=-5.9235777,alta,Cádiz,,36.193586,-5.923578,2026-08-28
OVERPASS-0591,geografia,farmacia,Farmacia los arbolitos,"Farmacia los arbolitos (farmacia). Coordenadas aprox: 36.9342, -5.2564.",OpenStreetMap (Overpass),https://www.openstreetmap.org/?mlat=36.9341594&mlon=-5.2564334,alta,Cádiz,,36.934159,-5.256433,2026-08-28
OVERPASS-0592,orientacion,faro,faro,"faro (faro). Coordenadas aprox: 36.2922, -5.2695.",OpenStreetMap (Overpass),https://www.openstreetmap.org/?mlat=36.2921629&mlon=-5.2694885,alta,Cádiz,,36.292163,-5.269488,2026-08-28
OVERPASS-0593,supervivencia,refugio,refugio,"refugio (refugio). Coordenadas aprox: 36.2745, -6.0911.",OpenStreetMap (Overpass),https://www.openstreetmap.org/?mlat=36.2745053&mlon=-6.0910929,alta,Cádiz,,36.274505,-6.091093,2026-08-28
OVERPASS-0594,supervivencia,refugio,refugio,"refugio (refugio). Coordenadas aprox: 36.2747, -6.0912.",OpenStreetMap (Overpass),https://www.openstreetmap.org/?mlat=36.2746504&mlon=-6.0912422,alta,Cádiz,,36.27465,-6.091242,2026-08-28
OVERPASS-0595,supervivencia,refugio,refugio,"refugio (refugio). Coordenadas aprox: 36.2749, -6.0915.",OpenStreetMap (Overpass),https://www.openstreetmap.org/?mlat=36.2749164&mlon=-6.0915042,alta,Cádiz,,36.274916,-6.091504,2026-08-28
OVERPASS-0596,supervivencia,refugio,refugio,"refugio (refugio). Coordenadas aprox: 36.2751, -6.0917.",OpenStreetMap (Overpass),https://www.openstreetmap.org/?mlat=36.275087&mlon=-6.0916737,alta,Cádiz,,36.275087,-6.091674,2026-08-28
OVERPASS-0597,geografia,centro de salud,Clínica ADI,"Clínica ADI (centro de salud) en San Fernando. Coordenadas aprox: 36.4745, -6.1951.",OpenStreetMap (Overpass),https://www.openstreetmap.org/?mlat=36.4744589&mlon=-6.1951083,alta,Cádiz,San Fernando,36.474459,-6.195108,2026-08-28
OVERPASS-0598,geografia,centro de salud,Clínica ADI,"Clínica ADI (centro de salud). Coordenadas aprox: 36.4698, -6.1942.",OpenStreetMap (Overpass),https://www.openstreetmap.org/?mlat=36.469783&mlon=-6.194209,alta,Cádiz,,36.469783,-6.194209,2026-08-28
OVERPASS-0599,supervivencia,refugio,Refugio para ganado,"Refugio para ganado (refugio). Coordenadas aprox: 36.7152, -5.3809.",OpenStreetMap (Overpass),https://www.openstreetmap.org/?mlat=36.7151519&mlon=-5.3809138,alta,Cádiz,,36.715152,-5.380914,2026-08-28
OVERPASS-0600,supervivencia,refugio,refugio,"refugio (refugio). Coordenadas aprox: 36.7136, -5.2462.",OpenStreetMap (Overpass),https://www.openstreetmap.org/?mlat=36.7136355&mlon=-5.2462106,alta,Cádiz,,36.713636,-5.246211,2026-08-28
OVERPASS-0601,supervivencia,agua potable,agua potable,"agua potable (agua potable). Coordenadas aprox: 36.4487, -5.2736.",OpenStreetMap (Overpass),https://www.openstreetmap.org/?mlat=36.4487409&mlon=-5.2736051,alta,Cádiz,,36.448741,-5.273605,2026-08-28
OVERPASS-0602,geografia,farmacia,Farmacia Pío XII,"Farmacia Pío XII (farmacia). Coordenadas aprox: 36.6835, -6.1298.",OpenStreetMap (Overpass),https://www.openstreetmap.org/?mlat=36.6834877&mlon=-6.1298029,alta,Cádiz,,36.683488,-6.129803,2026-08-28
OVERPASS-0603,geografia,farmacia,El Colorado,"El Colorado (farmacia). Coordenadas aprox: 36.3351, -6.0914.",OpenStreetMap (Overpass),https://www.openstreetmap.org/?mlat=36.3350956&mlon=-6.0914027,alta,Cádiz,,36.335096,-6.091403,2026-08-28
OVERPASS-0604,geografia,centro de salud,Clínica Médica Juan M. Armario,"Clínica Médica Juan M. Armario (centro de salud). Coordenadas aprox: 36.7506, -5.8178.",OpenStreetMap (Overpass),https://www.openstreetmap.org/?mlat=36.750581&mlon=-5.81782,alta,Cádiz,,36.750581,-5.81782,2026-08-28
OVERPASS-0605,geografia,farmacia,farmacia,"farmacia (farmacia). Coordenadas aprox: 36.5734, -5.2764.",OpenStreetMap (Overpass),https://www.openstreetmap.org/?mlat=36.5733651&mlon=-5.2763652,alta,Cádiz,,36.573365,-5.276365,2026-08-28
OVERPASS-0606,supervivencia,agua potable,agua potable,"agua potable (agua potable). Coordenadas aprox: 36.5733, -5.2754.",OpenStreetMap (Overpass),https://www.openstreetmap.org/?mlat=36.5732698&mlon=-5.2754463,alta,Cádiz,,36.57327,-5.275446,2026-08-28
OVERPASS-0607,supervivencia,agua potable,agua potable,"agua potable (agua potable). Coordenadas aprox: 36.5728, -5.2769.",OpenStreetMap (Overpass),https://www.openstreetmap.org/?mlat=36.5727649&mlon=-5.2769265,alta,Cádiz,,36.572765,-5.276927,2026-08-28
OVERPASS-0608,geografia,farmacia,Botica,"Botica (farmacia) en Villaluenga del Rosario. Coordenadas aprox: 36.6965, -5.3869.",OpenStreetMap (Overpass),https://www.openstreetmap.org/?mlat=36.6965195&mlon=-5.3869174,alta,Cádiz,Villaluenga del Rosario,36.69652,-5.386917,2026-08-28
OVERPASS-0609,supervivencia,agua potable,agua potable,"agua potable (agua potable). Coordenadas aprox: 36.6969, -5.3858.",OpenStreetMap (Overpass),https://www.openstreetmap.org/?mlat=36.6969243&mlon=-5.3858296,alta,Cádiz,,36.696924,-5.38583,2026-08-28
OVERPASS-0610,supervivencia,agua potable,agua potable,"agua potable (agua potable). Coordenadas aprox: 36.6969, -5.3848.",OpenStreetMap (Overpass),https://www.openstreetmap.org/?mlat=36.6968861&mlon=-5.3847979,alta,Cádiz,,36.696886,-5.384798,2026-08-28
OVERPASS-0611,supervivencia,agua potable,agua potable,"agua potable (agua potable). Coordenadas aprox: 36.5719, -5.2784.",OpenStreetMap (Overpass),https://www.openstreetmap.org/?mlat=36.5718915&mlon=-5.2784186,alta,Cádiz,,36.571891,-5.278419,2026-08-28
OVERPASS-0612,geografia,centro de salud,Varicentro,"Varicentro (centro de salud). Coordenadas aprox: 36.6803, -6.1291.",OpenStreetMap (Overpass),https://www.openstreetmap.org/?mlat=36.6803497&mlon=-6.129097,alta,Cádiz,,36.68035,-6.129097,2026-08-28
OVERPASS-0613,supervivencia,agua potable,agua potable,"agua potable (agua potable). Coordenadas aprox: 36.9025, -5.1708.",OpenStreetMap (Overpass),https://www.openstreetmap.org/?mlat=36.9024661&mlon=-5.1707551,alta,Cádiz,,36.902466,-5.170755,2026-08-28
OVERPASS-0614,supervivencia,agua potable,agua potable,"agua potable (agua potable). Coordenadas aprox: 36.1588, -5.3464.",OpenStreetMap (Overpass),https://www.openstreetmap.org/?mlat=36.1587673&mlon=-5.3464212,alta,Cádiz,,36.158767,-5.346421,2026-08-28
OVERPASS-0615,supervivencia,agua potable,agua potable,"agua potable (agua potable). Coordenadas aprox: 36.7578, -5.5103.",OpenStreetMap (Overpass),https://www.openstreetmap.org/?mlat=36.7577645&mlon=-5.5102941,alta,Cádiz,,36.757765,-5.510294,2026-08-28
OVERPASS-0616,geografia,farmacia,Valmar Pharmacy Europort,"Valmar Pharmacy Europort (farmacia) en Gibraltar. Coordenadas aprox: 36.1434, -5.3578.",OpenStreetMap (Overpass),https://www.openstreetmap.org/?mlat=36.1434097&mlon=-5.3577767,alta,Cádiz,Gibraltar,36.14341,-5.357777,2026-08-28
OVERPASS-0617,supervivencia,agua potable,agua potable,"agua potable (agua potable). Coordenadas aprox: 36.9887, -5.9343.",OpenStreetMap (Overpass),https://www.openstreetmap.org/?mlat=36.9886587&mlon=-5.9342838,alta,Cádiz,,36.988659,-5.934284,2026-08-28
OVERPASS-0618,supervivencia,agua potable,agua potable,"agua potable (agua potable). Coordenadas aprox: 36.4887, -6.1433.",OpenStreetMap (Overpass),https://www.openstreetmap.org/?mlat=36.4887009&mlon=-6.1433444,alta,Cádiz,,36.488701,-6.143344,2026-08-28
OVERPASS-0619,supervivencia,agua potable,agua potable,"agua potable (agua potable). Coordenadas aprox: 36.9886, -5.9342.",OpenStreetMap (Overpass),https://www.openstreetmap.org/?mlat=36.9885685&mlon=-5.9342018,alta,Cádiz,,36.988568,-5.934202,2026-08-28
OVERPASS-0620,supervivencia,agua potable,agua potable,"agua potable (agua potable). Coordenadas aprox: 36.6831, -6.0729.",OpenStreetMap (Overpass),https://www.openstreetmap.org/?mlat=36.6831422&mlon=-6.072939,alta,Cádiz,,36.683142,-6.072939,2026-08-28
OVERPASS-0621,supervivencia,agua potable,agua potable,"agua potable (agua potable). Coordenadas aprox: 36.7161, -6.0324.",OpenStreetMap (Overpass),https://www.openstreetmap.org/?mlat=36.7161219&mlon=-6.0324473,alta,Cádiz,,36.716122,-6.032447,2026-08-28
OVERPASS-0622,supervivencia,agua potable,agua potable,"agua potable (agua potable). Coordenadas aprox: 36.6828, -6.0726.",OpenStreetMap (Overpass),https://www.openstreetmap.org/?mlat=36.6828474&mlon=-6.0725821,alta,Cádiz,,36.682847,-6.072582,2026-08-28
OVERPASS-0623,geografia,farmacia,Farmacia Sabinillas,"Farmacia Sabinillas (farmacia) en Manilva. Coordenadas aprox: 36.3639, -5.2298.",OpenStreetMap (Overpass),https://www.openstreetmap.org/?mlat=36.3639174&mlon=-5.2297505,alta,Cádiz,Manilva,36.363917,-5.22975,2026-08-28
OVERPASS-0624,geografia,farmacia,Farmacia Sánchez Mejía,"Farmacia Sánchez Mejía (farmacia). Coordenadas aprox: 36.6234, -6.3630.",OpenStreetMap (Overpass),https://www.openstreetmap.org/?mlat=36.6234327&mlon=-6.3630321,alta,Cádiz,,36.623433,-6.363032,2026-08-28
OVERPASS-0625,supervivencia,agua potable,agua potable,"agua potable (agua potable). Coordenadas aprox: 36.5287, -6.3062.",OpenStreetMap (Overpass),https://www.openstreetmap.org/?mlat=36.5286542&mlon=-6.3061581,alta,Cádiz,,36.528654,-6.306158,2026-08-28
OVERPASS-0626,supervivencia,refugio,refugio,"refugio (refugio). Coordenadas aprox: 36.5304, -6.3054.",OpenStreetMap (Overpass),https://www.openstreetmap.org/?mlat=36.5304392&mlon=-6.3054351,alta,Cádiz,,36.530439,-6.305435,2026-08-28
OVERPASS-0627,geografia,farmacia,farmacia,"farmacia (farmacia). Coordenadas aprox: 36.4315, -5.1457.",OpenStreetMap (Overpass),https://www.openstreetmap.org/?mlat=36.431494&mlon=-5.1456585,alta,Cádiz,,36.431494,-5.145658,2026-08-28
OVERPASS-0628,geografia,farmacia,Farmacia Torreguadiaro,"Farmacia Torreguadiaro (farmacia). Coordenadas aprox: 36.2991, -5.2711.",OpenStreetMap (Overpass),https://www.openstreetmap.org/?mlat=36.2990951&mlon=-5.2710932,alta,Cádiz,,36.299095,-5.271093,2026-08-28
OVERPASS-0629,orientacion,faro,Faro Blanco,"Faro Blanco (faro). Coordenadas aprox: 36.6757, -6.4113.",OpenStreetMap (Overpass),https://www.openstreetmap.org/?mlat=36.6756669&mlon=-6.4112866,alta,Cádiz,,36.675667,-6.411287,2026-08-28
OVERPASS-0630,supervivencia,agua potable,agua potable,"agua potable (agua potable). Coordenadas aprox: 36.4317, -5.4508.",OpenStreetMap (Overpass),https://www.openstreetmap.org/?mlat=36.4316923&mlon=-5.4508185,alta,Cádiz,,36.431692,-5.450818,2026-08-28
OVERPASS-0631,supervivencia,agua potable,Fuente de la Puentezuela,"Fuente de la Puentezuela (agua potable). Coordenadas aprox: 36.7586, -5.3689.",OpenStreetMap (Overpass),https://www.openstreetmap.org/?mlat=36.7586058&mlon=-5.3689406,alta,Cádiz,,36.758606,-5.368941,2026-08-28
OVERPASS-0632,geografia,farmacia,Jaime Rodrígez Soto,"Jaime Rodrígez Soto (farmacia). Coordenadas aprox: 36.5286, -6.2924.",OpenStreetMap (Overpass),https://www.openstreetmap.org/?mlat=36.5285913&mlon=-6.2924321,alta,Cádiz,,36.528591,-6.292432,2026-08-28
OVERPASS-0633,geografia,farmacia,MORILLO MATÍNEZ DE CÁDIZ C.B,"MORILLO MATÍNEZ DE CÁDIZ C.B (farmacia). Coordenadas aprox: 36.5319, -6.2950.",OpenStreetMap (Overpass),https://www.openstreetmap.org/?mlat=36.5319043&mlon=-6.2949799,alta,Cádiz,,36.531904,-6.29498,2026-08-28
OVERPASS-0634,supervivencia,agua potable,agua potable,"agua potable (agua potable). Coordenadas aprox: 36.6414, -5.2446.",OpenStreetMap (Overpass),https://www.openstreetmap.org/?mlat=36.6413898&mlon=-5.2445837,alta,Cádiz,,36.64139,-5.244584,2026-08-28
OVERPASS-0635,supervivencia,agua potable,agua potable,"agua potable (agua potable). Coordenadas aprox: 36.2773, -5.4291.",OpenStreetMap (Overpass),https://www.openstreetmap.org/?mlat=36.2773139&mlon=-5.4291331,alta,Cádiz,,36.277314,-5.429133,2026-08-28
OVERPASS-0636,supervivencia,agua potable,agua potable,"agua potable (agua potable). Coordenadas aprox: 36.1368, -5.8465.",OpenStreetMap (Overpass),https://www.openstreetmap.org/?mlat=36.1368386&mlon=-5.8465347,alta,Cádiz,,36.136839,-5.846535,2026-08-28
OVERPASS-0637,supervivencia,agua potable,agua potable,"agua potable (agua potable). Coordenadas aprox: 36.5317, -6.3058.",OpenStreetMap (Overpass),https://www.openstreetmap.org/?mlat=36.5316613&mlon=-6.3058242,alta,Cádiz,,36.531661,-6.305824,2026-08-28
OVERPASS-0638,supervivencia,agua potable,agua potable,"agua potable (agua potable). Coordenadas aprox: 36.6266, -6.3767.",OpenStreetMap (Overpass),https://www.openstreetmap.org/?mlat=36.6265764&mlon=-6.3766841,alta,Cádiz,,36.626576,-6.376684,2026-08-28
OVERPASS-0639,supervivencia,agua potable,agua potable,"agua potable (agua potable). Coordenadas aprox: 36.7426, -5.1613.",OpenStreetMap (Overpass),https://www.openstreetmap.org/?mlat=36.7425831&mlon=-5.161276,alta,Cádiz,,36.742583,-5.161276,2026-08-28
OVERPASS-0640,supervivencia,agua potable,agua potable,"agua potable (agua potable). Coordenadas aprox: 36.6907, -6.1323.",OpenStreetMap (Overpass),https://www.openstreetmap.org/?mlat=36.6907092&mlon=-6.132255,alta,Cádiz,,36.690709,-6.132255,2026-08-28
OVERPASS-0641,geografia,farmacia,Farmacia Manuel Jiménez Conde,"Farmacia Manuel Jiménez Conde (farmacia) en Arriate. Coordenadas aprox: 36.7962, -5.1401.",OpenStreetMap (Overpass),https://www.openstreetmap.org/?mlat=36.7961979&mlon=-5.1401191,alta,Cádiz,Arriate,36.796198,-5.140119,2026-08-28
OVERPASS-0642,geografia,farmacia,Farmacia Alonso Villaro Margarita,"Farmacia Alonso Villaro Margarita (farmacia). Coordenadas aprox: 36.6254, -6.3595.",OpenStreetMap (Overpass),https://www.openstreetmap.org/?mlat=36.6253691&mlon=-6.3595384,alta,Cádiz,,36.625369,-6.359538,2026-08-28
OVERPASS-0643,geografia,centro de salud,Olvemedic,"Olvemedic (centro de salud). Coordenadas aprox: 36.9335, -5.2491.",OpenStreetMap (Overpass),https://www.openstreetmap.org/?mlat=36.9335154&mlon=-5.2491308,alta,Cádiz,,36.933515,-5.249131,2026-08-28
OVERPASS-0644,supervivencia,agua potable,agua potable,"agua potable (agua potable). Coordenadas aprox: 36.7374, -5.1655.",OpenStreetMap (Overpass),https://www.openstreetmap.org/?mlat=36.7373569&mlon=-5.1655453,alta,Cádiz,,36.737357,-5.165545,2026-08-28
OVERPASS-0645,supervivencia,agua potable,agua potable,"agua potable (agua potable). Coordenadas aprox: 36.7346, -5.1647.",OpenStreetMap (Overpass),https://www.openstreetmap.org/?mlat=36.7345773&mlon=-5.1646728,alta,Cádiz,,36.734577,-5.164673,2026-08-28
OVERPASS-0646,geografia,farmacia,Farmacia La Coronación,"Farmacia La Coronación (farmacia) en Jerez de la frontera. Coordenadas aprox: 36.6957, -6.1472.",OpenStreetMap (Overpass),https://www.openstreetmap.org/?mlat=36.695668&mlon=-6.1471898,alta,Cádiz,Jerez de la frontera,36.695668,-6.14719,2026-08-28
OVERPASS-0647,supervivencia,agua potable,agua potable,"agua potable (agua potable). Coordenadas aprox: 36.6073, -5.2696.",OpenStreetMap (Overpass),https://www.openstreetmap.org/?mlat=36.6073264&mlon=-5.2696136,alta,Cádiz,,36.607326,-5.269614,2026-08-28
OVERPASS-0648,supervivencia,agua potable,Pilar de Cartajima,"Pilar de Cartajima (agua potable). Coordenadas aprox: 36.7102, -5.1679.",OpenStreetMap (Overpass),https://www.openstreetmap.org/?mlat=36.7101923&mlon=-5.16792,alta,Cádiz,,36.710192,-5.16792,2026-08-28
OVERPASS-0649,geografia,farmacia,farmacia,"farmacia (farmacia). Coordenadas aprox: 36.6991, -5.4211.",OpenStreetMap (Overpass),https://www.openstreetmap.org/?mlat=36.6991107&mlon=-5.4211182,alta,Cádiz,,36.699111,-5.421118,2026-08-28
OVERPASS-0650,supervivencia,agua potable,agua potable,"agua potable (agua potable). Coordenadas aprox: 36.3147, -6.1501.",OpenStreetMap (Overpass),https://www.openstreetmap.org/?mlat=36.3147324&mlon=-6.1500974,alta,Cádiz,,36.314732,-6.150097,2026-08-28
OVERPASS-0651,supervivencia,agua potable,agua potable,"agua potable (agua potable). Coordenadas aprox: 36.5062, -6.2686.",OpenStreetMap (Overpass),https://www.openstreetmap.org/?mlat=36.5061644&mlon=-6.2685955,alta,Cádiz,,36.506164,-6.268595,2026-08-28
OVERPASS-0652,supervivencia,agua potable,agua potable,"agua potable (agua potable). Coordenadas aprox: 36.5265, -6.2885.",OpenStreetMap (Overpass),https://www.openstreetmap.org/?mlat=36.5264756&mlon=-6.2885059,alta,Cádiz,,36.526476,-6.288506,2026-08-28
OVERPASS-0653,geografia,farmacia,Farmacia In-Playa C.B.,"Farmacia In-Playa C.B. (farmacia). Coordenadas aprox: 36.4982, -6.2728.",OpenStreetMap (Overpass),https://www.openstreetmap.org/?mlat=36.498193&mlon=-6.27282,alta,Cádiz,,36.498193,-6.27282,2026-08-28
OVERPASS-0654,supervivencia,agua potable,agua potable,"agua potable (agua potable). Coordenadas aprox: 36.4658, -6.2018.",OpenStreetMap (Overpass),https://www.openstreetmap.org/?mlat=36.4657529&mlon=-6.2018242,alta,Cádiz,,36.465753,-6.201824,2026-08-28
OVERPASS-0655,geografia,farmacia,Farmacia ag avecilla-gallo,"Farmacia ag avecilla-gallo (farmacia) en San Fernando. Coordenadas aprox: 36.4580, -6.1989.",OpenStreetMap (Overpass),https://www.openstreetmap.org/?mlat=36.458032&mlon=-6.1989054,alta,Cádiz,San Fernando,36.458032,-6.198905,2026-08-28
OVERPASS-0656,geografia,farmacia,Farmacia Camposoto,"Farmacia Camposoto (farmacia). Coordenadas aprox: 36.4511, -6.2124.",OpenStreetMap (Overpass),https://www.openstreetmap.org/?mlat=36.451079&mlon=-6.212416,alta,Cádiz,,36.451079,-6.212416,2026-08-28
OVERPASS-0657,geografia,farmacia,Farmacia García Lora,"Farmacia García Lora (farmacia). Coordenadas aprox: 36.9036, -5.1710.",OpenStreetMap (Overpass),https://www.openstreetmap.org/?mlat=36.9036205&mlon=-5.170974,alta,Cádiz,,36.903621,-5.170974,2026-08-28
OVERPASS-0658,geografia,farmacia,Farmacia Sánchez Jiménez,"Farmacia Sánchez Jiménez (farmacia). Coordenadas aprox: 36.9065, -5.1745.",OpenStreetMap (Overpass),https://www.openstreetmap.org/?mlat=36.9064961&mlon=-5.1744901,alta,Cádiz,,36.906496,-5.17449,2026-08-28
OVERPASS-0659,supervivencia,agua potable,agua potable,"agua potable (agua potable). Coordenadas aprox: 36.4315, -6.1352.",OpenStreetMap (Overpass),https://www.openstreetmap.org/?mlat=36.4315434&mlon=-6.1352005,alta,Cádiz,,36.431543,-6.1352,2026-08-28
OVERPASS-0660,supervivencia,agua potable,agua potable,"agua potable (agua potable). Coordenadas aprox: 36.4219, -6.1246.",OpenStreetMap (Overpass),https://www.openstreetmap.org/?mlat=36.4218792&mlon=-6.1246286,alta,Cádiz,,36.421879,-6.124629,2026-08-28
OVERPASS-0661,geografia,farmacia,Farmacia El puente 24h,"Farmacia El puente 24h (farmacia). Coordenadas aprox: 36.5201, -6.2761.",OpenStreetMap (Overpass),https://www.openstreetmap.org/?mlat=36.5201393&mlon=-6.2761143,alta,Cádiz,,36.520139,-6.276114,2026-08-28
OVERPASS-0662,geografia,farmacia,Farmacia Mendoza,"Farmacia Mendoza (farmacia) en San Fernando. Coordenadas aprox: 36.4596, -6.2016.",OpenStreetMap (Overpass),https://www.openstreetmap.org/?mlat=36.4595969&mlon=-6.2015784,alta,Cádiz,San Fernando,36.459597,-6.201578,2026-08-28
OVERPASS-0663,geografia,farmacia,Farmacia Tapia,"Farmacia Tapia (farmacia). Coordenadas aprox: 36.4544, -6.2054.",OpenStreetMap (Overpass),https://www.openstreetmap.org/?mlat=36.4544236&mlon=-6.2053569,alta,Cádiz,,36.454424,-6.205357,2026-08-28
OVERPASS-0664,supervivencia,agua potable,agua potable,"agua potable (agua potable). Coordenadas aprox: 36.1502, -5.7073.",OpenStreetMap (Overpass),https://www.openstreetmap.org/?mlat=36.1502045&mlon=-5.707332,alta,Cádiz,,36.150205,-5.707332,2026-08-28
OVERPASS-0665,geografia,centro de salud,The Chiropractic and Laser Clinic,"The Chiropractic and Laser Clinic (centro de salud). Coordenadas aprox: 36.1442, -5.3536.",OpenStreetMap (Overpass),https://www.openstreetmap.org/?mlat=36.1442342&mlon=-5.3535718,alta,Cádiz,,36.144234,-5.353572,2026-08-28
OVERPASS-0666,supervivencia,agua potable,agua potable,"agua potable (agua potable). Coordenadas aprox: 36.4670, -6.2068.",OpenStreetMap (Overpass),https://www.openstreetmap.org/?mlat=36.4670478&mlon=-6.2067766,alta,Cádiz,,36.467048,-6.206777,2026-08-28
OVERPASS-0667,geografia,playa,Playa de Mari Sucia,"Playa de Mari Sucia (playa). Coordenadas aprox: 36.1837, -6.0304.",OpenStreetMap (Overpass),https://www.openstreetmap.org/?mlat=36.1836659&mlon=-6.0304163,alta,Cádiz,,36.183666,-6.030416,2026-08-28
OVERPASS-0668,geografia,playa,Playa de Guadalupe,"Playa de Guadalupe (playa). Coordenadas aprox: 36.1849, -6.0090.",OpenStreetMap (Overpass),https://www.openstreetmap.org/?mlat=36.1849309&mlon=-6.0090471,alta,Cádiz,,36.184931,-6.009047,2026-08-28
OVERPASS-0669,supervivencia,agua potable,agua potable,"agua potable (agua potable). Coordenadas aprox: 36.4622, -6.1955.",OpenStreetMap (Overpass),https://www.openstreetmap.org/?mlat=36.4621613&mlon=-6.1954864,alta,Cádiz,,36.462161,-6.195486,2026-08-28
OVERPASS-0670,geografia,farmacia,farmacia,"farmacia (farmacia). Coordenadas aprox: 36.7815, -6.3540.",OpenStreetMap (Overpass),https://www.openstreetmap.org/?mlat=36.7815435&mlon=-6.3540404,alta,Cádiz,,36.781543,-6.35404,2026-08-28
OVERPASS-0671,supervivencia,agua potable,agua potable,"agua potable (agua potable). Coordenadas aprox: 36.4727, -6.2096.",OpenStreetMap (Overpass),https://www.openstreetmap.org/?mlat=36.4727241&mlon=-6.2096305,alta,Cádiz,,36.472724,-6.209631,2026-08-28
OVERPASS-0672,geografia,farmacia,Ocean Pharmacy,"Ocean Pharmacy (farmacia) en Gibraltar. Coordenadas aprox: 36.1461, -5.3542.",OpenStreetMap (Overpass),https://www.openstreetmap.org/?mlat=36.1460967&mlon=-5.3542091,alta,Cádiz,Gibraltar,36.146097,-5.354209,2026-08-28
OVERPASS-0673,geografia,farmacia,Trafalgar Pharmacy (Europort),"Trafalgar Pharmacy (Europort) (farmacia). Coordenadas aprox: 36.1424, -5.3581.",OpenStreetMap (Overpass),https://www.openstreetmap.org/?mlat=36.1424013&mlon=-5.3580741,alta,Cádiz,,36.142401,-5.358074,2026-08-28
OVERPASS-0674,geografia,farmacia,Morrisons Pharmacy,"Morrisons Pharmacy (farmacia). Coordenadas aprox: 36.1444, -5.3602.",OpenStreetMap (Overpass),https://www.openstreetmap.org/?mlat=36.1443956&mlon=-5.3602119,alta,Cádiz,,36.144396,-5.360212,2026-08-28
OVERPASS-0675,geografia,farmacia,Waterport Pharmacy,"Waterport Pharmacy (farmacia). Coordenadas aprox: 36.1480, -5.3586.",OpenStreetMap (Overpass),https://www.openstreetmap.org/?mlat=36.1480412&mlon=-5.3585538,alta,Cádiz,,36.148041,-5.358554,2026-08-28
OVERPASS-0676,geografia,farmacia,Crown Pharmacy,"Crown Pharmacy (farmacia). Coordenadas aprox: 36.1445, -5.3527.",OpenStreetMap (Overpass),https://www.openstreetmap.org/?mlat=36.1445255&mlon=-5.3527329,alta,Cádiz,,36.144526,-5.352733,2026-08-28
OVERPASS-0677,geografia,farmacia,Calpe Pharmacy,"Calpe Pharmacy (farmacia). Coordenadas aprox: 36.1444, -5.3533.",OpenStreetMap (Overpass),https://www.openstreetmap.org/?mlat=36.1444301&mlon=-5.3532616,alta,Cádiz,,36.14443,-5.353262,2026-08-28
OVERPASS-0678,geografia,farmacia,Valmar Pharmacy,"Valmar Pharmacy (farmacia). Coordenadas aprox: 36.1440, -5.3529.",OpenStreetMap (Overpass),https://www.openstreetmap.org/?mlat=36.1440026&mlon=-5.3529355,alta,Cádiz,,36.144003,-5.352936,2026-08-28
OVERPASS-0679,geografia,farmacia,Omega Pharmacy,"Omega Pharmacy (farmacia). Coordenadas aprox: 36.1438, -5.3537.",OpenStreetMap (Overpass),https://www.openstreetmap.org/?mlat=36.143775&mlon=-5.3537025,alta,Cádiz,,36.143775,-5.353702,2026-08-28
OVERPASS-0680,geografia,farmacia,New Chemist,"New Chemist (farmacia). Coordenadas aprox: 36.1438, -5.3531.",OpenStreetMap (Overpass),https://www.openstreetmap.org/?mlat=36.143788&mlon=-5.3530704,alta,Cádiz,,36.143788,-5.35307,2026-08-28
OVERPASS-0681,geografia,farmacia,Calpe Pharmacy,"Calpe Pharmacy (farmacia). Coordenadas aprox: 36.1425, -5.3531.",OpenStreetMap (Overpass),https://www.openstreetmap.org/?mlat=36.1425021&mlon=-5.3531207,alta,Cádiz,,36.142502,-5.353121,2026-08-28
OVERPASS-0682,geografia,farmacia,Bell Lane,"Bell Lane (farmacia). Coordenadas aprox: 36.1417, -5.3526.",OpenStreetMap (Overpass),https://www.openstreetmap.org/?mlat=36.1417429&mlon=-5.3526013,alta,Cádiz,,36.141743,-5.352601,2026-08-28
OVERPASS-0683,geografia,farmacia,Family Pharmacy,"Family Pharmacy (farmacia). Coordenadas aprox: 36.1414, -5.3534.",OpenStreetMap (Overpass),https://www.openstreetmap.org/?mlat=36.1414276&mlon=-5.3533719,alta,Cádiz,,36.141428,-5.353372,2026-08-28
OVERPASS-0684,geografia,farmacia,Mill Pharmacy,"Mill Pharmacy (farmacia). Coordenadas aprox: 36.1407, -5.3529.",OpenStreetMap (Overpass),https://www.openstreetmap.org/?mlat=36.140664&mlon=-5.3528553,alta,Cádiz,,36.140664,-5.352855,2026-08-28
OVERPASS-0685,geografia,farmacia,Duty Chemist,"Duty Chemist (farmacia). Coordenadas aprox: 36.1391, -5.3537.",OpenStreetMap (Overpass),https://www.openstreetmap.org/?mlat=36.13913&mlon=-5.353729,alta,Cádiz,,36.13913,-5.353729,2026-08-28
OVERPASS-0686,geografia,farmacia,Wesley Pharmacy,"Wesley Pharmacy (farmacia). Coordenadas aprox: 36.1366, -5.3530.",OpenStreetMap (Overpass),https://www.openstreetmap.org/?mlat=36.1365906&mlon=-5.3530154,alta,Cádiz,,36.136591,-5.353015,2026-08-28
OVERPASS-0687,geografia,farmacia,Cumberland Pharmacy,"Cumberland Pharmacy (farmacia). Coordenadas aprox: 36.1256, -5.3529.",OpenStreetMap (Overpass),https://www.openstreetmap.org/?mlat=36.1255892&mlon=-5.3528683,alta,Cádiz,,36.125589,-5.352868,2026-08-28
OVERPASS-0688,geografia,farmacia,Eroski Pharmacy,"Eroski Pharmacy (farmacia). Coordenadas aprox: 36.1528, -5.3493.",OpenStreetMap (Overpass),https://www.openstreetmap.org/?mlat=36.1527885&mlon=-5.3493495,alta,Cádiz,,36.152788,-5.349349,2026-08-28
OVERPASS-0689,geografia,farmacia,Trafalgar Pharmacy,"Trafalgar Pharmacy (farmacia). Coordenadas aprox: 36.1432, -5.3533.",OpenStreetMap (Overpass),https://www.openstreetmap.org/?mlat=36.1432435&mlon=-5.3532901,alta,Cádiz,,36.143243,-5.35329,2026-08-28
OVERPASS-0690,geografia,farmacia,Farmacia Sara Gutiérrez Alba,"Farmacia Sara Gutiérrez Alba (farmacia). Coordenadas aprox: 36.7408, -6.4288.",OpenStreetMap (Overpass),https://www.openstreetmap.org/?mlat=36.7407649&mlon=-6.4287843,alta,Cádiz,,36.740765,-6.428784,2026-08-28
OVERPASS-0691,supervivencia,agua potable,agua potable,"agua potable (agua potable). Coordenadas aprox: 36.5220, -6.2750.",OpenStreetMap (Overpass),https://www.openstreetmap.org/?mlat=36.5219578&mlon=-6.2750245,alta,Cádiz,,36.521958,-6.275024,2026-08-28
OVERPASS-0692,geografia,farmacia,Farmacia Pocito Blanco,"Farmacia Pocito Blanco (farmacia). Coordenadas aprox: 36.2859, -6.0800.",OpenStreetMap (Overpass),https://www.openstreetmap.org/?mlat=36.2858633&mlon=-6.0799859,alta,Cádiz,,36.285863,-6.079986,2026-08-28
OVERPASS-0693,supervivencia,agua potable,agua potable,"agua potable (agua potable). Coordenadas aprox: 36.4103, -6.1357.",OpenStreetMap (Overpass),https://www.openstreetmap.org/?mlat=36.4102945&mlon=-6.1356814,alta,Cádiz,,36.410294,-6.135681,2026-08-28
OVERPASS-0694,supervivencia,agua potable,agua potable,"agua potable (agua potable). Coordenadas aprox: 36.1351, -5.4440.",OpenStreetMap (Overpass),https://www.openstreetmap.org/?mlat=36.1351061&mlon=-5.4439584,alta,Cádiz,,36.135106,-5.443958,2026-08-28
OVERPASS-0695,geografia,hospital,Hospital Doctor López Cano,"Hospital Doctor López Cano (hospital). Coordenadas aprox: 36.5020, -6.2735.",OpenStreetMap (Overpass),https://www.openstreetmap.org/?mlat=36.5019728&mlon=-6.2734749,alta,Cádiz,,36.501973,-6.273475,2026-08-28
OVERPASS-0696,geografia,centro de salud,Centro Médico Doctor Lobatón,"Centro Médico Doctor Lobatón (centro de salud). Coordenadas aprox: 36.5202, -6.2862.",OpenStreetMap (Overpass),https://www.openstreetmap.org/?mlat=36.5202127&mlon=-6.2862459,alta,Cádiz,,36.520213,-6.286246,2026-08-28
OVERPASS-0697,geografia,farmacia,Farmacia FarmaGB,"Farmacia FarmaGB (farmacia). Coordenadas aprox: 36.5778, -6.2254.",OpenStreetMap (Overpass),https://www.openstreetmap.org/?mlat=36.5777856&mlon=-6.2254167,alta,Cádiz,,36.577786,-6.225417,2026-08-28
OVERPASS-0698,supervivencia,agua potable,agua potable,"agua potable (agua potable). Coordenadas aprox: 36.2977, -5.2711.",OpenStreetMap (Overpass),https://www.openstreetmap.org/?mlat=36.2977037&mlon=-5.2710993,alta,Cádiz,,36.297704,-5.271099,2026-08-28
OVERPASS-0699,supervivencia,agua potable,agua potable,"agua potable (agua potable). Coordenadas aprox: 36.4442, -5.2692.",OpenStreetMap (Overpass),https://www.openstreetmap.org/?mlat=36.4441535&mlon=-5.2691658,alta,Cádiz,,36.444153,-5.269166,2026-08-28
OVERPASS-0700,supervivencia,agua potable,agua potable,"agua potable (agua potable). Coordenadas aprox: 36.3393, -5.3207.",OpenStreetMap (Overpass),https://www.openstreetmap.org/?mlat=36.3393291&mlon=-5.3207121,alta,Cádiz,,36.339329,-5.320712,2026-08-28
OVERPASS-0701,supervivencia,agua potable,agua potable,"agua potable (agua potable). Coordenadas aprox: 36.7033, -5.4243.",OpenStreetMap (Overpass),https://www.openstreetmap.org/?mlat=36.7033316&mlon=-5.4242778,alta,Cádiz,,36.703332,-5.424278,2026-08-28
OVERPASS-0702,supervivencia,agua potable,agua potable,"agua potable (agua potable). Coordenadas aprox: 36.7024, -5.4221.",OpenStreetMap (Overpass),https://www.openstreetmap.org/?mlat=36.7024378&mlon=-5.4221391,alta,Cádiz,,36.702438,-5.422139,2026-08-28
OVERPASS-0703,geografia,farmacia,Farmacia Fami Bernal,"Farmacia Fami Bernal (farmacia). Coordenadas aprox: 36.5710, -6.2236.",OpenStreetMap (Overpass),https://www.openstreetmap.org/?mlat=36.5709646&mlon=-6.2235889,alta,Cádiz,,36.570965,-6.223589,2026-08-28
OVERPASS-0704,geografia,farmacia,farmacia,"farmacia (farmacia). Coordenadas aprox: 36.1867, -5.4379.",OpenStreetMap (Overpass),https://www.openstreetmap.org/?mlat=36.1867259&mlon=-5.4378943,alta,Cádiz,,36.186726,-5.437894,2026-08-28
OVERPASS-0705,geografia,farmacia,Farmacia Félix Suárez Bárcena,"Farmacia Félix Suárez Bárcena (farmacia). Coordenadas aprox: 36.1757, -5.4372.",OpenStreetMap (Overpass),https://www.openstreetmap.org/?mlat=36.1756907&mlon=-5.4372151,alta,Cádiz,,36.175691,-5.437215,2026-08-28
OVERPASS-0706,geografia,farmacia,Farmacia la Mandrágora,"Farmacia la Mandrágora (farmacia). Coordenadas aprox: 36.7812, -6.3603.",OpenStreetMap (Overpass),https://www.openstreetmap.org/?mlat=36.7811945&mlon=-6.3602715,alta,Cádiz,,36.781194,-6.360271,2026-08-28
OVERPASS-0707,geografia,centro de salud,Centro de Salud Sanlúcar Barrio Bajo,"Centro de Salud Sanlúcar Barrio Bajo (centro de salud). Coordenadas aprox: 36.7810, -6.3559.",OpenStreetMap (Overpass),https://www.openstreetmap.org/?mlat=36.7809883&mlon=-6.3558836,alta,Cádiz,,36.780988,-6.355884,2026-08-28
OVERPASS-0708,geografia,farmacia,Farmacia López Hurtado,"Farmacia López Hurtado (farmacia). Coordenadas aprox: 36.7716, -6.3494.",OpenStreetMap (Overpass),https://www.openstreetmap.org/?mlat=36.7715953&mlon=-6.3493745,alta,Cádiz,,36.771595,-6.349374,2026-08-28
OVERPASS-0709,geografia,farmacia,farmacia,"farmacia (farmacia). Coordenadas aprox: 36.7855, -6.3438.",OpenStreetMap (Overpass),https://www.openstreetmap.org/?mlat=36.7854731&mlon=-6.343837,alta,Cádiz,,36.785473,-6.343837,2026-08-28
OVERPASS-0710,geografia,farmacia,Farmacia Rodríguez Peñalver,"Farmacia Rodríguez Peñalver (farmacia). Coordenadas aprox: 36.7867, -6.3521.",OpenStreetMap (Overpass),https://www.openstreetmap.org/?mlat=36.7867138&mlon=-6.3521495,alta,Cádiz,,36.786714,-6.35215,2026-08-28
OVERPASS-0711,geografia,farmacia,Farmacia Almagro,"Farmacia Almagro (farmacia). Coordenadas aprox: 36.1287, -5.4465.",OpenStreetMap (Overpass),https://www.openstreetmap.org/?mlat=36.1287315&mlon=-5.4465455,alta,Cádiz,,36.128732,-5.446546,2026-08-28
OVERPASS-0712,geografia,farmacia,Farmacia Alcalá,"Farmacia Alcalá (farmacia). Coordenadas aprox: 36.1287, -5.4452.",OpenStreetMap (Overpass),https://www.openstreetmap.org/?mlat=36.1287453&mlon=-5.4452429,alta,Cádiz,,36.128745,-5.445243,2026-08-28
OVERPASS-0713,supervivencia,agua potable,agua potable,"agua potable (agua potable). Coordenadas aprox: 36.1356, -5.8476.",OpenStreetMap (Overpass),https://www.openstreetmap.org/?mlat=36.1355858&mlon=-5.8476244,alta,Cádiz,,36.135586,-5.847624,2026-08-28
OVERPASS-0714,geografia,farmacia,Farmacia Malfaz,"Farmacia Malfaz (farmacia). Coordenadas aprox: 36.1927, -5.9170.",OpenStreetMap (Overpass),https://www.openstreetmap.org/?mlat=36.192696&mlon=-5.9170022,alta,Cádiz,,36.192696,-5.917002,2026-08-28
OVERPASS-0715,geografia,centro de salud,Centro Médico El Carmen,"Centro Médico El Carmen (centro de salud). Coordenadas aprox: 36.1951, -5.9187.",OpenStreetMap (Overpass),https://www.openstreetmap.org/?mlat=36.1951431&mlon=-5.9187465,alta,Cádiz,,36.195143,-5.918747,2026-08-28
OVERPASS-0716,geografia,centro de salud,BBT Clinic,"BBT Clinic (centro de salud). Coordenadas aprox: 36.1883, -5.9248.",OpenStreetMap (Overpass),https://www.openstreetmap.org/?mlat=36.1882859&mlon=-5.9248333,alta,Cádiz,,36.188286,-5.924833,2026-08-28
OVERPASS-0717,geografia,farmacia,Farmacia Mar 119,"Farmacia Mar 119 (farmacia). Coordenadas aprox: 36.1882, -5.9230.",OpenStreetMap (Overpass),https://www.openstreetmap.org/?mlat=36.1881551&mlon=-5.9229894,alta,Cádiz,,36.188155,-5.922989,2026-08-28
OVERPASS-0718,supervivencia,agua potable,agua potable,"agua potable (agua potable). Coordenadas aprox: 36.7792, -6.3559.",OpenStreetMap (Overpass),https://www.openstreetmap.org/?mlat=36.7792093&mlon=-6.3559203,alta,Cádiz,,36.779209,-6.35592,2026-08-28
OVERPASS-0719,geografia,farmacia,farmacia,"farmacia (farmacia). Coordenadas aprox: 36.7774, -6.3540.",OpenStreetMap (Overpass),https://www.openstreetmap.org/?mlat=36.7774255&mlon=-6.3539771,alta,Cádiz,,36.777425,-6.353977,2026-08-28
OVERPASS-0720,geografia,farmacia,Farmacia Capuchinos,"Farmacia Capuchinos (farmacia) en Sanlúcar de Barrameda. Coordenadas aprox: 36.7757, -6.3612.",OpenStreetMap (Overpass),https://www.openstreetmap.org/?mlat=36.7756953&mlon=-6.3612068,alta,Cádiz,Sanlúcar de Barrameda,36.775695,-6.361207,2026-08-28
OVERPASS-0721,geografia,farmacia,farmacia,"farmacia (farmacia) en San Fernando. Coordenadas aprox: 36.4581, -6.2033.",OpenStreetMap (Overpass),https://www.openstreetmap.org/?mlat=36.4581371&mlon=-6.203296,alta,Cádiz,San Fernando,36.458137,-6.203296,2026-08-28
OVERPASS-0722,geografia,farmacia,farmacia,"farmacia (farmacia) en San Fernando. Coordenadas aprox: 36.4566, -6.2075.",OpenStreetMap (Overpass),https://www.openstreetmap.org/?mlat=36.4565997&mlon=-6.207482,alta,Cádiz,San Fernando,36.4566,-6.207482,2026-08-28
OVERPASS-0723,geografia,farmacia,Nuestra Señora de la Oliva,"Nuestra Señora de la Oliva (farmacia) en San Fernando. Coordenadas aprox: 36.4666, -6.1949.",OpenStreetMap (Overpass),https://www.openstreetmap.org/?mlat=36.4666126&mlon=-6.1948754,alta,Cádiz,San Fernando,36.466613,-6.194875,2026-08-28
OVERPASS-0724,geografia,farmacia,San Mateo,"San Mateo (farmacia) en Cádiz. Coordenadas aprox: 36.5116, -6.2739.",OpenStreetMap (Overpass),https://www.openstreetmap.org/?mlat=36.5115865&mlon=-6.2739378,alta,Cádiz,Cádiz,36.511586,-6.273938,2026-08-28
OVERPASS-0725,geografia,farmacia,farmacia,"farmacia (farmacia) en Jerez de la Frontera. Coordenadas aprox: 36.6953, -6.1442.",OpenStreetMap (Overpass),https://www.openstreetmap.org/?mlat=36.695251&mlon=-6.1441595,alta,Cádiz,Jerez de la Frontera,36.695251,-6.144159,2026-08-28
OVERPASS-0726,geografia,farmacia,farmacia,"farmacia (farmacia) en Jerez de la frontera. Coordenadas aprox: 36.6940, -6.1468.",OpenStreetMap (Overpass),https://www.openstreetmap.org/?mlat=36.6939958&mlon=-6.1468134,alta,Cádiz,Jerez de la frontera,36.693996,-6.146813,2026-08-28
OVERPASS-0727,supervivencia,agua potable,agua potable,"agua potable (agua potable). Coordenadas aprox: 36.1452, -5.3530.",OpenStreetMap (Overpass),https://www.openstreetmap.org/?mlat=36.1451532&mlon=-5.3530256,alta,Cádiz,,36.145153,-5.353026,2026-08-28
OVERPASS-0728,geografia,farmacia,Farmacia Cascajo López Asunción y Pablo,"Farmacia Cascajo López Asunción y Pablo (farmacia). Coordenadas aprox: 36.6191, -6.3593.",OpenStreetMap (Overpass),https://www.openstreetmap.org/?mlat=36.6191244&mlon=-6.3592693,alta,Cádiz,,36.619124,-6.359269,2026-08-28
OVERPASS-0729,geografia,farmacia,Farmacia Piné y Vázquez,"Farmacia Piné y Vázquez (farmacia) en Algeciras. Coordenadas aprox: 36.1336, -5.4557.",OpenStreetMap (Overpass),https://www.openstreetmap.org/?mlat=36.1336253&mlon=-5.4556795,alta,Cádiz,Algeciras,36.133625,-5.455679,2026-08-28
OVERPASS-0730,supervivencia,agua potable,agua potable,"agua potable (agua potable). Coordenadas aprox: 36.2158, -5.3878.",OpenStreetMap (Overpass),https://www.openstreetmap.org/?mlat=36.2157771&mlon=-5.3878483,alta,Cádiz,,36.215777,-5.387848,2026-08-28
OVERPASS-0731,supervivencia,agua potable,agua potable,"agua potable (agua potable). Coordenadas aprox: 36.4645, -5.1167.",OpenStreetMap (Overpass),https://www.openstreetmap.org/?mlat=36.4644775&mlon=-5.1167088,alta,Cádiz,,36.464478,-5.116709,2026-08-28
OVERPASS-0732,geografia,farmacia,Farmacia de Buques,"Farmacia de Buques (farmacia). Coordenadas aprox: 36.6357, -6.3282.",OpenStreetMap (Overpass),https://www.openstreetmap.org/?mlat=36.6356888&mlon=-6.3282494,alta,Cádiz,,36.635689,-6.328249,2026-08-28
OVERPASS-0733,supervivencia,agua potable,agua potable,"agua potable (agua potable). Coordenadas aprox: 36.6909, -6.1488.",OpenStreetMap (Overpass),https://www.openstreetmap.org/?mlat=36.6908946&mlon=-6.1487874,alta,Cádiz,,36.690895,-6.148787,2026-08-28
OVERPASS-0734,supervivencia,agua potable,agua potable,"agua potable (agua potable). Coordenadas aprox: 36.6890, -6.1506.",OpenStreetMap (Overpass),https://www.openstreetmap.org/?mlat=36.6890269&mlon=-6.1505826,alta,Cádiz,,36.689027,-6.150583,2026-08-28
OVERPASS-0735,supervivencia,agua potable,agua potable,"agua potable (agua potable). Coordenadas aprox: 36.6897, -6.1496.",OpenStreetMap (Overpass),https://www.openstreetmap.org/?mlat=36.6897158&mlon=-6.149588,alta,Cádiz,,36.689716,-6.149588,2026-08-28
OVERPASS-0736,supervivencia,agua potable,agua potable,"agua potable (agua potable). Coordenadas aprox: 36.5968, -6.2259.",OpenStreetMap (Overpass),https://www.openstreetmap.org/?mlat=36.596843&mlon=-6.2259029,alta,Cádiz,,36.596843,-6.225903,2026-08-28
OVERPASS-0737,geografia,farmacia,Farmacia La Reconquista,"Farmacia La Reconquista (farmacia). Coordenadas aprox: 36.1380, -5.4509.",OpenStreetMap (Overpass),https://www.openstreetmap.org/?mlat=36.1379727&mlon=-5.4508581,alta,Cádiz,,36.137973,-5.450858,2026-08-28
OVERPASS-0738,geografia,farmacia,Farmacia María Rosa Martín Jiménez,"Farmacia María Rosa Martín Jiménez (farmacia). Coordenadas aprox: 36.1351, -5.4519.",OpenStreetMap (Overpass),https://www.openstreetmap.org/?mlat=36.1351214&mlon=-5.4518753,alta,Cádiz,,36.135121,-5.451875,2026-08-28
OVERPASS-0739,geografia,farmacia,farmacia,"farmacia (farmacia). Coordenadas aprox: 36.1922, -5.4275.",OpenStreetMap (Overpass),https://www.openstreetmap.org/?mlat=36.1922453&mlon=-5.4275344,alta,Cádiz,,36.192245,-5.427534,2026-08-28
OVERPASS-0740,geografia,farmacia,Farmacia Óptica García Alcalá José Antonio,"Farmacia Óptica García Alcalá José Antonio (farmacia). Coordenadas aprox: 36.1275, -5.4474.",OpenStreetMap (Overpass),https://www.openstreetmap.org/?mlat=36.1275031&mlon=-5.4474261,alta,Cádiz,,36.127503,-5.447426,2026-08-28
OVERPASS-0741,supervivencia,agua potable,agua potable,"agua potable (agua potable). Coordenadas aprox: 36.4210, -5.1549.",OpenStreetMap (Overpass),https://www.openstreetmap.org/?mlat=36.4210066&mlon=-5.1548576,alta,Cádiz,,36.421007,-5.154858,2026-08-28
OVERPASS-0742,geografia,farmacia,La Farmacia del Viento,"La Farmacia del Viento (farmacia). Coordenadas aprox: 36.0226, -5.6118.",OpenStreetMap (Overpass),https://www.openstreetmap.org/?mlat=36.0225518&mlon=-5.611793,alta,Cádiz,,36.022552,-5.611793,2026-08-28
OVERPASS-0743,supervivencia,agua potable,agua potable,"agua potable (agua potable). Coordenadas aprox: 36.9341, -5.2476.",OpenStreetMap (Overpass),https://www.openstreetmap.org/?mlat=36.9340932&mlon=-5.247585,alta,Cádiz,,36.934093,-5.247585,2026-08-28
OVERPASS-0744,geografia,farmacia,Farmacia Margarita Saldañaacia Pozoalbero,"Farmacia Margarita Saldañaacia Pozoalbero (farmacia). Coordenadas aprox: 36.7106, -6.1064.",OpenStreetMap (Overpass),https://www.openstreetmap.org/?mlat=36.710568&mlon=-6.1063511,alta,Cádiz,,36.710568,-6.106351,2026-08-28
OVERPASS-0745,geografia,centro de salud,Clínica Angulo,"Clínica Angulo (centro de salud). Coordenadas aprox: 36.2510, -5.9676.",OpenStreetMap (Overpass),https://www.openstreetmap.org/?mlat=36.251018&mlon=-5.9675838,alta,Cádiz,,36.251018,-5.967584,2026-08-28
OVERPASS-0746,geografia,centro de salud,Janda Salud,"Janda Salud (centro de salud). Coordenadas aprox: 36.2492, -5.9675.",OpenStreetMap (Overpass),https://www.openstreetmap.org/?mlat=36.2492275&mlon=-5.9674608,alta,Cádiz,,36.249228,-5.967461,2026-08-28
OVERPASS-0747,geografia,farmacia,Farmacia Adela Redondo Tena,"Farmacia Adela Redondo Tena (farmacia) en Lebrija. Coordenadas aprox: 36.9233, -6.0816.",OpenStreetMap (Overpass),https://www.openstreetmap.org/?mlat=36.9233401&mlon=-6.0815804,alta,Cádiz,Lebrija,36.92334,-6.08158,2026-08-28
OVERPASS-0748,geografia,farmacia,Farmacia José Javier Rodríguez Santos,"Farmacia José Javier Rodríguez Santos (farmacia). Coordenadas aprox: 36.6261, -6.3558.",OpenStreetMap (Overpass),https://www.openstreetmap.org/?mlat=36.6261068&mlon=-6.355777,alta,Cádiz,,36.626107,-6.355777,2026-08-28
OVERPASS-0749,supervivencia,agua potable,agua potable,"agua potable (agua potable). Coordenadas aprox: 36.2494, -5.9661.",OpenStreetMap (Overpass),https://www.openstreetmap.org/?mlat=36.249435&mlon=-5.9661475,alta,Cádiz,,36.249435,-5.966147,2026-08-28
OVERPASS-0750,supervivencia,agua potable,agua potable,"agua potable (agua potable). Coordenadas aprox: 36.1315, -5.4445.",OpenStreetMap (Overpass),https://www.openstreetmap.org/?mlat=36.1314597&mlon=-5.4445471,alta,Cádiz,,36.13146,-5.444547,2026-08-28
OVERPASS-0751,supervivencia,agua potable,agua potable,"agua potable (agua potable). Coordenadas aprox: 36.1321, -5.4444.",OpenStreetMap (Overpass),https://www.openstreetmap.org/?mlat=36.1321015&mlon=-5.4444463,alta,Cádiz,,36.132101,-5.444446,2026-08-28
OVERPASS-0752,supervivencia,agua potable,agua potable,"agua potable (agua potable). Coordenadas aprox: 36.1336, -5.4442.",OpenStreetMap (Overpass),https://www.openstreetmap.org/?mlat=36.1336026&mlon=-5.4442037,alta,Cádiz,,36.133603,-5.444204,2026-08-28
OVERPASS-0753,supervivencia,agua potable,agua potable,"agua potable (agua potable). Coordenadas aprox: 36.7594, -5.8106.",OpenStreetMap (Overpass),https://www.openstreetmap.org/?mlat=36.7593959&mlon=-5.8105854,alta,Cádiz,,36.759396,-5.810585,2026-08-28
OVERPASS-0754,supervivencia,agua potable,agua potable,"agua potable (agua potable). Coordenadas aprox: 36.7595, -5.8106.",OpenStreetMap (Overpass),https://www.openstreetmap.org/?mlat=36.75947&mlon=-5.8106257,alta,Cádiz,,36.75947,-5.810626,2026-08-28
OVERPASS-0755,supervivencia,agua potable,agua potable,"agua potable (agua potable). Coordenadas aprox: 36.1835, -5.7549.",OpenStreetMap (Overpass),https://www.openstreetmap.org/?mlat=36.1835023&mlon=-5.7548867,alta,Cádiz,,36.183502,-5.754887,2026-08-28
OVERPASS-0756,supervivencia,agua potable,agua potable,"agua potable (agua potable). Coordenadas aprox: 36.1830, -5.7553.",OpenStreetMap (Overpass),https://www.openstreetmap.org/?mlat=36.1829911&mlon=-5.7552825,alta,Cádiz,,36.182991,-5.755282,2026-08-28
OVERPASS-0757,supervivencia,agua potable,agua potable,"agua potable (agua potable). Coordenadas aprox: 36.1832, -5.7550.",OpenStreetMap (Overpass),https://www.openstreetmap.org/?mlat=36.1831883&mlon=-5.7549774,alta,Cádiz,,36.183188,-5.754977,2026-08-28
OVERPASS-0758,supervivencia,agua potable,agua potable,"agua potable (agua potable). Coordenadas aprox: 36.1832, -5.7550.",OpenStreetMap (Overpass),https://www.openstreetmap.org/?mlat=36.1832006&mlon=-5.7549686,alta,Cádiz,,36.183201,-5.754969,2026-08-28
OVERPASS-0759,supervivencia,agua potable,agua potable,"agua potable (agua potable). Coordenadas aprox: 36.0178, -5.6126.",OpenStreetMap (Overpass),https://www.openstreetmap.org/?mlat=36.0178034&mlon=-5.6125966,alta,Cádiz,,36.017803,-5.612597,2026-08-28
OVERPASS-0760,supervivencia,agua potable,agua potable,"agua potable (agua potable). Coordenadas aprox: 36.0200, -5.6114.",OpenStreetMap (Overpass),https://www.openstreetmap.org/?mlat=36.0200108&mlon=-5.6113671,alta,Cádiz,,36.020011,-5.611367,2026-08-28
OVERPASS-0761,supervivencia,agua potable,agua potable,"agua potable (agua potable). Coordenadas aprox: 36.0203, -5.6116.",OpenStreetMap (Overpass),https://www.openstreetmap.org/?mlat=36.0202531&mlon=-5.6115833,alta,Cádiz,,36.020253,-5.611583,2026-08-28
OVERPASS-0762,supervivencia,refugio,refugio,"refugio (refugio). Coordenadas aprox: 36.0215, -5.6154.",OpenStreetMap (Overpass),https://www.openstreetmap.org/?mlat=36.0215164&mlon=-5.6154427,alta,Cádiz,,36.021516,-5.615443,2026-08-28
OVERPASS-0763,supervivencia,refugio,refugio,"refugio (refugio). Coordenadas aprox: 36.0178, -5.6127.",OpenStreetMap (Overpass),https://www.openstreetmap.org/?mlat=36.0178375&mlon=-5.6127151,alta,Cádiz,,36.017837,-5.612715,2026-08-28
OVERPASS-0764,supervivencia,refugio,refugio,"refugio (refugio). Coordenadas aprox: 36.0156, -5.6113.",OpenStreetMap (Overpass),https://www.openstreetmap.org/?mlat=36.0156247&mlon=-5.6112718,alta,Cádiz,,36.015625,-5.611272,2026-08-28
OVERPASS-0765,supervivencia,agua potable,agua potable,"agua potable (agua potable). Coordenadas aprox: 36.1154, -5.4405.",OpenStreetMap (Overpass),https://www.openstreetmap.org/?mlat=36.1153888&mlon=-5.4405277,alta,Cádiz,,36.115389,-5.440528,2026-08-28
OVERPASS-0766,supervivencia,agua potable,agua potable,"agua potable (agua potable). Coordenadas aprox: 36.1364, -5.4438.",OpenStreetMap (Overpass),https://www.openstreetmap.org/?mlat=36.1363875&mlon=-5.4437513,alta,Cádiz,,36.136387,-5.443751,2026-08-28
OVERPASS-0767,supervivencia,agua potable,agua potable,"agua potable (agua potable). Coordenadas aprox: 36.1375, -5.4446.",OpenStreetMap (Overpass),https://www.openstreetmap.org/?mlat=36.1375287&mlon=-5.4446064,alta,Cádiz,,36.137529,-5.444606,2026-08-28
OVERPASS-0768,supervivencia,agua potable,agua potable,"agua potable (agua potable). Coordenadas aprox: 36.1848, -5.4151.",OpenStreetMap (Overpass),https://www.openstreetmap.org/?mlat=36.1848268&mlon=-5.4151326,alta,Cádiz,,36.184827,-5.415133,2026-08-28
OVERPASS-0769,supervivencia,refugio,refugio,"refugio (refugio). Coordenadas aprox: 36.1878, -5.4159.",OpenStreetMap (Overpass),https://www.openstreetmap.org/?mlat=36.1878119&mlon=-5.4159451,alta,Cádiz,,36.187812,-5.415945,2026-08-28
OVERPASS-0770,geografia,farmacia,Farmacia Roviralta,"Farmacia Roviralta (farmacia) en Algeciras. Coordenadas aprox: 36.1483, -5.4580.",OpenStreetMap (Overpass),https://www.openstreetmap.org/?mlat=36.1483311&mlon=-5.4579757,alta,Cádiz,Algeciras,36.148331,-5.457976,2026-08-28
OVERPASS-0771,geografia,farmacia,Farmacia Sotorebolo,"Farmacia Sotorebolo (farmacia). Coordenadas aprox: 36.1096, -5.4517.",OpenStreetMap (Overpass),https://www.openstreetmap.org/?mlat=36.1096464&mlon=-5.4516999,alta,Cádiz,,36.109646,-5.4517,2026-08-28
OVERPASS-0772,supervivencia,agua potable,agua potable,"agua potable (agua potable). Coordenadas aprox: 36.1850, -5.4151.",OpenStreetMap (Overpass),https://www.openstreetmap.org/?mlat=36.1849555&mlon=-5.4151058,alta,Cádiz,,36.184956,-5.415106,2026-08-28
OVERPASS-0773,supervivencia,agua potable,agua potable,"agua potable (agua potable). Coordenadas aprox: 36.1850, -5.4151.",OpenStreetMap (Overpass),https://www.openstreetmap.org/?mlat=36.1849571&mlon=-5.4151007,alta,Cádiz,,36.184957,-5.415101,2026-08-28
OVERPASS-0774,supervivencia,agua potable,agua potable,"agua potable (agua potable). Coordenadas aprox: 36.1704, -5.3374.",OpenStreetMap (Overpass),https://www.openstreetmap.org/?mlat=36.1704234&mlon=-5.3374,alta,Cádiz,,36.170423,-5.3374,2026-08-28
OVERPASS-0775,supervivencia,agua potable,agua potable,"agua potable (agua potable). Coordenadas aprox: 36.2526, -5.9612.",OpenStreetMap (Overpass),https://www.openstreetmap.org/?mlat=36.2526141&mlon=-5.9612439,alta,Cádiz,,36.252614,-5.961244,2026-08-28
OVERPASS-0776,supervivencia,agua potable,agua potable,"agua potable (agua potable). Coordenadas aprox: 36.4335, -5.1100.",OpenStreetMap (Overpass),https://www.openstreetmap.org/?mlat=36.4334529&mlon=-5.1100279,alta,Cádiz,,36.433453,-5.110028,2026-08-28
OVERPASS-0777,supervivencia,agua potable,agua potable,"agua potable (agua potable). Coordenadas aprox: 36.3540, -5.2312.",OpenStreetMap (Overpass),https://www.openstreetmap.org/?mlat=36.3540386&mlon=-5.2312091,alta,Cádiz,,36.354039,-5.231209,2026-08-28
OVERPASS-0778,supervivencia,agua potable,agua potable,"agua potable (agua potable). Coordenadas aprox: 36.3526, -5.2320.",OpenStreetMap (Overpass),https://www.openstreetmap.org/?mlat=36.3526465&mlon=-5.2319708,alta,Cádiz,,36.352646,-5.231971,2026-08-28
OVERPASS-0779,geografia,farmacia,farmacia,"farmacia (farmacia). Coordenadas aprox: 36.1193, -5.4445.",OpenStreetMap (Overpass),https://www.openstreetmap.org/?mlat=36.1193446&mlon=-5.444472,alta,Cádiz,,36.119345,-5.444472,2026-08-28
OVERPASS-0780,geografia,farmacia,Farmacia Carlos III,"Farmacia Carlos III (farmacia). Coordenadas aprox: 36.4740, -6.1903.",OpenStreetMap (Overpass),https://www.openstreetmap.org/?mlat=36.4739644&mlon=-6.1902791,alta,Cádiz,,36.473964,-6.190279,2026-08-28
OVERPASS-0781,geografia,farmacia,Farmacia Jimera de Libar,"Farmacia Jimera de Libar (farmacia) en Jimera de Líbar. Coordenadas aprox: 36.6516, -5.2741.",OpenStreetMap (Overpass),https://www.openstreetmap.org/?mlat=36.6515995&mlon=-5.2741023,alta,Cádiz,Jimera de Líbar,36.6516,-5.274102,2026-08-28
OVERPASS-0782,geografia,farmacia,Farmacia Cristina Torres González,"Farmacia Cristina Torres González (farmacia) en Montejaque. Coordenadas aprox: 36.7344, -5.2517.",OpenStreetMap (Overpass),https://www.openstreetmap.org/?mlat=36.7343935&mlon=-5.2517366,alta,Cádiz,Montejaque,36.734394,-5.251737,2026-08-28
OVERPASS-0783,geografia,farmacia,Farmacia Bolonia,"Farmacia Bolonia (farmacia). Coordenadas aprox: 36.0837, -5.7647.",OpenStreetMap (Overpass),https://www.openstreetmap.org/?mlat=36.0836692&mlon=-5.764668,alta,Cádiz,,36.083669,-5.764668,2026-08-28
OVERPASS-0784,geografia,farmacia,Farmacia/Botiquín José Manuel Medina González,"Farmacia/Botiquín José Manuel Medina González (farmacia) en Ronda. Coordenadas aprox: 36.8243, -5.1348.",OpenStreetMap (Overpass),https://www.openstreetmap.org/?mlat=36.8243212&mlon=-5.1347987,alta,Cádiz,Ronda,36.824321,-5.134799,2026-08-28
OVERPASS-0785,geografia,farmacia,Farmacia Enrique Castillo,"Farmacia Enrique Castillo (farmacia) en Benalauría. Coordenadas aprox: 36.5949, -5.2613.",OpenStreetMap (Overpass),https://www.openstreetmap.org/?mlat=36.5948725&mlon=-5.2612701,alta,Cádiz,Benalauría,36.594873,-5.26127,2026-08-28
OVERPASS-0786,geografia,farmacia,Farmacia Mónica García Salas,"Farmacia Mónica García Salas (farmacia) en Genalguacil. Coordenadas aprox: 36.5445, -5.2358.",OpenStreetMap (Overpass),https://www.openstreetmap.org/?mlat=36.5445341&mlon=-5.2358284,alta,Cádiz,Genalguacil,36.544534,-5.235828,2026-08-28
OVERPASS-0787,geografia,farmacia,Farmacia María Dolores Alcalá Moro,"Farmacia María Dolores Alcalá Moro (farmacia) en Alpandeire. Coordenadas aprox: 36.6342, -5.2032.",OpenStreetMap (Overpass),https://www.openstreetmap.org/?mlat=36.6342019&mlon=-5.2032182,alta,Cádiz,Alpandeire,36.634202,-5.203218,2026-08-28
OVERPASS-0788,geografia,farmacia,Farmacia Manuel Vacas Fernández,"Farmacia Manuel Vacas Fernández (farmacia). Coordenadas aprox: 36.6006, -6.2289.",OpenStreetMap (Overpass),https://www.openstreetmap.org/?mlat=36.6005884&mlon=-6.2288994,alta,Cádiz,,36.600588,-6.228899,2026-08-28
OVERPASS-0789,geografia,farmacia,Farmacia Martínez Guerra,"Farmacia Martínez Guerra (farmacia). Coordenadas aprox: 36.5976, -6.2292.",OpenStreetMap (Overpass),https://www.openstreetmap.org/?mlat=36.5975694&mlon=-6.2292172,alta,Cádiz,,36.597569,-6.229217,2026-08-28
OVERPASS-0790,geografia,farmacia,Farmacia Jesús López Palomino,"Farmacia Jesús López Palomino (farmacia). Coordenadas aprox: 36.5935, -6.2381.",OpenStreetMap (Overpass),https://www.openstreetmap.org/?mlat=36.5934886&mlon=-6.2381235,alta,Cádiz,,36.593489,-6.238124,2026-08-28
OVERPASS-0791,geografia,farmacia,Licenciado Antonio Morillo,"Licenciado Antonio Morillo (farmacia). Coordenadas aprox: 36.2500, -5.9687.",OpenStreetMap (Overpass),https://www.openstreetmap.org/?mlat=36.2499568&mlon=-5.9687159,alta,Cádiz,,36.249957,-5.968716,2026-08-28
OVERPASS-0792,geografia,farmacia,Farmacia Juan Miguel Santos del Río,"Farmacia Juan Miguel Santos del Río (farmacia) en Faraján. Coordenadas aprox: 36.6176, -5.1878.",OpenStreetMap (Overpass),https://www.openstreetmap.org/?mlat=36.6176306&mlon=-5.1878244,alta,Cádiz,Faraján,36.617631,-5.187824,2026-08-28
OVERPASS-0793,geografia,farmacia,Farmacia Galindo,"Farmacia Galindo (farmacia) en Ronda. Coordenadas aprox: 36.7515, -5.1703.",OpenStreetMap (Overpass),https://www.openstreetmap.org/?mlat=36.7515389&mlon=-5.1703142,alta,Cádiz,Ronda,36.751539,-5.170314,2026-08-28
OVERPASS-0794,geografia,farmacia,Farmacia Pilar Tabuyo,"Farmacia Pilar Tabuyo (farmacia) en Júzcar. Coordenadas aprox: 36.6237, -5.1700.",OpenStreetMap (Overpass),https://www.openstreetmap.org/?mlat=36.6237194&mlon=-5.1699633,alta,Cádiz,Júzcar,36.623719,-5.169963,2026-08-28
OVERPASS-0795,geografia,farmacia,Farmacia del Carmen,"Farmacia del Carmen (farmacia) en Ronda. Coordenadas aprox: 36.7445, -5.1656.",OpenStreetMap (Overpass),https://www.openstreetmap.org/?mlat=36.7444628&mlon=-5.1655614,alta,Cádiz,Ronda,36.744463,-5.165561,2026-08-28
OVERPASS-0796,geografia,farmacia,Farmacia Corrales,"Farmacia Corrales (farmacia) en Ronda. Coordenadas aprox: 36.7455, -5.1648.",OpenStreetMap (Overpass),https://www.openstreetmap.org/?mlat=36.7455467&mlon=-5.1647587,alta,Cádiz,Ronda,36.745547,-5.164759,2026-08-28
OVERPASS-0797,geografia,farmacia,Farmacia Carreño,"Farmacia Carreño (farmacia) en Ronda. Coordenadas aprox: 36.7454, -5.1614.",OpenStreetMap (Overpass),https://www.openstreetmap.org/?mlat=36.7454044&mlon=-5.1614405,alta,Cádiz,Ronda,36.745404,-5.161441,2026-08-28
OVERPASS-0798,geografia,farmacia,Farmacia Ana Fernández García,"Farmacia Ana Fernández García (farmacia) en Cartajima. Coordenadas aprox: 36.6448, -5.1540.",OpenStreetMap (Overpass),https://www.openstreetmap.org/?mlat=36.6447873&mlon=-5.154008,alta,Cádiz,Cartajima,36.644787,-5.154008,2026-08-28
OVERPASS-0799,geografia,farmacia,Farmacia Leopoldo Cuadrado Borrego,"Farmacia Leopoldo Cuadrado Borrego (farmacia) en Pujerra. Coordenadas aprox: 36.6126, -5.1475.",OpenStreetMap (Overpass),https://www.openstreetmap.org/?mlat=36.6126261&mlon=-5.1475051,alta,Cádiz,Pujerra,36.612626,-5.147505,2026-08-28
OVERPASS-0800,geografia,farmacia,Farmacia COCA,"Farmacia COCA (farmacia) en Ronda. Coordenadas aprox: 36.7444, -5.1627.",OpenStreetMap (Overpass),https://www.openstreetmap.org/?mlat=36.744363&mlon=-5.1627303,alta,Cádiz,Ronda,36.744363,-5.16273,2026-08-28
OVERPASS-0801,geografia,farmacia,Farmacia J. Maria Gonzalez Rodriguez,"Farmacia J. Maria Gonzalez Rodriguez (farmacia) en Igualeja. Coordenadas aprox: 36.6303, -5.1227.",OpenStreetMap (Overpass),https://www.openstreetmap.org/?mlat=36.6302989&mlon=-5.1226845,alta,Cádiz,Igualeja,36.630299,-5.122685,2026-08-28
OVERPASS-0802,geografia,farmacia,Farmacia José Pérez Santander,"Farmacia José Pérez Santander (farmacia) en Parauta. Coordenadas aprox: 36.6567, -5.1289.",OpenStreetMap (Overpass),https://www.openstreetmap.org/?mlat=36.6567263&mlon=-5.128938,alta,Cádiz,Parauta,36.656726,-5.128938,2026-08-28
OVERPASS-0803,geografia,farmacia,Farmacia Juan Manuel Serrano Ortega,"Farmacia Juan Manuel Serrano Ortega (farmacia) en Algatocín. Coordenadas aprox: 36.5731, -5.2771.",OpenStreetMap (Overpass),https://www.openstreetmap.org/?mlat=36.5730983&mlon=-5.2770638,alta,Cádiz,Algatocín,36.573098,-5.277064,2026-08-28
OVERPASS-0804,geografia,farmacia,Farmacia Ana Colchero Romero,"Farmacia Ana Colchero Romero (farmacia) en Atajate. Coordenadas aprox: 36.6400, -5.2467.",OpenStreetMap (Overpass),https://www.openstreetmap.org/?mlat=36.6399779&mlon=-5.24674,alta,Cádiz,Atajate,36.639978,-5.24674,2026-08-28
OVERPASS-0805,geografia,farmacia,Farmacia Gimena,"Farmacia Gimena (farmacia) en Ronda. Coordenadas aprox: 36.7430, -5.1647.",OpenStreetMap (Overpass),https://www.openstreetmap.org/?mlat=36.7429848&mlon=-5.1647385,alta,Cádiz,Ronda,36.742985,-5.164739,2026-08-28
OVERPASS-0806,geografia,farmacia,Farmacia Gonzalo Pérez Pardo,"Farmacia Gonzalo Pérez Pardo (farmacia) en Estepona. Coordenadas aprox: 36.4230, -5.1571.",OpenStreetMap (Overpass),https://www.openstreetmap.org/?mlat=36.4229853&mlon=-5.1571044,alta,Cádiz,Estepona,36.422985,-5.157104,2026-08-28
OVERPASS-0807,geografia,farmacia,Farmacia Estepona,"Farmacia Estepona (farmacia) en Estepona. Coordenadas aprox: 36.4075, -5.1898.",OpenStreetMap (Overpass),https://www.openstreetmap.org/?mlat=36.4074962&mlon=-5.1898037,alta,Cádiz,Estepona,36.407496,-5.189804,2026-08-28
OVERPASS-0808,geografia,farmacia,Farmacia Suárez Corchete,"Farmacia Suárez Corchete (farmacia) en Estepona. Coordenadas aprox: 36.4315, -5.1463.",OpenStreetMap (Overpass),https://www.openstreetmap.org/?mlat=36.4315078&mlon=-5.1462556,alta,Cádiz,Estepona,36.431508,-5.146256,2026-08-28
OVERPASS-0809,geografia,farmacia,Farmacia Aragón,"Farmacia Aragón (farmacia) en Esepona. Coordenadas aprox: 36.4274, -5.1550.",OpenStreetMap (Overpass),https://www.openstreetmap.org/?mlat=36.4273771&mlon=-5.1549888,alta,Cádiz,Esepona,36.427377,-5.154989,2026-08-28
OVERPASS-0810,geografia,farmacia,Farmacia Cano,"Farmacia Cano (farmacia) en Estepona. Coordenadas aprox: 36.4224, -5.1534.",OpenStreetMap (Overpass),https://www.openstreetmap.org/?mlat=36.4224341&mlon=-5.1533949,alta,Cádiz,Estepona,36.422434,-5.153395,2026-08-28
OVERPASS-0811,geografia,farmacia,Farmacia Óptica Artacho,"Farmacia Óptica Artacho (farmacia) en Estepona. Coordenadas aprox: 36.4243, -5.1456.",OpenStreetMap (Overpass),https://www.openstreetmap.org/?mlat=36.4242892&mlon=-5.1455834,alta,Cádiz,Estepona,36.424289,-5.145583,2026-08-28
OVERPASS-0812,geografia,farmacia,Farmacia Cristina Pareja,"Farmacia Cristina Pareja (farmacia) en Estepona. Coordenadas aprox: 36.4302, -5.1427.",OpenStreetMap (Overpass),https://www.openstreetmap.org/?mlat=36.4302243&mlon=-5.142702,alta,Cádiz,Estepona,36.430224,-5.142702,2026-08-28
OVERPASS-0813,geografia,farmacia,Farmacia Manuel Troyano Martínez,"Farmacia Manuel Troyano Martínez (farmacia) en Estepona. Coordenadas aprox: 36.4309, -5.1261.",OpenStreetMap (Overpass),https://www.openstreetmap.org/?mlat=36.4308891&mlon=-5.1261431,alta,Cádiz,Estepona,36.430889,-5.126143,2026-08-28
OVERPASS-0814,supervivencia,agua potable,agua potable,"agua potable (agua potable). Coordenadas aprox: 36.1827, -5.3850.",OpenStreetMap (Overpass),https://www.openstreetmap.org/?mlat=36.1826827&mlon=-5.3849554,alta,Cádiz,,36.182683,-5.384955,2026-08-28
OVERPASS-0815,supervivencia,agua potable,Bda. Cepsa,"Bda. Cepsa (agua potable). Coordenadas aprox: 36.1846, -5.3843.",OpenStreetMap (Overpass),https://www.openstreetmap.org/?mlat=36.1845802&mlon=-5.3842503,alta,Cádiz,,36.18458,-5.38425,2026-08-28
OVERPASS-0816,geografia,centro de salud,Centro de Salud El Pósito,"Centro de Salud El Pósito (centro de salud). Coordenadas aprox: 36.7501, -5.8098.",OpenStreetMap (Overpass),https://www.openstreetmap.org/?mlat=36.7500795&mlon=-5.8097843,alta,Cádiz,,36.750079,-5.809784,2026-08-28
OVERPASS-0817,geografia,farmacia,Farmacia Alvarez,"Farmacia Alvarez (farmacia). Coordenadas aprox: 36.2534, -5.9666.",OpenStreetMap (Overpass),https://www.openstreetmap.org/?mlat=36.2533552&mlon=-5.9666421,alta,Cádiz,,36.253355,-5.966642,2026-08-28
OVERPASS-0818,supervivencia,agua potable,agua potable,"agua potable (agua potable). Coordenadas aprox: 36.1821, -5.3868.",OpenStreetMap (Overpass),https://www.openstreetmap.org/?mlat=36.1820584&mlon=-5.3868304,alta,Cádiz,,36.182058,-5.38683,2026-08-28
OVERPASS-0819,supervivencia,agua potable,agua potable,"agua potable (agua potable). Coordenadas aprox: 36.1832, -5.3843.",OpenStreetMap (Overpass),https://www.openstreetmap.org/?mlat=36.183151&mlon=-5.384272,alta,Cádiz,,36.183151,-5.384272,2026-08-28
OVERPASS-0820,supervivencia,agua potable,agua potable,"agua potable (agua potable). Coordenadas aprox: 36.1784, -5.3764.",OpenStreetMap (Overpass),https://www.openstreetmap.org/?mlat=36.178431&mlon=-5.3764276,alta,Cádiz,,36.178431,-5.376428,2026-08-28
OVERPASS-0821,supervivencia,agua potable,agua potable,"agua potable (agua potable). Coordenadas aprox: 36.1780, -5.3788.",OpenStreetMap (Overpass),https://www.openstreetmap.org/?mlat=36.1779789&mlon=-5.3787967,alta,Cádiz,,36.177979,-5.378797,2026-08-28
OVERPASS-0822,supervivencia,refugio,Old bunker,"Old bunker (refugio). Coordenadas aprox: 36.0347, -5.5299.",OpenStreetMap (Overpass),https://www.openstreetmap.org/?mlat=36.0347418&mlon=-5.5299229,alta,Cádiz,,36.034742,-5.529923,2026-08-28
OVERPASS-0823,geografia,centro de salud,centro de salud,"centro de salud (centro de salud). Coordenadas aprox: 36.8314, -6.3189.",OpenStreetMap (Overpass),https://www.openstreetmap.org/?mlat=36.8314327&mlon=-6.3188562,alta,Cádiz,,36.831433,-6.318856,2026-08-28
OVERPASS-0824,geografia,farmacia,farmacia,"farmacia (farmacia). Coordenadas aprox: 36.8312, -6.3198.",OpenStreetMap (Overpass),https://www.openstreetmap.org/?mlat=36.8312021&mlon=-6.3198203,alta,Cádiz,,36.831202,-6.31982,2026-08-28
OVERPASS-0825,supervivencia,agua potable,agua potable,"agua potable (agua potable). Coordenadas aprox: 36.2545, -5.9659.",OpenStreetMap (Overpass),https://www.openstreetmap.org/?mlat=36.2545165&mlon=-5.9658863,alta,Cádiz,,36.254517,-5.965886,2026-08-28
OVERPASS-0826,geografia,centro de salud,Consultorio de Campamento,"Consultorio de Campamento (centro de salud) en Campamento. Coordenadas aprox: 36.1780, -5.3790.",OpenStreetMap (Overpass),https://www.openstreetmap.org/?mlat=36.1780236&mlon=-5.3789759,alta,Cádiz,Campamento,36.178024,-5.378976,2026-08-28
OVERPASS-0827,geografia,farmacia,Farmacia Jarana,"Farmacia Jarana (farmacia). Coordenadas aprox: 36.5020, -6.1428.",OpenStreetMap (Overpass),https://www.openstreetmap.org/?mlat=36.5020213&mlon=-6.1427564,alta,Cádiz,,36.502021,-6.142756,2026-08-28
OVERPASS-0828,geografia,farmacia,Farmacia Usero,"Farmacia Usero (farmacia) en Estepona. Coordenadas aprox: 36.4308, -5.1488.",OpenStreetMap (Overpass),https://www.openstreetmap.org/?mlat=36.4307914&mlon=-5.1488286,alta,Cádiz,Estepona,36.430791,-5.148829,2026-08-28
OVERPASS-0829,geografia,playa,Eastern Beach,"Eastern Beach (playa). Coordenadas aprox: 36.1481, -5.3399.",OpenStreetMap (Overpass),https://www.openstreetmap.org/?mlat=36.1481076&mlon=-5.339887,alta,Cádiz,,36.148108,-5.339887,2026-08-28
OVERPASS-0830,supervivencia,agua potable,agua potable,"agua potable (agua potable). Coordenadas aprox: 36.4317, -5.1512.",OpenStreetMap (Overpass),https://www.openstreetmap.org/?mlat=36.431718&mlon=-5.151154,alta,Cádiz,,36.431718,-5.151154,2026-08-28
OVERPASS-0831,supervivencia,agua potable,agua potable,"agua potable (agua potable). Coordenadas aprox: 36.4352, -5.1489.",OpenStreetMap (Overpass),https://www.openstreetmap.org/?mlat=36.4352021&mlon=-5.1489236,alta,Cádiz,,36.435202,-5.148924,2026-08-28
OVERPASS-0832,supervivencia,agua potable,agua potable,"agua potable (agua potable). Coordenadas aprox: 36.4164, -5.1723.",OpenStreetMap (Overpass),https://www.openstreetmap.org/?mlat=36.4164278&mlon=-5.1723205,alta,Cádiz,,36.416428,-5.17232,2026-08-28
OVERPASS-0833,supervivencia,agua potable,agua potable,"agua potable (agua potable). Coordenadas aprox: 36.2461, -5.9656.",OpenStreetMap (Overpass),https://www.openstreetmap.org/?mlat=36.2460988&mlon=-5.9655542,alta,Cádiz,,36.246099,-5.965554,2026-08-28
OVERPASS-0834,supervivencia,agua potable,agua potable,"agua potable (agua potable). Coordenadas aprox: 36.2463, -5.9654.",OpenStreetMap (Overpass),https://www.openstreetmap.org/?mlat=36.24634&mlon=-5.9653768,alta,Cádiz,,36.24634,-5.965377,2026-08-28
OVERPASS-0835,supervivencia,agua potable,agua potable,"agua potable (agua potable). Coordenadas aprox: 36.2477, -5.9661.",OpenStreetMap (Overpass),https://www.openstreetmap.org/?mlat=36.2477167&mlon=-5.9661417,alta,Cádiz,,36.247717,-5.966142,2026-08-28
OVERPASS-0836,supervivencia,agua potable,agua potable,"agua potable (agua potable). Coordenadas aprox: 36.2481, -5.9726.",OpenStreetMap (Overpass),https://www.openstreetmap.org/?mlat=36.2480812&mlon=-5.9725733,alta,Cádiz,,36.248081,-5.972573,2026-08-28
OVERPASS-0837,supervivencia,agua potable,agua potable,"agua potable (agua potable). Coordenadas aprox: 36.1863, -5.9180.",OpenStreetMap (Overpass),https://www.openstreetmap.org/?mlat=36.1862672&mlon=-5.9179586,alta,Cádiz,,36.186267,-5.917959,2026-08-28
OVERPASS-0838,geografia,centro de salud,Midtown Clinic,"Midtown Clinic (centro de salud). Coordenadas aprox: 36.1415, -5.3557.",OpenStreetMap (Overpass),https://www.openstreetmap.org/?mlat=36.1415202&mlon=-5.3557224,alta,Cádiz,,36.14152,-5.355722,2026-08-28
OVERPASS-0839,geografia,farmacia,Farmacia Pravia,"Farmacia Pravia (farmacia). Coordenadas aprox: 36.6828, -6.1112.",OpenStreetMap (Overpass),https://www.openstreetmap.org/?mlat=36.68283&mlon=-6.111219,alta,Cádiz,,36.68283,-6.111219,2026-08-28
OVERPASS-0840,supervivencia,agua potable,agua potable,"agua potable (agua potable). Coordenadas aprox: 36.9343, -5.2446.",OpenStreetMap (Overpass),https://www.openstreetmap.org/?mlat=36.9343069&mlon=-5.2446468,alta,Cádiz,,36.934307,-5.244647,2026-08-28
OVERPASS-0841,supervivencia,agua potable,agua potable,"agua potable (agua potable). Coordenadas aprox: 36.9357, -5.2680.",OpenStreetMap (Overpass),https://www.openstreetmap.org/?mlat=36.9356604&mlon=-5.2679549,alta,Cádiz,,36.93566,-5.267955,2026-08-28
OVERPASS-0842,supervivencia,agua potable,agua potable,"agua potable (agua potable). Coordenadas aprox: 36.9355, -5.2688.",OpenStreetMap (Overpass),https://www.openstreetmap.org/?mlat=36.9354505&mlon=-5.2687701,alta,Cádiz,,36.935451,-5.26877,2026-08-28
OVERPASS-0843,supervivencia,agua potable,agua potable,"agua potable (agua potable). Coordenadas aprox: 36.9350, -5.2688.",OpenStreetMap (Overpass),https://www.openstreetmap.org/?mlat=36.934972&mlon=-5.2687716,alta,Cádiz,,36.934972,-5.268772,2026-08-28
OVERPASS-0844,geografia,farmacia,Farmacia María del Carmen Santos Martín,"Farmacia María del Carmen Santos Martín (farmacia). Coordenadas aprox: 36.6209, -6.3615.",OpenStreetMap (Overpass),https://www.openstreetmap.org/?mlat=36.6208965&mlon=-6.3615262,alta,Cádiz,,36.620897,-6.361526,2026-08-28
OVERPASS-0845,geografia,centro de salud,Centro Médico Costa de la Luz,"Centro Médico Costa de la Luz (centro de salud). Coordenadas aprox: 36.6262, -6.3583.",OpenStreetMap (Overpass),https://www.openstreetmap.org/?mlat=36.6261832&mlon=-6.3582831,alta,Cádiz,,36.626183,-6.358283,2026-08-28
OVERPASS-0846,geografia,farmacia,Farmacia María del Carmen Prieto González,"Farmacia María del Carmen Prieto González (farmacia). Coordenadas aprox: 36.6256, -6.3697.",OpenStreetMap (Overpass),https://www.openstreetmap.org/?mlat=36.6256184&mlon=-6.3696681,alta,Cádiz,,36.625618,-6.369668,2026-08-28
OVERPASS-0847,supervivencia,agua potable,agua potable,"agua potable (agua potable). Coordenadas aprox: 36.4549, -6.2187.",OpenStreetMap (Overpass),https://www.openstreetmap.org/?mlat=36.454904&mlon=-6.218685,alta,Cádiz,,36.454904,-6.218685,2026-08-28
OVERPASS-0848,geografia,farmacia,Farmacia Mª Carmen Gómez Carrasco,"Farmacia Mª Carmen Gómez Carrasco (farmacia) en San Fernando. Coordenadas aprox: 36.4762, -6.1951.",OpenStreetMap (Overpass),https://www.openstreetmap.org/?mlat=36.4761784&mlon=-6.1950931,alta,Cádiz,San Fernando,36.476178,-6.195093,2026-08-28
OVERPASS-0849,geografia,farmacia,Farmacia Paula Mate,"Farmacia Paula Mate (farmacia). Coordenadas aprox: 36.3423, -5.8108.",OpenStreetMap (Overpass),https://www.openstreetmap.org/?mlat=36.3423457&mlon=-5.8107595,alta,Cádiz,,36.342346,-5.810759,2026-08-28
OVERPASS-0850,supervivencia,agua potable,Drinking Water,"Drinking Water (agua potable). Coordenadas aprox: 36.1407, -5.3540.",OpenStreetMap (Overpass),https://www.openstreetmap.org/?mlat=36.1406775&mlon=-5.354009,alta,Cádiz,,36.140678,-5.354009,2026-08-28
OVERPASS-0851,supervivencia,agua potable,agua potable,"agua potable (agua potable). Coordenadas aprox: 36.4632, -6.2048.",OpenStreetMap (Overpass),https://www.openstreetmap.org/?mlat=36.463232&mlon=-6.2048046,alta,Cádiz,,36.463232,-6.204805,2026-08-28
OVERPASS-0852,geografia,farmacia,Farmacia San Miguel,"Farmacia San Miguel (farmacia). Coordenadas aprox: 36.4707, -6.1955.",OpenStreetMap (Overpass),https://www.openstreetmap.org/?mlat=36.4706797&mlon=-6.1954584,alta,Cádiz,,36.47068,-6.195458,2026-08-28
OVERPASS-0853,geografia,farmacia,Farmacia Salado Luque,"Farmacia Salado Luque (farmacia). Coordenadas aprox: 36.4688, -6.1959.",OpenStreetMap (Overpass),https://www.openstreetmap.org/?mlat=36.4687735&mlon=-6.1959446,alta,Cádiz,,36.468773,-6.195945,2026-08-28
OVERPASS-0854,supervivencia,agua potable,agua potable,"agua potable (agua potable). Coordenadas aprox: 36.4279, -5.4405.",OpenStreetMap (Overpass),https://www.openstreetmap.org/?mlat=36.4278659&mlon=-5.440513,alta,Cádiz,,36.427866,-5.440513,2026-08-28
OVERPASS-0855,supervivencia,agua potable,agua potable,"agua potable (agua potable). Coordenadas aprox: 36.4624, -5.4908.",OpenStreetMap (Overpass),https://www.openstreetmap.org/?mlat=36.4623727&mlon=-5.4907506,alta,Cádiz,,36.462373,-5.490751,2026-08-28
OVERPASS-0856,supervivencia,agua potable,agua potable,"agua potable (agua potable). Coordenadas aprox: 36.7547, -5.1350.",OpenStreetMap (Overpass),https://www.openstreetmap.org/?mlat=36.7546626&mlon=-5.1350074,alta,Cádiz,,36.754663,-5.135007,2026-08-28
OVERPASS-0857,supervivencia,agua potable,agua potable,"agua potable (agua potable). Coordenadas aprox: 36.9357, -5.2677.",OpenStreetMap (Overpass),https://www.openstreetmap.org/?mlat=36.9357332&mlon=-5.2676995,alta,Cádiz,,36.935733,-5.267699,2026-08-28
OVERPASS-0858,supervivencia,agua potable,agua potable,"agua potable (agua potable). Coordenadas aprox: 36.8407, -5.3922.",OpenStreetMap (Overpass),https://www.openstreetmap.org/?mlat=36.8406879&mlon=-5.3921835,alta,Cádiz,,36.840688,-5.392183,2026-08-28
OVERPASS-0859,supervivencia,agua potable,Rincón La Perica,"Rincón La Perica (agua potable). Coordenadas aprox: 36.8405, -5.3895.",OpenStreetMap (Overpass),https://www.openstreetmap.org/?mlat=36.8405447&mlon=-5.3894761,alta,Cádiz,,36.840545,-5.389476,2026-08-28
OVERPASS-0860,supervivencia,refugio,refugio,"refugio (refugio). Coordenadas aprox: 36.6336, -6.3565.",OpenStreetMap (Overpass),https://www.openstreetmap.org/?mlat=36.6336011&mlon=-6.3565426,alta,Cádiz,,36.633601,-6.356543,2026-08-28
OVERPASS-0861,supervivencia,agua potable,agua potable,"agua potable (agua potable). Coordenadas aprox: 36.5247, -6.2331.",OpenStreetMap (Overpass),https://www.openstreetmap.org/?mlat=36.5247283&mlon=-6.2330792,alta,Cádiz,,36.524728,-6.233079,2026-08-28
OVERPASS-0862,geografia,farmacia,Las Torres,"Las Torres (farmacia). Coordenadas aprox: 36.4691, -6.1992.",OpenStreetMap (Overpass),https://www.openstreetmap.org/?mlat=36.4690922&mlon=-6.1991848,alta,Cádiz,,36.469092,-6.199185,2026-08-28
OVERPASS-0863,geografia,farmacia,La Magdalena,"La Magdalena (farmacia). Coordenadas aprox: 36.4652, -6.1925.",OpenStreetMap (Overpass),https://www.openstreetmap.org/?mlat=36.4652424&mlon=-6.1924805,alta,Cádiz,,36.465242,-6.192481,2026-08-28
OVERPASS-0864,supervivencia,agua potable,agua potable,"agua potable (agua potable). Coordenadas aprox: 36.3382, -6.1625.",OpenStreetMap (Overpass),https://www.openstreetmap.org/?mlat=36.3381693&mlon=-6.1624744,alta,Cádiz,,36.338169,-6.162474,2026-08-28
OVERPASS-0865,supervivencia,agua potable,agua potable,"agua potable (agua potable). Coordenadas aprox: 36.3346, -6.1613.",OpenStreetMap (Overpass),https://www.openstreetmap.org/?mlat=36.3345674&mlon=-6.1613318,alta,Cádiz,,36.334567,-6.161332,2026-08-28
OVERPASS-0866,supervivencia,agua potable,agua potable,"agua potable (agua potable). Coordenadas aprox: 36.3582, -6.1575.",OpenStreetMap (Overpass),https://www.openstreetmap.org/?mlat=36.358212&mlon=-6.157521,alta,Cádiz,,36.358212,-6.157521,2026-08-28
OVERPASS-0867,supervivencia,agua potable,agua potable,"agua potable (agua potable). Coordenadas aprox: 36.3938, -6.1453.",OpenStreetMap (Overpass),https://www.openstreetmap.org/?mlat=36.3937722&mlon=-6.1453147,alta,Cádiz,,36.393772,-6.145315,2026-08-28
OVERPASS-0868,supervivencia,agua potable,agua potable,"agua potable (agua potable). Coordenadas aprox: 36.9650, -5.4295.",OpenStreetMap (Overpass),https://www.openstreetmap.org/?mlat=36.965025&mlon=-5.4295404,alta,Cádiz,,36.965025,-5.42954,2026-08-28
OVERPASS-0869,supervivencia,agua potable,agua potable,"agua potable (agua potable). Coordenadas aprox: 36.9135, -5.2312.",OpenStreetMap (Overpass),https://www.openstreetmap.org/?mlat=36.9134869&mlon=-5.2311757,alta,Cádiz,,36.913487,-5.231176,2026-08-28
OVERPASS-0870,geografia,centro de salud,Clínica Universal,"Clínica Universal (centro de salud) en La Línea de la Concepción. Coordenadas aprox: 36.1651, -5.3479.",OpenStreetMap (Overpass),https://www.openstreetmap.org/?mlat=36.1651499&mlon=-5.3478868,alta,Cádiz,La Línea de la Concepción,36.16515,-5.347887,2026-08-28
OVERPASS-0871,geografia,farmacia,Farmacia Orozco,"Farmacia Orozco (farmacia) en La Línea de la Concepción. Coordenadas aprox: 36.1720, -5.3470.",OpenStreetMap (Overpass),https://www.openstreetmap.org/?mlat=36.1720354&mlon=-5.3469837,alta,Cádiz,La Línea de la Concepción,36.172035,-5.346984,2026-08-28
OVERPASS-0872,supervivencia,agua potable,agua potable,"agua potable (agua potable). Coordenadas aprox: 36.2495, -5.9692.",OpenStreetMap (Overpass),https://www.openstreetmap.org/?mlat=36.2494563&mlon=-5.9692042,alta,Cádiz,,36.249456,-5.969204,2026-08-28
OVERPASS-0873,supervivencia,agua potable,agua potable,"agua potable (agua potable). Coordenadas aprox: 36.2552, -5.9682.",OpenStreetMap (Overpass),https://www.openstreetmap.org/?mlat=36.2551745&mlon=-5.9681503,alta,Cádiz,,36.255175,-5.96815,2026-08-28
OVERPASS-0874,supervivencia,agua potable,agua potable,"agua potable (agua potable). Coordenadas aprox: 36.2501, -5.9670.",OpenStreetMap (Overpass),https://www.openstreetmap.org/?mlat=36.2500651&mlon=-5.9669602,alta,Cádiz,,36.250065,-5.96696,2026-08-28
OVERPASS-0875,geografia,farmacia,Farmacia Las Flores,"Farmacia Las Flores (farmacia) en La Línea de la Concepción. Coordenadas aprox: 36.1634, -5.3500.",OpenStreetMap (Overpass),https://www.openstreetmap.org/?mlat=36.1633942&mlon=-5.3500195,alta,Cádiz,La Línea de la Concepción,36.163394,-5.35002,2026-08-28
OVERPASS-0876,geografia,centro de salud,Viamed Las Salinas,"Viamed Las Salinas (centro de salud). Coordenadas aprox: 36.4288, -6.1453.",OpenStreetMap (Overpass),https://www.openstreetmap.org/?mlat=36.4288176&mlon=-6.1453381,alta,Cádiz,,36.428818,-6.145338,2026-08-28
OVERPASS-0877,geografia,farmacia,Farmacia Calvo Vadayo,"Farmacia Calvo Vadayo (farmacia) en La Línea de la Concepción. Coordenadas aprox: 36.1609, -5.3509.",OpenStreetMap (Overpass),https://www.openstreetmap.org/?mlat=36.1608579&mlon=-5.3508593,alta,Cádiz,La Línea de la Concepción,36.160858,-5.350859,2026-08-28
OVERPASS-0878,geografia,farmacia,Farmacia Concepción,"Farmacia Concepción (farmacia). Coordenadas aprox: 36.5298, -6.1854.",OpenStreetMap (Overpass),https://www.openstreetmap.org/?mlat=36.5298077&mlon=-6.1854143,alta,Cádiz,,36.529808,-6.185414,2026-08-28
OVERPASS-0879,geografia,farmacia,Farmacia Saralegui,"Farmacia Saralegui (farmacia). Coordenadas aprox: 36.6104, -6.2161.",OpenStreetMap (Overpass),https://www.openstreetmap.org/?mlat=36.6103579&mlon=-6.2160836,alta,Cádiz,,36.610358,-6.216084,2026-08-28
OVERPASS-0880,geografia,farmacia,Farmacia El Almendral,"Farmacia El Almendral (farmacia). Coordenadas aprox: 36.5369, -6.1746.",OpenStreetMap (Overpass),https://www.openstreetmap.org/?mlat=36.5369094&mlon=-6.1746359,alta,Cádiz,,36.536909,-6.174636,2026-08-28
OVERPASS-0881,geografia,farmacia,Farmacia Casines,"Farmacia Casines (farmacia). Coordenadas aprox: 36.5249, -6.1709.",OpenStreetMap (Overpass),https://www.openstreetmap.org/?mlat=36.5249459&mlon=-6.1708646,alta,Cádiz,,36.524946,-6.170865,2026-08-28
OVERPASS-0882,geografia,farmacia,Farmacia Victor Manuel Martínez Guerra,"Farmacia Victor Manuel Martínez Guerra (farmacia). Coordenadas aprox: 36.5977, -6.2361.",OpenStreetMap (Overpass),https://www.openstreetmap.org/?mlat=36.5977427&mlon=-6.2361414,alta,Cádiz,,36.597743,-6.236141,2026-08-28
OVERPASS-0883,geografia,farmacia,Farmacia La Jara,"Farmacia La Jara (farmacia). Coordenadas aprox: 36.7731, -6.3710.",OpenStreetMap (Overpass),https://www.openstreetmap.org/?mlat=36.773119&mlon=-6.3709548,alta,Cádiz,,36.773119,-6.370955,2026-08-28
OVERPASS-0884,supervivencia,agua potable,agua potable,"agua potable (agua potable). Coordenadas aprox: 36.6896, -6.1509.",OpenStreetMap (Overpass),https://www.openstreetmap.org/?mlat=36.6895988&mlon=-6.1508754,alta,Cádiz,,36.689599,-6.150875,2026-08-28
OVERPASS-0885,geografia,farmacia,Farmacia E. Orozco,"Farmacia E. Orozco (farmacia) en La Línea de la Concepción. Coordenadas aprox: 36.1626, -5.3443.",OpenStreetMap (Overpass),https://www.openstreetmap.org/?mlat=36.1625704&mlon=-5.3442563,alta,Cádiz,La Línea de la Concepción,36.16257,-5.344256,2026-08-28
OVERPASS-0886,supervivencia,agua potable,agua potable,"agua potable (agua potable). Coordenadas aprox: 36.4707, -6.1995.",OpenStreetMap (Overpass),https://www.openstreetmap.org/?mlat=36.4707125&mlon=-6.1995258,alta,Cádiz,,36.470712,-6.199526,2026-08-28
OVERPASS-0887,geografia,farmacia,Farmacia Carrero Fernández,"Farmacia Carrero Fernández (farmacia) en Villanueva de San Juan. Coordenadas aprox: 37.0492, -5.1753.",OpenStreetMap (Overpass),https://www.openstreetmap.org/?mlat=37.0492309&mlon=-5.1753488,alta,Cádiz,Villanueva de San Juan,37.049231,-5.175349,2026-08-28
OVERPASS-0888,geografia,centro de salud,Policlínica Europa,"Policlínica Europa (centro de salud) en La Línea de la Concepción. Coordenadas aprox: 36.1608, -5.3513.",OpenStreetMap (Overpass),https://www.openstreetmap.org/?mlat=36.160849&mlon=-5.3512926,alta,Cádiz,La Línea de la Concepción,36.160849,-5.351293,2026-08-28
OVERPASS-0889,supervivencia,agua potable,agua potable,"agua potable (agua potable). Coordenadas aprox: 36.1609, -5.3446.",OpenStreetMap (Overpass),https://www.openstreetmap.org/?mlat=36.1609469&mlon=-5.3445682,alta,Cádiz,,36.160947,-5.344568,2026-08-28
OVERPASS-0890,supervivencia,agua potable,agua potable,"agua potable (agua potable). Coordenadas aprox: 36.1607, -5.3437.",OpenStreetMap (Overpass),https://www.openstreetmap.org/?mlat=36.1606505&mlon=-5.3436918,alta,Cádiz,,36.160651,-5.343692,2026-08-28
OVERPASS-0891,geografia,farmacia,Farmacia Inmaculada Rivas,"Farmacia Inmaculada Rivas (farmacia). Coordenadas aprox: 36.1390, -5.4564.",OpenStreetMap (Overpass),https://www.openstreetmap.org/?mlat=36.1389697&mlon=-5.4564044,alta,Cádiz,,36.13897,-5.456404,2026-08-28
OVERPASS-0892,geografia,farmacia,Farmacia Crespo Sánchez,"Farmacia Crespo Sánchez (farmacia). Coordenadas aprox: 36.1402, -5.4516.",OpenStreetMap (Overpass),https://www.openstreetmap.org/?mlat=36.1401686&mlon=-5.4515563,alta,Cádiz,,36.140169,-5.451556,2026-08-28
OVERPASS-0893,geografia,farmacia,Farmacia Sagrado Corazón,"Farmacia Sagrado Corazón (farmacia). Coordenadas aprox: 36.6081, -6.2221.",OpenStreetMap (Overpass),https://www.openstreetmap.org/?mlat=36.6081052&mlon=-6.2220933,alta,Cádiz,,36.608105,-6.222093,2026-08-28
OVERPASS-0894,geografia,farmacia,Farmacia Ramón Mendaro Torres,"Farmacia Ramón Mendaro Torres (farmacia) en Lebrija. Coordenadas aprox: 36.9224, -6.0803.",OpenStreetMap (Overpass),https://www.openstreetmap.org/?mlat=36.9223736&mlon=-6.0802588,alta,Cádiz,Lebrija,36.922374,-6.080259,2026-08-28
OVERPASS-0895,geografia,farmacia,Farmacia Salinas Montés,"Farmacia Salinas Montés (farmacia) en Lebrija. Coordenadas aprox: 36.9180, -6.0799.",OpenStreetMap (Overpass),https://www.openstreetmap.org/?mlat=36.9180472&mlon=-6.0798885,alta,Cádiz,Lebrija,36.918047,-6.079889,2026-08-28
OVERPASS-0896,geografia,farmacia,Farmacia Vega,"Farmacia Vega (farmacia) en Lebrija. Coordenadas aprox: 36.9188, -6.0778.",OpenStreetMap (Overpass),https://www.openstreetmap.org/?mlat=36.9188252&mlon=-6.0778427,alta,Cádiz,Lebrija,36.918825,-6.077843,2026-08-28
OVERPASS-0897,geografia,farmacia,Farmacia Carmelo Merchan,"Farmacia Carmelo Merchan (farmacia) en Lebrija. Coordenadas aprox: 36.9202, -6.0777.",OpenStreetMap (Overpass),https://www.openstreetmap.org/?mlat=36.9201848&mlon=-6.0777113,alta,Cádiz,Lebrija,36.920185,-6.077711,2026-08-28
OVERPASS-0898,geografia,farmacia,Farmacia Santa Brigida Blanca Dulce Ayala Muñoz,"Farmacia Santa Brigida Blanca Dulce Ayala Muñoz (farmacia) en Lebrija. Coordenadas aprox: 36.9234, -6.0741.",OpenStreetMap (Overpass),https://www.openstreetmap.org/?mlat=36.923373&mlon=-6.0741114,alta,Cádiz,Lebrija,36.923373,-6.074111,2026-08-28
OVERPASS-0899,geografia,farmacia,Farmacia Emilio Angel Mendaro,"Farmacia Emilio Angel Mendaro (farmacia) en Lebrija. Coordenadas aprox: 36.9195, -6.0760.",OpenStreetMap (Overpass),https://www.openstreetmap.org/?mlat=36.9195182&mlon=-6.0759722,alta,Cádiz,Lebrija,36.919518,-6.075972,2026-08-28
OVERPASS-0900,geografia,farmacia,Farmacia El Almendral,"Farmacia El Almendral (farmacia). Coordenadas aprox: 36.7029, -6.1323.",OpenStreetMap (Overpass),https://www.openstreetmap.org/?mlat=36.7029459&mlon=-6.1322519,alta,Cádiz,,36.702946,-6.132252,2026-08-28
OVERPASS-0901,geografia,farmacia,Farmacia Benito Dorantes Calderón,"Farmacia Benito Dorantes Calderón (farmacia) en Lebrija. Coordenadas aprox: 36.9201, -6.0669.",OpenStreetMap (Overpass),https://www.openstreetmap.org/?mlat=36.9200829&mlon=-6.0668894,alta,Cádiz,Lebrija,36.920083,-6.066889,2026-08-28
OVERPASS-0902,geografia,farmacia,Farmacia García Parrilla,"Farmacia García Parrilla (farmacia) en Lebrija. Coordenadas aprox: 36.9137, -6.0885.",OpenStreetMap (Overpass),https://www.openstreetmap.org/?mlat=36.9136881&mlon=-6.0884627,alta,Cádiz,Lebrija,36.913688,-6.088463,2026-08-28
OVERPASS-0903,geografia,farmacia,Farmacia María José Domínguez Ceada,"Farmacia María José Domínguez Ceada (farmacia) en Marismillas. Coordenadas aprox: 36.9988, -5.9995.",OpenStreetMap (Overpass),https://www.openstreetmap.org/?mlat=36.9988135&mlon=-5.9995077,alta,Cádiz,Marismillas,36.998813,-5.999508,2026-08-28
OVERPASS-0904,geografia,farmacia,Farmacia Nestares,"Farmacia Nestares (farmacia) en La Línea de la Concepción. Coordenadas aprox: 36.1616, -5.3488.",OpenStreetMap (Overpass),https://www.openstreetmap.org/?mlat=36.161559&mlon=-5.3488402,alta,Cádiz,La Línea de la Concepción,36.161559,-5.34884,2026-08-28
OVERPASS-0905,geografia,farmacia,Farmacia La Velada,"Farmacia La Velada (farmacia) en La Línea de la Concepción. Coordenadas aprox: 36.1662, -5.3476.",OpenStreetMap (Overpass),https://www.openstreetmap.org/?mlat=36.16625&mlon=-5.347625,alta,Cádiz,La Línea de la Concepción,36.16625,-5.347625,2026-08-28
OVERPASS-0906,geografia,farmacia,Farmacia Marín Niebla,"Farmacia Marín Niebla (farmacia) en Montellano. Coordenadas aprox: 36.9956, -5.5730.",OpenStreetMap (Overpass),https://www.openstreetmap.org/?mlat=36.9956317&mlon=-5.5730154,alta,Cádiz,Montellano,36.995632,-5.573015,2026-08-28
OVERPASS-0907,geografia,farmacia,Farmacia Jaren Etayo,"Farmacia Jaren Etayo (farmacia) en Montellano. Coordenadas aprox: 36.9940, -5.5717.",OpenStreetMap (Overpass),https://www.openstreetmap.org/?mlat=36.994013&mlon=-5.5717464,alta,Cádiz,Montellano,36.994013,-5.571746,2026-08-28
OVERPASS-0908,geografia,farmacia,Farmacia Romero Candau,"Farmacia Romero Candau (farmacia) en Montellano. Coordenadas aprox: 36.9928, -5.5700.",OpenStreetMap (Overpass),https://www.openstreetmap.org/?mlat=36.9927805&mlon=-5.570034,alta,Cádiz,Montellano,36.992781,-5.570034,2026-08-28
OVERPASS-0909,geografia,farmacia,Farmacia Vigo,"Farmacia Vigo (farmacia) en La Línea de la Concepción. Coordenadas aprox: 36.1768, -5.3487.",OpenStreetMap (Overpass),https://www.openstreetmap.org/?mlat=36.1768064&mlon=-5.3487318,alta,Cádiz,La Línea de la Concepción,36.176806,-5.348732,2026-08-28
OVERPASS-0910,geografia,centro de salud,Acosta,"Acosta (centro de salud) en Palmones. Coordenadas aprox: 36.1861, -5.4316.",OpenStreetMap (Overpass),https://www.openstreetmap.org/?mlat=36.1860673&mlon=-5.4315631,alta,Cádiz,Palmones,36.186067,-5.431563,2026-08-28
OVERPASS-0911,geografia,farmacia,DragoFarmacia,"DragoFarmacia (farmacia) en La Línea de la Concepción. Coordenadas aprox: 36.1600, -5.3465.",OpenStreetMap (Overpass),https://www.openstreetmap.org/?mlat=36.1599532&mlon=-5.3464558,alta,Cádiz,La Línea de la Concepción,36.159953,-5.346456,2026-08-28
OVERPASS-0912,geografia,centro de salud,Audika,"Audika (centro de salud) en La Línea de la Concepción. Coordenadas aprox: 36.1600, -5.3462.",OpenStreetMap (Overpass),https://www.openstreetmap.org/?mlat=36.1599648&mlon=-5.346221,alta,Cádiz,La Línea de la Concepción,36.159965,-5.346221,2026-08-28
OVERPASS-0913,supervivencia,agua potable,agua potable,"agua potable (agua potable). Coordenadas aprox: 36.2752, -6.0925.",OpenStreetMap (Overpass),https://www.openstreetmap.org/?mlat=36.2751841&mlon=-6.092523,alta,Cádiz,,36.275184,-6.092523,2026-08-28
OVERPASS-0914,supervivencia,agua potable,agua potable,"agua potable (agua potable). Coordenadas aprox: 36.7347, -5.2573.",OpenStreetMap (Overpass),https://www.openstreetmap.org/?mlat=36.7347255&mlon=-5.2572933,alta,Cádiz,,36.734726,-5.257293,2026-08-28
OVERPASS-0915,geografia,farmacia,Farmacia Luis Braile,"Farmacia Luis Braile (farmacia) en La Línea de la Concepción. Coordenadas aprox: 36.1656, -5.3519.",OpenStreetMap (Overpass),https://www.openstreetmap.org/?mlat=36.1656204&mlon=-5.3518738,alta,Cádiz,La Línea de la Concepción,36.16562,-5.351874,2026-08-28
OVERPASS-0916,geografia,farmacia,Farmacia San Pablo,"Farmacia San Pablo (farmacia) en La Línea de la Concepción. Coordenadas aprox: 36.1640, -5.3492.",OpenStreetMap (Overpass),https://www.openstreetmap.org/?mlat=36.1640119&mlon=-5.3492334,alta,Cádiz,La Línea de la Concepción,36.164012,-5.349233,2026-08-28
OVERPASS-0917,supervivencia,agua potable,Agua,"Agua (agua potable). Coordenadas aprox: 36.4213, -6.1474.",OpenStreetMap (Overpass),https://www.openstreetmap.org/?mlat=36.4213448&mlon=-6.1474194,alta,Cádiz,,36.421345,-6.147419,2026-08-28
OVERPASS-0918,geografia,farmacia,Farmacia Arredondo,"Farmacia Arredondo (farmacia) en La Línea de la Concepción. Coordenadas aprox: 36.1621, -5.3465.",OpenStreetMap (Overpass),https://www.openstreetmap.org/?mlat=36.1620614&mlon=-5.3465184,alta,Cádiz,La Línea de la Concepción,36.162061,-5.346518,2026-08-28
OVERPASS-0919,geografia,farmacia,Farmacia central,"Farmacia central (farmacia). Coordenadas aprox: 36.4209, -6.1478.",OpenStreetMap (Overpass),https://www.openstreetmap.org/?mlat=36.4208961&mlon=-6.1478199,alta,Cádiz,,36.420896,-6.14782,2026-08-28
OVERPASS-0920,geografia,farmacia,Farmacia San Ignacio,"Farmacia San Ignacio (farmacia). Coordenadas aprox: 36.4711, -6.1977.",OpenStreetMap (Overpass),https://www.openstreetmap.org/?mlat=36.4710973&mlon=-6.197689,alta,Cádiz,,36.471097,-6.197689,2026-08-28
OVERPASS-0921,geografia,farmacia,Farmacia Clavel,"Farmacia Clavel (farmacia). Coordenadas aprox: 36.1630, -5.3481.",OpenStreetMap (Overpass),https://www.openstreetmap.org/?mlat=36.1629629&mlon=-5.3481471,alta,Cádiz,,36.162963,-5.348147,2026-08-28
OVERPASS-0922,geografia,centro de salud,Sinapsis,"Sinapsis (centro de salud). Coordenadas aprox: 36.5237, -6.2871.",OpenStreetMap (Overpass),https://www.openstreetmap.org/?mlat=36.5236748&mlon=-6.2871375,alta,Cádiz,,36.523675,-6.287138,2026-08-28
OVERPASS-0923,geografia,centro de salud,Clínica Integral,"Clínica Integral (centro de salud). Coordenadas aprox: 36.5236, -6.2866.",OpenStreetMap (Overpass),https://www.openstreetmap.org/?mlat=36.5236003&mlon=-6.2865894,alta,Cádiz,,36.5236,-6.286589,2026-08-28
OVERPASS-0924,geografia,centro de salud,Clínica estética Ancha,"Clínica estética Ancha (centro de salud). Coordenadas aprox: 36.5343, -6.2983.",OpenStreetMap (Overpass),https://www.openstreetmap.org/?mlat=36.534264&mlon=-6.2983151,alta,Cádiz,,36.534264,-6.298315,2026-08-28
OVERPASS-0925,geografia,centro de salud,Dispositivo de Urgencias Tomas del ValleServicio de emergencias San José,"Dispositivo de Urgencias Tomas del ValleServicio de emergencias San José (centro de salud) en San Fernando. Coordenadas aprox: 36.4625, -6.1958.",OpenStreetMap (Overpass),https://www.openstreetmap.org/?mlat=36.4624842&mlon=-6.1958304,alta,Cádiz,San Fernando,36.462484,-6.19583,2026-08-28
OVERPASS-0926,supervivencia,agua potable,agua potable,"agua potable (agua potable). Coordenadas aprox: 36.6170, -5.3411.",OpenStreetMap (Overpass),https://www.openstreetmap.org/?mlat=36.6169663&mlon=-5.3411371,alta,Cádiz,,36.616966,-5.341137,2026-08-28
OVERPASS-0927,geografia,farmacia,Farmacia FuenteAmarga,"Farmacia FuenteAmarga (farmacia). Coordenadas aprox: 36.4115, -6.1464.",OpenStreetMap (Overpass),https://www.openstreetmap.org/?mlat=36.4114512&mlon=-6.1464422,alta,Cádiz,,36.411451,-6.146442,2026-08-28
OVERPASS-0928,supervivencia,agua potable,agua potable,"agua potable (agua potable). Coordenadas aprox: 36.5306, -6.2915.",OpenStreetMap (Overpass),https://www.openstreetmap.org/?mlat=36.5305915&mlon=-6.2915477,alta,Cádiz,,36.530591,-6.291548,2026-08-28
OVERPASS-0929,geografia,farmacia,Farmacia Marimanta,"Farmacia Marimanta (farmacia). Coordenadas aprox: 36.6807, -6.1312.",OpenStreetMap (Overpass),https://www.openstreetmap.org/?mlat=36.6807433&mlon=-6.1312241,alta,Cádiz,,36.680743,-6.131224,2026-08-28
OVERPASS-0930,supervivencia,agua potable,agua potable,"agua potable (agua potable). Coordenadas aprox: 36.5209, -6.2866.",OpenStreetMap (Overpass),https://www.openstreetmap.org/?mlat=36.5209323&mlon=-6.286568,alta,Cádiz,,36.520932,-6.286568,2026-08-28
OVERPASS-0931,geografia,farmacia,Farmacia Paseo Marítimo CB,"Farmacia Paseo Marítimo CB (farmacia). Coordenadas aprox: 36.1320, -5.4460.",OpenStreetMap (Overpass),https://www.openstreetmap.org/?mlat=36.1320268&mlon=-5.4459556,alta,Cádiz,,36.132027,-5.445956,2026-08-28
OVERPASS-0932,supervivencia,agua potable,agua potable,"agua potable (agua potable). Coordenadas aprox: 36.7591, -5.3712.",OpenStreetMap (Overpass),https://www.openstreetmap.org/?mlat=36.7590995&mlon=-5.3712213,alta,Cádiz,,36.759099,-5.371221,2026-08-28
OVERPASS-0933,geografia,farmacia,Farmacia Rivas,"Farmacia Rivas (farmacia) en Algeciras. Coordenadas aprox: 36.1216, -5.4486.",OpenStreetMap (Overpass),https://www.openstreetmap.org/?mlat=36.1215514&mlon=-5.448601,alta,Cádiz,Algeciras,36.121551,-5.448601,2026-08-28
OVERPASS-0934,supervivencia,agua potable,agua potable,"agua potable (agua potable). Coordenadas aprox: 36.5349, -6.2939.",OpenStreetMap (Overpass),https://www.openstreetmap.org/?mlat=36.5349056&mlon=-6.2938873,alta,Cádiz,,36.534906,-6.293887,2026-08-28
OVERPASS-0935,geografia,farmacia,Farmacia Guadiaro,"Farmacia Guadiaro (farmacia) en Guadiaro. Coordenadas aprox: 36.2984, -5.2998.",OpenStreetMap (Overpass),https://www.openstreetmap.org/?mlat=36.2984143&mlon=-5.2998448,alta,Cádiz,Guadiaro,36.298414,-5.299845,2026-08-28
OVERPASS-0936,geografia,farmacia,Farmacia Pueblo Nuevo de Guadiaro,"Farmacia Pueblo Nuevo de Guadiaro (farmacia) en Pueblo Nuevo de Guadiaro. Coordenadas aprox: 36.2935, -5.2984.",OpenStreetMap (Overpass),https://www.openstreetmap.org/?mlat=36.2935054&mlon=-5.2983873,alta,Cádiz,Pueblo Nuevo de Guadiaro,36.293505,-5.298387,2026-08-28
OVERPASS-0937,geografia,farmacia,Farmacia,"Farmacia (farmacia). Coordenadas aprox: 36.6262, -6.3642.",OpenStreetMap (Overpass),https://www.openstreetmap.org/?mlat=36.6262424&mlon=-6.3642431,alta,Cádiz,,36.626242,-6.364243,2026-08-28
OVERPASS-0938,geografia,centro de salud,Centro de Salud de San Pablo de Buceite,"Centro de Salud de San Pablo de Buceite (centro de salud) en San Pablo de Buceite. Coordenadas aprox: 36.4673, -5.4125.",OpenStreetMap (Overpass),https://www.openstreetmap.org/?mlat=36.4672958&mlon=-5.4125453,alta,Cádiz,San Pablo de Buceite,36.467296,-5.412545,2026-08-28
OVERPASS-0939,supervivencia,agua potable,agua potable,"agua potable (agua potable). Coordenadas aprox: 36.1387, -5.5104.",OpenStreetMap (Overpass),https://www.openstreetmap.org/?mlat=36.1386769&mlon=-5.5103564,alta,Cádiz,,36.138677,-5.510356,2026-08-28
OVERPASS-0940,supervivencia,agua potable,agua potable,"agua potable (agua potable). Coordenadas aprox: 36.1894, -6.0213.",OpenStreetMap (Overpass),https://www.openstreetmap.org/?mlat=36.1894108&mlon=-6.0212835,alta,Cádiz,,36.189411,-6.021284,2026-08-28
OVERPASS-0941,supervivencia,agua potable,agua potable,"agua potable (agua potable). Coordenadas aprox: 36.1894, -6.0214.",OpenStreetMap (Overpass),https://www.openstreetmap.org/?mlat=36.1894426&mlon=-6.0213993,alta,Cádiz,,36.189443,-6.021399,2026-08-28
OVERPASS-0942,supervivencia,agua potable,agua potable,"agua potable (agua potable). Coordenadas aprox: 36.5182, -5.3159.",OpenStreetMap (Overpass),https://www.openstreetmap.org/?mlat=36.5181996&mlon=-5.3159387,alta,Cádiz,,36.5182,-5.315939,2026-08-28
OVERPASS-0943,supervivencia,agua potable,agua potable,"agua potable (agua potable). Coordenadas aprox: 36.4475, -6.2076.",OpenStreetMap (Overpass),https://www.openstreetmap.org/?mlat=36.447475&mlon=-6.2076217,alta,Cádiz,,36.447475,-6.207622,2026-08-28
OVERPASS-0944,supervivencia,agua potable,agua potable,"agua potable (agua potable). Coordenadas aprox: 36.4258, -5.1472.",OpenStreetMap (Overpass),https://www.openstreetmap.org/?mlat=36.4258448&mlon=-5.1472182,alta,Cádiz,,36.425845,-5.147218,2026-08-28
OVERPASS-0945,geografia,farmacia,El Parque,"El Parque (farmacia). Coordenadas aprox: 36.4672, -6.2004.",OpenStreetMap (Overpass),https://www.openstreetmap.org/?mlat=36.4671514&mlon=-6.2003786,alta,Cádiz,,36.467151,-6.200379,2026-08-28
OVERPASS-0946,geografia,centro de salud,Clínica Dermiláser,"Clínica Dermiláser (centro de salud). Coordenadas aprox: 36.4702, -6.1985.",OpenStreetMap (Overpass),https://www.openstreetmap.org/?mlat=36.4702038&mlon=-6.1984744,alta,Cádiz,,36.470204,-6.198474,2026-08-28
OVERPASS-0947,supervivencia,agua potable,agua potable,"agua potable (agua potable). Coordenadas aprox: 36.4282, -5.1361.",OpenStreetMap (Overpass),https://www.openstreetmap.org/?mlat=36.4281895&mlon=-5.1361227,alta,Cádiz,,36.42819,-5.136123,2026-08-28
OVERPASS-0948,supervivencia,agua potable,agua potable,"agua potable (agua potable). Coordenadas aprox: 36.4282, -5.1284.",OpenStreetMap (Overpass),https://www.openstreetmap.org/?mlat=36.4282445&mlon=-5.1284305,alta,Cádiz,,36.428244,-5.128431,2026-08-28
OVERPASS-0949,supervivencia,agua potable,agua potable,"agua potable (agua potable). Coordenadas aprox: 36.4282, -5.1285.",OpenStreetMap (Overpass),https://www.openstreetmap.org/?mlat=36.4282089&mlon=-5.128546,alta,Cádiz,,36.428209,-5.128546,2026-08-28
OVERPASS-0950,supervivencia,agua potable,agua potable,"agua potable (agua potable). Coordenadas aprox: 36.4152, -5.1762.",OpenStreetMap (Overpass),https://www.openstreetmap.org/?mlat=36.4151983&mlon=-5.1762202,alta,Cádiz,,36.415198,-5.17622,2026-08-28
OVERPASS-0951,supervivencia,agua potable,agua potable,"agua potable (agua potable). Coordenadas aprox: 36.4284, -5.1343.",OpenStreetMap (Overpass),https://www.openstreetmap.org/?mlat=36.4284141&mlon=-5.1343037,alta,Cádiz,,36.428414,-5.134304,2026-08-28
OVERPASS-0952,supervivencia,agua potable,agua potable,"agua potable (agua potable). Coordenadas aprox: 36.4199, -5.1506.",OpenStreetMap (Overpass),https://www.openstreetmap.org/?mlat=36.4199333&mlon=-5.1506469,alta,Cádiz,,36.419933,-5.150647,2026-08-28
OVERPASS-0953,supervivencia,agua potable,agua potable,"agua potable (agua potable). Coordenadas aprox: 36.4205, -5.1499.",OpenStreetMap (Overpass),https://www.openstreetmap.org/?mlat=36.4205289&mlon=-5.149908,alta,Cádiz,,36.420529,-5.149908,2026-08-28
OVERPASS-0954,supervivencia,agua potable,agua potable,"agua potable (agua potable). Coordenadas aprox: 36.4220, -5.1481.",OpenStreetMap (Overpass),https://www.openstreetmap.org/?mlat=36.422033&mlon=-5.1480928,alta,Cádiz,,36.422033,-5.148093,2026-08-28
OVERPASS-0955,supervivencia,agua potable,agua potable,"agua potable (agua potable). Coordenadas aprox: 36.3863, -5.2067.",OpenStreetMap (Overpass),https://www.openstreetmap.org/?mlat=36.386329&mlon=-5.2066652,alta,Cádiz,,36.386329,-5.206665,2026-08-28
OVERPASS-0956,geografia,farmacia,farmacia,"farmacia (farmacia). Coordenadas aprox: 36.2115, -5.3845.",OpenStreetMap (Overpass),https://www.openstreetmap.org/?mlat=36.2115011&mlon=-5.3845111,alta,Cádiz,,36.211501,-5.384511,2026-08-28
OVERPASS-0957,geografia,farmacia,farmacia,"farmacia (farmacia). Coordenadas aprox: 36.2093, -5.3957.",OpenStreetMap (Overpass),https://www.openstreetmap.org/?mlat=36.2092879&mlon=-5.3957309,alta,Cádiz,,36.209288,-5.395731,2026-08-28
OVERPASS-0958,geografia,farmacia,Farmacia Domínguez,"Farmacia Domínguez (farmacia) en San Roque. Coordenadas aprox: 36.2106, -5.3857.",OpenStreetMap (Overpass),https://www.openstreetmap.org/?mlat=36.2105737&mlon=-5.3856516,alta,Cádiz,San Roque,36.210574,-5.385652,2026-08-28
OVERPASS-0959,supervivencia,agua potable,agua potable,"agua potable (agua potable). Coordenadas aprox: 36.2099, -5.3876.",OpenStreetMap (Overpass),https://www.openstreetmap.org/?mlat=36.209937&mlon=-5.3876262,alta,Cádiz,,36.209937,-5.387626,2026-08-28
OVERPASS-0960,supervivencia,agua potable,agua potable,"agua potable (agua potable). Coordenadas aprox: 36.2126, -5.3820.",OpenStreetMap (Overpass),https://www.openstreetmap.org/?mlat=36.2126325&mlon=-5.3820184,alta,Cádiz,,36.212632,-5.382018,2026-08-28
OVERPASS-0961,supervivencia,agua potable,agua potable,"agua potable (agua potable). Coordenadas aprox: 36.2069, -5.4130.",OpenStreetMap (Overpass),https://www.openstreetmap.org/?mlat=36.206928&mlon=-5.4130068,alta,Cádiz,,36.206928,-5.413007,2026-08-28
OVERPASS-0962,supervivencia,agua potable,agua potable,"agua potable (agua potable). Coordenadas aprox: 36.1481, -5.4531.",OpenStreetMap (Overpass),https://www.openstreetmap.org/?mlat=36.1481243&mlon=-5.4531229,alta,Cádiz,,36.148124,-5.453123,2026-08-28
OVERPASS-0963,geografia,farmacia,Farmacia,"Farmacia (farmacia). Coordenadas aprox: 36.0174, -5.6080.",OpenStreetMap (Overpass),https://www.openstreetmap.org/?mlat=36.0174431&mlon=-5.6080209,alta,Cádiz,,36.017443,-5.608021,2026-08-28
OVERPASS-0964,supervivencia,agua potable,agua potable,"agua potable (agua potable). Coordenadas aprox: 36.0200, -5.6020.",OpenStreetMap (Overpass),https://www.openstreetmap.org/?mlat=36.020017&mlon=-5.6020168,alta,Cádiz,,36.020017,-5.602017,2026-08-28
OVERPASS-0965,supervivencia,agua potable,agua potable,"agua potable (agua potable). Coordenadas aprox: 36.0229, -5.5992.",OpenStreetMap (Overpass),https://www.openstreetmap.org/?mlat=36.0229273&mlon=-5.5991856,alta,Cádiz,,36.022927,-5.599186,2026-08-28
OVERPASS-0966,supervivencia,agua potable,agua potable,"agua potable (agua potable). Coordenadas aprox: 36.0232, -5.5989.",OpenStreetMap (Overpass),https://www.openstreetmap.org/?mlat=36.0231505&mlon=-5.5989099,alta,Cádiz,,36.02315,-5.59891,2026-08-28
OVERPASS-0967,supervivencia,agua potable,agua potable,"agua potable (agua potable). Coordenadas aprox: 36.0228, -5.5990.",OpenStreetMap (Overpass),https://www.openstreetmap.org/?mlat=36.0228171&mlon=-5.598978,alta,Cádiz,,36.022817,-5.598978,2026-08-28
OVERPASS-0968,supervivencia,agua potable,agua potable,"agua potable (agua potable). Coordenadas aprox: 36.0229, -5.5985.",OpenStreetMap (Overpass),https://www.openstreetmap.org/?mlat=36.0229163&mlon=-5.5984774,alta,Cádiz,,36.022916,-5.598477,2026-08-28
OVERPASS-0969,supervivencia,agua potable,agua potable,"agua potable (agua potable). Coordenadas aprox: 36.0227, -5.6002.",OpenStreetMap (Overpass),https://www.openstreetmap.org/?mlat=36.0226822&mlon=-5.6001565,alta,Cádiz,,36.022682,-5.600156,2026-08-28
OVERPASS-0970,supervivencia,agua potable,agua potable,"agua potable (agua potable). Coordenadas aprox: 36.0229, -5.5997.",OpenStreetMap (Overpass),https://www.openstreetmap.org/?mlat=36.0229092&mlon=-5.599705,alta,Cádiz,,36.022909,-5.599705,2026-08-28
OVERPASS-0971,supervivencia,agua potable,agua potable,"agua potable (agua potable). Coordenadas aprox: 36.5039, -6.2768.",OpenStreetMap (Overpass),https://www.openstreetmap.org/?mlat=36.5038514&mlon=-6.276834,alta,Cádiz,,36.503851,-6.276834,2026-08-28
OVERPASS-0972,geografia,centro de salud,Virginia Cristobal Clínica Médico Estética,"Virginia Cristobal Clínica Médico Estética (centro de salud). Coordenadas aprox: 36.5185, -6.2817.",OpenStreetMap (Overpass),https://www.openstreetmap.org/?mlat=36.5184899&mlon=-6.2817145,alta,Cádiz,,36.51849,-6.281714,2026-08-28
OVERPASS-0973,geografia,farmacia,Farmacia Doña,"Farmacia Doña (farmacia) en Cádiz. Coordenadas aprox: 36.5139, -6.2784.",OpenStreetMap (Overpass),https://www.openstreetmap.org/?mlat=36.5139189&mlon=-6.278408,alta,Cádiz,Cádiz,36.513919,-6.278408,2026-08-28
OVERPASS-0974,geografia,farmacia,Morillo Romero Adolfo,"Morillo Romero Adolfo (farmacia). Coordenadas aprox: 36.5146, -6.2769.",OpenStreetMap (Overpass),https://www.openstreetmap.org/?mlat=36.5145637&mlon=-6.2768945,alta,Cádiz,,36.514564,-6.276895,2026-08-28
OVERPASS-0975,geografia,farmacia,farmacia,"farmacia (farmacia). Coordenadas aprox: 36.4599, -5.9286.",OpenStreetMap (Overpass),https://www.openstreetmap.org/?mlat=36.4599197&mlon=-5.9286242,alta,Cádiz,,36.45992,-5.928624,2026-08-28
OVERPASS-0976,geografia,farmacia,farmacia,"farmacia (farmacia). Coordenadas aprox: 36.4586, -5.9283.",OpenStreetMap (Overpass),https://www.openstreetmap.org/?mlat=36.4586443&mlon=-5.9282769,alta,Cádiz,,36.458644,-5.928277,2026-08-28
OVERPASS-0977,supervivencia,agua potable,agua potable,"agua potable (agua potable). Coordenadas aprox: 36.5251, -5.8660.",OpenStreetMap (Overpass),https://www.openstreetmap.org/?mlat=36.52505&mlon=-5.8659552,alta,Cádiz,,36.52505,-5.865955,2026-08-28
OVERPASS-0978,supervivencia,agua potable,agua potable,"agua potable (agua potable). Coordenadas aprox: 36.5250, -5.8659.",OpenStreetMap (Overpass),https://www.openstreetmap.org/?mlat=36.525029&mlon=-5.8658741,alta,Cádiz,,36.525029,-5.865874,2026-08-28
OVERPASS-0979,supervivencia,agua potable,agua potable,"agua potable (agua potable). Coordenadas aprox: 36.7098, -5.8504.",OpenStreetMap (Overpass),https://www.openstreetmap.org/?mlat=36.7097707&mlon=-5.8503667,alta,Cádiz,,36.709771,-5.850367,2026-08-28
OVERPASS-0980,supervivencia,agua potable,agua potable,"agua potable (agua potable). Coordenadas aprox: 36.8748, -5.8046.",OpenStreetMap (Overpass),https://www.openstreetmap.org/?mlat=36.8748115&mlon=-5.8046165,alta,Cádiz,,36.874811,-5.804616,2026-08-28
OVERPASS-0981,geografia,farmacia,Silvia Moreno Leal,"Silvia Moreno Leal (farmacia). Coordenadas aprox: 36.5228, -6.2262.",OpenStreetMap (Overpass),https://www.openstreetmap.org/?mlat=36.5228363&mlon=-6.2261803,alta,Cádiz,,36.522836,-6.22618,2026-08-28
OVERPASS-0982,supervivencia,agua potable,Agua potable,"Agua potable (agua potable). Coordenadas aprox: 36.3563, -6.1074.",OpenStreetMap (Overpass),https://www.openstreetmap.org/?mlat=36.3563181&mlon=-6.1073834,alta,Cádiz,,36.356318,-6.107383,2026-08-28
OVERPASS-0983,supervivencia,agua potable,agua potable,"agua potable (agua potable). Coordenadas aprox: 36.5142, -6.2776.",OpenStreetMap (Overpass),https://www.openstreetmap.org/?mlat=36.5141542&mlon=-6.2775685,alta,Cádiz,,36.514154,-6.277569,2026-08-28
OVERPASS-0984,supervivencia,agua potable,agua potable,"agua potable (agua potable). Coordenadas aprox: 36.4257, -5.1454.",OpenStreetMap (Overpass),https://www.openstreetmap.org/?mlat=36.4257041&mlon=-5.1453977,alta,Cádiz,,36.425704,-5.145398,2026-08-28
OVERPASS-0985,supervivencia,agua potable,agua potable,"agua potable (agua potable). Coordenadas aprox: 36.4275, -5.1389.",OpenStreetMap (Overpass),https://www.openstreetmap.org/?mlat=36.4275321&mlon=-5.1388837,alta,Cádiz,,36.427532,-5.138884,2026-08-28
OVERPASS-0986,supervivencia,agua potable,agua potable,"agua potable (agua potable). Coordenadas aprox: 36.4267, -5.1406.",OpenStreetMap (Overpass),https://www.openstreetmap.org/?mlat=36.4267453&mlon=-5.1406142,alta,Cádiz,,36.426745,-5.140614,2026-08-28
OVERPASS-0987,supervivencia,agua potable,agua potable,"agua potable (agua potable). Coordenadas aprox: 36.4294, -5.1497.",OpenStreetMap (Overpass),https://www.openstreetmap.org/?mlat=36.4294447&mlon=-5.1497082,alta,Cádiz,,36.429445,-5.149708,2026-08-28
OVERPASS-0988,supervivencia,agua potable,agua potable,"agua potable (agua potable). Coordenadas aprox: 36.4265, -5.1509.",OpenStreetMap (Overpass),https://www.openstreetmap.org/?mlat=36.4264828&mlon=-5.1509465,alta,Cádiz,,36.426483,-5.150946,2026-08-28
OVERPASS-0989,supervivencia,agua potable,agua potable,"agua potable (agua potable). Coordenadas aprox: 36.4248, -5.1489.",OpenStreetMap (Overpass),https://www.openstreetmap.org/?mlat=36.4247604&mlon=-5.1488866,alta,Cádiz,,36.42476,-5.148887,2026-08-28
OVERPASS-0990,supervivencia,agua potable,agua potable,"agua potable (agua potable). Coordenadas aprox: 36.4192, -5.1516.",OpenStreetMap (Overpass),https://www.openstreetmap.org/?mlat=36.4191774&mlon=-5.1515769,alta,Cádiz,,36.419177,-5.151577,2026-08-28
OVERPASS-0991,supervivencia,agua potable,agua potable,"agua potable (agua potable). Coordenadas aprox: 36.4184, -5.1525.",OpenStreetMap (Overpass),https://www.openstreetmap.org/?mlat=36.4184382&mlon=-5.1524888,alta,Cádiz,,36.418438,-5.152489,2026-08-28
OVERPASS-0992,supervivencia,agua potable,agua potable,"agua potable (agua potable). Coordenadas aprox: 36.4178, -5.1531.",OpenStreetMap (Overpass),https://www.openstreetmap.org/?mlat=36.4178385&mlon=-5.1531481,alta,Cádiz,,36.417839,-5.153148,2026-08-28
OVERPASS-0993,supervivencia,agua potable,agua potable,"agua potable (agua potable). Coordenadas aprox: 36.4186, -5.1531.",OpenStreetMap (Overpass),https://www.openstreetmap.org/?mlat=36.418624&mlon=-5.1531439,alta,Cádiz,,36.418624,-5.153144,2026-08-28
OVERPASS-0994,supervivencia,agua potable,agua potable,"agua potable (agua potable). Coordenadas aprox: 36.4182, -5.1539.",OpenStreetMap (Overpass),https://www.openstreetmap.org/?mlat=36.4182302&mlon=-5.1538509,alta,Cádiz,,36.41823,-5.153851,2026-08-28
OVERPASS-0995,orientacion,faro,faro,"faro (faro). Coordenadas aprox: 36.4129, -5.1579.",OpenStreetMap (Overpass),https://www.openstreetmap.org/?mlat=36.4129452&mlon=-5.1579452,alta,Cádiz,,36.412945,-5.157945,2026-08-28
OVERPASS-0996,supervivencia,agua potable,agua potable,"agua potable (agua potable). Coordenadas aprox: 36.4234, -5.1541.",OpenStreetMap (Overpass),https://www.openstreetmap.org/?mlat=36.4234002&mlon=-5.1541345,alta,Cádiz,,36.4234,-5.154134,2026-08-28
OVERPASS-0997,supervivencia,agua potable,agua potable,"agua potable (agua potable). Coordenadas aprox: 36.4258, -5.1510.",OpenStreetMap (Overpass),https://www.openstreetmap.org/?mlat=36.425755&mlon=-5.1510334,alta,Cádiz,,36.425755,-5.151033,2026-08-28
OVERPASS-0998,supervivencia,agua potable,agua potable,"agua potable (agua potable). Coordenadas aprox: 36.4260, -5.1420.",OpenStreetMap (Overpass),https://www.openstreetmap.org/?mlat=36.425962&mlon=-5.1420408,alta,Cádiz,,36.425962,-5.142041,2026-08-28
OVERPASS-0999,supervivencia,agua potable,agua potable,"agua potable (agua potable). Coordenadas aprox: 36.2961, -5.2735.",OpenStreetMap (Overpass),https://www.openstreetmap.org/?mlat=36.2961073&mlon=-5.2734966,alta,Cádiz,,36.296107,-5.273497,2026-08-28
OVERPASS-1000,supervivencia,agua potable,agua potable,"agua potable (agua potable). Coordenadas aprox: 36.6884, -6.4178.",OpenStreetMap (Overpass),https://www.openstreetmap.org/?mlat=36.6883615&mlon=-6.4177585,alta,Cádiz,,36.688361,-6.417758,2026-08-28
OVERPASS-1001,supervivencia,agua potable,agua potable,"agua potable (agua potable). Coordenadas aprox: 36.4304, -5.1466.",OpenStreetMap (Overpass),https://www.openstreetmap.org/?mlat=36.4303584&mlon=-5.1465955,alta,Cádiz,,36.430358,-5.146596,2026-08-28
OVERPASS-1002,supervivencia,agua potable,agua potable,"agua potable (agua potable). Coordenadas aprox: 36.6869, -6.0627.",OpenStreetMap (Overpass),https://www.openstreetmap.org/?mlat=36.6868672&mlon=-6.0626955,alta,Cádiz,,36.686867,-6.062696,2026-08-28
OVERPASS-1003,supervivencia,agua potable,agua potable,"agua potable (agua potable). Coordenadas aprox: 36.3171, -6.1506.",OpenStreetMap (Overpass),https://www.openstreetmap.org/?mlat=36.3170685&mlon=-6.1506007,alta,Cádiz,,36.317068,-6.150601,2026-08-28
OVERPASS-1004,geografia,farmacia,Farmacia,"Farmacia (farmacia). Coordenadas aprox: 36.6812, -6.1340.",OpenStreetMap (Overpass),https://www.openstreetmap.org/?mlat=36.6812127&mlon=-6.1340268,alta,Cádiz,,36.681213,-6.134027,2026-08-28
OVERPASS-1005,supervivencia,agua potable,agua potable,"agua potable (agua potable). Coordenadas aprox: 36.2006, -6.0351.",OpenStreetMap (Overpass),https://www.openstreetmap.org/?mlat=36.2006137&mlon=-6.0350921,alta,Cádiz,,36.200614,-6.035092,2026-08-28
OVERPASS-1006,supervivencia,agua potable,agua potable,"agua potable (agua potable). Coordenadas aprox: 36.2261, -6.0649.",OpenStreetMap (Overpass),https://www.openstreetmap.org/?mlat=36.2260508&mlon=-6.0649276,alta,Cádiz,,36.226051,-6.064928,2026-08-28
OVERPASS-1007,supervivencia,agua potable,Fuente Baelo Claudia,"Fuente Baelo Claudia (agua potable). Coordenadas aprox: 36.0900, -5.7718.",OpenStreetMap (Overpass),https://www.openstreetmap.org/?mlat=36.0900313&mlon=-5.7717731,alta,Cádiz,,36.090031,-5.771773,2026-08-28
OVERPASS-1008,geografia,farmacia,Farmacia Hoyos de Roca,"Farmacia Hoyos de Roca (farmacia) en La Línea de la Concepción. Coordenadas aprox: 36.1673, -5.3456.",OpenStreetMap (Overpass),https://www.openstreetmap.org/?mlat=36.1672879&mlon=-5.3455786,alta,Cádiz,La Línea de la Concepción,36.167288,-5.345579,2026-08-28
OVERPASS-1009,geografia,farmacia,Farmacia La Esperanza,"Farmacia La Esperanza (farmacia) en La Línea de la Concepción. Coordenadas aprox: 36.1670, -5.3421.",OpenStreetMap (Overpass),https://www.openstreetmap.org/?mlat=36.1669738&mlon=-5.3421382,alta,Cádiz,La Línea de la Concepción,36.166974,-5.342138,2026-08-28
OVERPASS-1010,geografia,centro de salud,Láserum,"Láserum (centro de salud) en La Línea de la Concepción. Coordenadas aprox: 36.1622, -5.3524.",OpenStreetMap (Overpass),https://www.openstreetmap.org/?mlat=36.1621816&mlon=-5.3523774,alta,Cádiz,La Línea de la Concepción,36.162182,-5.352377,2026-08-28
OVERPASS-1011,geografia,farmacia,Farmacia Ldo. Hierro Bustillos,"Farmacia Ldo. Hierro Bustillos (farmacia). Coordenadas aprox: 36.8705, -6.1769.",OpenStreetMap (Overpass),https://www.openstreetmap.org/?mlat=36.8705104&mlon=-6.1768579,alta,Cádiz,,36.87051,-6.176858,2026-08-28
OVERPASS-1012,orientacion,faro,faro,"faro (faro). Coordenadas aprox: 36.4119, -5.1565.",OpenStreetMap (Overpass),https://www.openstreetmap.org/?mlat=36.4119139&mlon=-5.1564692,alta,Cádiz,,36.411914,-5.156469,2026-08-28
OVERPASS-1013,orientacion,faro,faro,"faro (faro). Coordenadas aprox: 36.4117, -5.1584.",OpenStreetMap (Overpass),https://www.openstreetmap.org/?mlat=36.4116844&mlon=-5.1583557,alta,Cádiz,,36.411684,-5.158356,2026-08-28
OVERPASS-1014,orientacion,faro,faro,"faro (faro). Coordenadas aprox: 36.4124, -5.1570.",OpenStreetMap (Overpass),https://www.openstreetmap.org/?mlat=36.4123535&mlon=-5.157008,alta,Cádiz,,36.412354,-5.157008,2026-08-28
OVERPASS-1015,geografia,farmacia,Farmacia Ángel,"Farmacia Ángel (farmacia) en La Línea de la Concepción. Coordenadas aprox: 36.1677, -5.3492.",OpenStreetMap (Overpass),https://www.openstreetmap.org/?mlat=36.1676953&mlon=-5.3492381,alta,Cádiz,La Línea de la Concepción,36.167695,-5.349238,2026-08-28
OVERPASS-1016,supervivencia,agua potable,agua potable,"agua potable (agua potable). Coordenadas aprox: 36.5045, -6.2699.",OpenStreetMap (Overpass),https://www.openstreetmap.org/?mlat=36.5045023&mlon=-6.2699271,alta,Cádiz,,36.504502,-6.269927,2026-08-28
OVERPASS-1017,orientacion,faro,faro,"faro (faro). Coordenadas aprox: 36.1584, -5.3674.",OpenStreetMap (Overpass),https://www.openstreetmap.org/?mlat=36.1583971&mlon=-5.3674285,alta,Cádiz,,36.158397,-5.367428,2026-08-28
OVERPASS-1018,geografia,centro de salud,Ibermutua,"Ibermutua (centro de salud). Coordenadas aprox: 36.4313, -5.1468.",OpenStreetMap (Overpass),https://www.openstreetmap.org/?mlat=36.4312699&mlon=-5.1467809,alta,Cádiz,,36.43127,-5.146781,2026-08-28
OVERPASS-1019,geografia,centro de salud,Servicio Integral Médico Abierto,"Servicio Integral Médico Abierto (centro de salud) en La Línea de la Concepción. Coordenadas aprox: 36.1645, -5.3483.",OpenStreetMap (Overpass),https://www.openstreetmap.org/?mlat=36.1645163&mlon=-5.3482968,alta,Cádiz,La Línea de la Concepción,36.164516,-5.348297,2026-08-28
OVERPASS-1020,supervivencia,agua potable,agua potable,"agua potable (agua potable). Coordenadas aprox: 36.4279, -5.1393.",OpenStreetMap (Overpass),https://www.openstreetmap.org/?mlat=36.4278792&mlon=-5.1392703,alta,Cádiz,,36.427879,-5.13927,2026-08-28
OVERPASS-1021,supervivencia,agua potable,agua potable,"agua potable (agua potable). Coordenadas aprox: 36.4289, -5.1411.",OpenStreetMap (Overpass),https://www.openstreetmap.org/?mlat=36.4289492&mlon=-5.141084,alta,Cádiz,,36.428949,-5.141084,2026-08-28
OVERPASS-1022,supervivencia,agua potable,agua potable,"agua potable (agua potable). Coordenadas aprox: 36.4294, -5.1416.",OpenStreetMap (Overpass),https://www.openstreetmap.org/?mlat=36.4293607&mlon=-5.1416103,alta,Cádiz,,36.429361,-5.14161,2026-08-28
OVERPASS-1023,geografia,centro de salud,Veraben Clínic,"Veraben Clínic (centro de salud) en La Línea de la Concepción. Coordenadas aprox: 36.1620, -5.3511.",OpenStreetMap (Overpass),https://www.openstreetmap.org/?mlat=36.1619512&mlon=-5.3510965,alta,Cádiz,La Línea de la Concepción,36.161951,-5.351096,2026-08-28
OVERPASS-1024,geografia,centro de salud,Clínica Radiológica Doctor Cobos,"Clínica Radiológica Doctor Cobos (centro de salud) en La Línea de la Concepción. Coordenadas aprox: 36.1623, -5.3537.",OpenStreetMap (Overpass),https://www.openstreetmap.org/?mlat=36.1623115&mlon=-5.3537055,alta,Cádiz,La Línea de la Concepción,36.162312,-5.353706,2026-08-28
OVERPASS-1025,supervivencia,agua potable,agua potable,"agua potable (agua potable). Coordenadas aprox: 36.2969, -5.2994.",OpenStreetMap (Overpass),https://www.openstreetmap.org/?mlat=36.296929&mlon=-5.2994092,alta,Cádiz,,36.296929,-5.299409,2026-08-28
OVERPASS-1026,geografia,centro de salud,Clínica San Felipe,"Clínica San Felipe (centro de salud). Coordenadas aprox: 36.2099, -5.3856.",OpenStreetMap (Overpass),https://www.openstreetmap.org/?mlat=36.2099307&mlon=-5.3855846,alta,Cádiz,,36.209931,-5.385585,2026-08-28
OVERPASS-1027,geografia,farmacia,farmacia,"farmacia (farmacia). Coordenadas aprox: 36.5163, -6.2730.",OpenStreetMap (Overpass),https://www.openstreetmap.org/?mlat=36.5163227&mlon=-6.2730494,alta,Cádiz,,36.516323,-6.273049,2026-08-28
OVERPASS-1028,geografia,centro de salud,SinVello!,"SinVello! (centro de salud) en La Línea de la Concepción. Coordenadas aprox: 36.1619, -5.3471.",OpenStreetMap (Overpass),https://www.openstreetmap.org/?mlat=36.1619053&mlon=-5.3471415,alta,Cádiz,La Línea de la Concepción,36.161905,-5.347142,2026-08-28
OVERPASS-1029,supervivencia,agua potable,agua potable,"agua potable (agua potable). Coordenadas aprox: 36.3754, -5.2519.",OpenStreetMap (Overpass),https://www.openstreetmap.org/?mlat=36.3753809&mlon=-5.2518785,alta,Cádiz,,36.375381,-5.251879,2026-08-28
OVERPASS-1030,geografia,centro de salud,Centro Multidisciplinar Alana,"Centro Multidisciplinar Alana (centro de salud) en La Línea de la Concepción. Coordenadas aprox: 36.1629, -5.3534.",OpenStreetMap (Overpass),https://www.openstreetmap.org/?mlat=36.1628572&mlon=-5.3533722,alta,Cádiz,La Línea de la Concepción,36.162857,-5.353372,2026-08-28
OVERPASS-1031,geografia,farmacia,Farmacia López San Luis,"Farmacia López San Luis (farmacia) en La Línea de la Concepción. Coordenadas aprox: 36.1691, -5.3410.",OpenStreetMap (Overpass),https://www.openstreetmap.org/?mlat=36.1691248&mlon=-5.3409861,alta,Cádiz,La Línea de la Concepción,36.169125,-5.340986,2026-08-28
OVERPASS-1032,supervivencia,agua potable,agua potable,"agua potable (agua potable). Coordenadas aprox: 36.5357, -6.3054.",OpenStreetMap (Overpass),https://www.openstreetmap.org/?mlat=36.535735&mlon=-6.3053628,alta,Cádiz,,36.535735,-6.305363,2026-08-28
OVERPASS-1033,supervivencia,agua potable,agua potable,"agua potable (agua potable). Coordenadas aprox: 36.4452, -5.2720.",OpenStreetMap (Overpass),https://www.openstreetmap.org/?mlat=36.4451515&mlon=-5.2720482,alta,Cádiz,,36.445152,-5.272048,2026-08-28
OVERPASS-1034,geografia,farmacia,San Severiano,"San Severiano (farmacia). Coordenadas aprox: 36.5210, -6.2791.",OpenStreetMap (Overpass),https://www.openstreetmap.org/?mlat=36.5209751&mlon=-6.2791347,alta,Cádiz,,36.520975,-6.279135,2026-08-28
OVERPASS-1035,supervivencia,agua potable,agua potable,"agua potable (agua potable). Coordenadas aprox: 36.2745, -6.0890.",OpenStreetMap (Overpass),https://www.openstreetmap.org/?mlat=36.2744537&mlon=-6.0889887,alta,Cádiz,,36.274454,-6.088989,2026-08-28
OVERPASS-1036,geografia,centro de salud,Clínicas Miranza,"Clínicas Miranza (centro de salud) en La Línea de la Concepción. Coordenadas aprox: 36.1607, -5.3493.",OpenStreetMap (Overpass),https://www.openstreetmap.org/?mlat=36.1606916&mlon=-5.3493352,alta,Cádiz,La Línea de la Concepción,36.160692,-5.349335,2026-08-28
OVERPASS-1037,geografia,farmacia,Farmacia Tartessus,"Farmacia Tartessus (farmacia). Coordenadas aprox: 36.3394, -6.1487.",OpenStreetMap (Overpass),https://www.openstreetmap.org/?mlat=36.3394326&mlon=-6.1486989,alta,Cádiz,,36.339433,-6.148699,2026-08-28
OVERPASS-1038,geografia,farmacia,Farmacia San Mateo Cádiz,"Farmacia San Mateo Cádiz (farmacia). Coordenadas aprox: 36.5117, -6.2741.",OpenStreetMap (Overpass),https://www.openstreetmap.org/?mlat=36.5116728&mlon=-6.2741,alta,Cádiz,,36.511673,-6.2741,2026-08-28
OVERPASS-1039,supervivencia,agua potable,Fuente Potable Simón Susarte,"Fuente Potable Simón Susarte (agua potable). Coordenadas aprox: 36.2132, -5.3840.",OpenStreetMap (Overpass),https://www.openstreetmap.org/?mlat=36.2131528&mlon=-5.3840485,alta,Cádiz,,36.213153,-5.384048,2026-08-28
OVERPASS-1040,geografia,centro de salud,Clinica El Rosal,"Clinica El Rosal (centro de salud). Coordenadas aprox: 36.1702, -5.3447.",OpenStreetMap (Overpass),https://www.openstreetmap.org/?mlat=36.1702385&mlon=-5.3446822,alta,Cádiz,,36.170239,-5.344682,2026-08-28
OVERPASS-1041,geografia,farmacia,Farmacia Pedreras,"Farmacia Pedreras (farmacia) en La Línea de la Concepción. Coordenadas aprox: 36.1663, -5.3557.",OpenStreetMap (Overpass),https://www.openstreetmap.org/?mlat=36.1662941&mlon=-5.3556724,alta,Cádiz,La Línea de la Concepción,36.166294,-5.355672,2026-08-28
OVERPASS-1042,geografia,farmacia,Aguilar,"Aguilar (farmacia). Coordenadas aprox: 36.5242, -6.2862.",OpenStreetMap (Overpass),https://www.openstreetmap.org/?mlat=36.5242123&mlon=-6.2861956,alta,Cádiz,,36.524212,-6.286196,2026-08-28
OVERPASS-1043,geografia,farmacia,La Parafarmacia,"La Parafarmacia (farmacia). Coordenadas aprox: 36.5999, -6.2516.",OpenStreetMap (Overpass),https://www.openstreetmap.org/?mlat=36.5999012&mlon=-6.2515974,alta,Cádiz,,36.599901,-6.251597,2026-08-28
OVERPASS-1044,geografia,farmacia,Farmacia getares 12h,"Farmacia getares 12h (farmacia). Coordenadas aprox: 36.0993, -5.4436.",OpenStreetMap (Overpass),https://www.openstreetmap.org/?mlat=36.0992754&mlon=-5.4436294,alta,Cádiz,,36.099275,-5.443629,2026-08-28
OVERPASS-1045,geografia,farmacia,Farmacia Quintana-Rojas,"Farmacia Quintana-Rojas (farmacia). Coordenadas aprox: 36.1222, -5.4529.",OpenStreetMap (Overpass),https://www.openstreetmap.org/?mlat=36.1222365&mlon=-5.452884,alta,Cádiz,,36.122236,-5.452884,2026-08-28
OVERPASS-1046,geografia,centro de salud,HT Médica Algeciras - Sotorebolo,"HT Médica Algeciras - Sotorebolo (centro de salud). Coordenadas aprox: 36.1090, -5.4513.",OpenStreetMap (Overpass),https://www.openstreetmap.org/?mlat=36.1090042&mlon=-5.4512861,alta,Cádiz,,36.109004,-5.451286,2026-08-28
OVERPASS-1047,geografia,farmacia,Farmacia Ldo. Marín Magán,"Farmacia Ldo. Marín Magán (farmacia). Coordenadas aprox: 36.4549, -6.2084.",OpenStreetMap (Overpass),https://www.openstreetmap.org/?mlat=36.4549052&mlon=-6.2084163,alta,Cádiz,,36.454905,-6.208416,2026-08-28
OVERPASS-1048,geografia,farmacia,"Farmacia del Carmen, Fernandez Prada Arias","Farmacia del Carmen, Fernandez Prada Arias (farmacia). Coordenadas aprox: 36.5981, -6.2250.",OpenStreetMap (Overpass),https://www.openstreetmap.org/?mlat=36.5981432&mlon=-6.2250347,alta,Cádiz,,36.598143,-6.225035,2026-08-28
OVERPASS-1049,geografia,farmacia,Farmacia Aguila Torres,"Farmacia Aguila Torres (farmacia). Coordenadas aprox: 36.1335, -5.4498.",OpenStreetMap (Overpass),https://www.openstreetmap.org/?mlat=36.1334556&mlon=-5.4498088,alta,Cádiz,,36.133456,-5.449809,2026-08-28
OVERPASS-1050,geografia,centro de salud,Centro de Salud Casa del Mar,"Centro de Salud Casa del Mar (centro de salud). Coordenadas aprox: 36.5910, -6.2296.",OpenStreetMap (Overpass),https://www.openstreetmap.org/?mlat=36.5910398&mlon=-6.2295661,alta,Cádiz,,36.59104,-6.229566,2026-08-28
OVERPASS-1051,geografia,centro de salud,Centro de Salud Puerto Santa María-Norte Pinillo Chico,"Centro de Salud Puerto Santa María-Norte Pinillo Chico (centro de salud). Coordenadas aprox: 36.6104, -6.2170.",OpenStreetMap (Overpass),https://www.openstreetmap.org/?mlat=36.6103565&mlon=-6.2170039,alta,Cádiz,,36.610357,-6.217004,2026-08-28
OVERPASS-1052,geografia,centro de salud,Centro de Salud Puerto Santa María Angel Salvatierra,"Centro de Salud Puerto Santa María Angel Salvatierra (centro de salud). Coordenadas aprox: 36.6119, -6.2294.",OpenStreetMap (Overpass),https://www.openstreetmap.org/?mlat=36.6118626&mlon=-6.2293962,alta,Cádiz,,36.611863,-6.229396,2026-08-28
OVERPASS-1053,geografia,centro de salud,Centro de Salud Puerto de Santa María Sur,"Centro de Salud Puerto de Santa María Sur (centro de salud). Coordenadas aprox: 36.5983, -6.2355.",OpenStreetMap (Overpass),https://www.openstreetmap.org/?mlat=36.5983486&mlon=-6.2355109,alta,Cádiz,,36.598349,-6.235511,2026-08-28
OVERPASS-1054,supervivencia,agua potable,Wasserspender,"Wasserspender (agua potable). Coordenadas aprox: 36.3640, -6.1723.",OpenStreetMap (Overpass),https://www.openstreetmap.org/?mlat=36.3640091&mlon=-6.172265,alta,Cádiz,,36.364009,-6.172265,2026-08-28
OVERPASS-1055,supervivencia,agua potable,agua potable,"agua potable (agua potable). Coordenadas aprox: 36.4188, -6.1496.",OpenStreetMap (Overpass),https://www.openstreetmap.org/?mlat=36.4188406&mlon=-6.1495643,alta,Cádiz,,36.418841,-6.149564,2026-08-28
OVERPASS-1056,supervivencia,agua potable,Wasserspender Stein,"Wasserspender Stein (agua potable). Coordenadas aprox: 36.3635, -6.1722.",OpenStreetMap (Overpass),https://www.openstreetmap.org/?mlat=36.3635282&mlon=-6.1721817,alta,Cádiz,,36.363528,-6.172182,2026-08-28
OVERPASS-1057,supervivencia,agua potable,Stein Wasserspender,"Stein Wasserspender (agua potable). Coordenadas aprox: 36.3626, -6.1715.",OpenStreetMap (Overpass),https://www.openstreetmap.org/?mlat=36.3626039&mlon=-6.1714726,alta,Cádiz,,36.362604,-6.171473,2026-08-28
OVERPASS-1058,supervivencia,agua potable,agua potable,"agua potable (agua potable). Coordenadas aprox: 36.6490, -5.1568.",OpenStreetMap (Overpass),https://www.openstreetmap.org/?mlat=36.6489577&mlon=-5.1567795,alta,Cádiz,,36.648958,-5.156779,2026-08-28
OVERPASS-1059,geografia,farmacia,Farmacia Ortega,"Farmacia Ortega (farmacia) en Cádiz. Coordenadas aprox: 36.5233, -6.2779.",OpenStreetMap (Overpass),https://www.openstreetmap.org/?mlat=36.5233182&mlon=-6.2778772,alta,Cádiz,Cádiz,36.523318,-6.277877,2026-08-28
OVERPASS-1060,supervivencia,agua potable,agua potable,"agua potable (agua potable). Coordenadas aprox: 36.5358, -6.3039.",OpenStreetMap (Overpass),https://www.openstreetmap.org/?mlat=36.5357536&mlon=-6.3038872,alta,Cádiz,,36.535754,-6.303887,2026-08-28
OVERPASS-1061,geografia,centro de salud,Centro Medico Bahía Blanca,"Centro Medico Bahía Blanca (centro de salud). Coordenadas aprox: 36.5238, -6.2855.",OpenStreetMap (Overpass),https://www.openstreetmap.org/?mlat=36.5237909&mlon=-6.285529,alta,Cádiz,,36.523791,-6.285529,2026-08-28
OVERPASS-1062,geografia,centro de salud,Centro Médico Acacias,"Centro Médico Acacias (centro de salud). Coordenadas aprox: 36.5238, -6.2855.",OpenStreetMap (Overpass),https://www.openstreetmap.org/?mlat=36.5238118&mlon=-6.2854707,alta,Cádiz,,36.523812,-6.285471,2026-08-28
OVERPASS-1063,geografia,farmacia,Farmacia MªDolores Crespo Milla,"Farmacia MªDolores Crespo Milla (farmacia). Coordenadas aprox: 36.4507, -6.2062.",OpenStreetMap (Overpass),https://www.openstreetmap.org/?mlat=36.4507159&mlon=-6.2062353,alta,Cádiz,,36.450716,-6.206235,2026-08-28
OVERPASS-1064,geografia,centro de salud,Centro Médico Lansy,"Centro Médico Lansy (centro de salud). Coordenadas aprox: 36.5954, -6.2264.",OpenStreetMap (Overpass),https://www.openstreetmap.org/?mlat=36.5953788&mlon=-6.2263709,alta,Cádiz,,36.595379,-6.226371,2026-08-28
OVERPASS-1065,supervivencia,agua potable,agua potable,"agua potable (agua potable). Coordenadas aprox: 36.4229, -5.1469.",OpenStreetMap (Overpass),https://www.openstreetmap.org/?mlat=36.4229103&mlon=-5.1468586,alta,Cádiz,,36.42291,-5.146859,2026-08-28
OVERPASS-1066,supervivencia,agua potable,agua potable,"agua potable (agua potable). Coordenadas aprox: 36.3686, -5.2243.",OpenStreetMap (Overpass),https://www.openstreetmap.org/?mlat=36.3685607&mlon=-5.2242888,alta,Cádiz,,36.368561,-5.224289,2026-08-28
OVERPASS-1067,supervivencia,agua potable,agua potable,"agua potable (agua potable). Coordenadas aprox: 36.4214, -5.1488.",OpenStreetMap (Overpass),https://www.openstreetmap.org/?mlat=36.4214432&mlon=-5.1487952,alta,Cádiz,,36.421443,-5.148795,2026-08-28
OVERPASS-1068,supervivencia,agua potable,agua potable,"agua potable (agua potable). Coordenadas aprox: 36.4237, -5.1457.",OpenStreetMap (Overpass),https://www.openstreetmap.org/?mlat=36.4237091&mlon=-5.1457237,alta,Cádiz,,36.423709,-5.145724,2026-08-28
OVERPASS-1069,supervivencia,agua potable,agua potable,"agua potable (agua potable). Coordenadas aprox: 36.3482, -5.2340.",OpenStreetMap (Overpass),https://www.openstreetmap.org/?mlat=36.3481725&mlon=-5.2340119,alta,Cádiz,,36.348172,-5.234012,2026-08-28
OVERPASS-1070,supervivencia,agua potable,agua potable,"agua potable (agua potable). Coordenadas aprox: 36.3002, -5.3024.",OpenStreetMap (Overpass),https://www.openstreetmap.org/?mlat=36.300195&mlon=-5.3024251,alta,Cádiz,,36.300195,-5.302425,2026-08-28
OVERPASS-1071,supervivencia,refugio,refugio,"refugio (refugio). Coordenadas aprox: 36.0178, -5.6007.",OpenStreetMap (Overpass),https://www.openstreetmap.org/?mlat=36.0178317&mlon=-5.6007044,alta,Cádiz,,36.017832,-5.600704,2026-08-28
OVERPASS-1072,supervivencia,refugio,refugio,"refugio (refugio). Coordenadas aprox: 36.0182, -5.6007.",OpenStreetMap (Overpass),https://www.openstreetmap.org/?mlat=36.0182316&mlon=-5.6006628,alta,Cádiz,,36.018232,-5.600663,2026-08-28
OVERPASS-1073,geografia,centro de salud,Clínica Gades,"Clínica Gades (centro de salud). Coordenadas aprox: 36.5190, -6.2821.",OpenStreetMap (Overpass),https://www.openstreetmap.org/?mlat=36.5189502&mlon=-6.2820702,alta,Cádiz,,36.51895,-6.28207,2026-08-28
OVERPASS-1074,geografia,centro de salud,centro de salud,"centro de salud (centro de salud). Coordenadas aprox: 36.5202, -6.2846.",OpenStreetMap (Overpass),https://www.openstreetmap.org/?mlat=36.5201608&mlon=-6.2845825,alta,Cádiz,,36.520161,-6.284582,2026-08-28
OVERPASS-1075,geografia,centro de salud,Clínica del Pie,"Clínica del Pie (centro de salud). Coordenadas aprox: 36.5198, -6.2831.",OpenStreetMap (Overpass),https://www.openstreetmap.org/?mlat=36.5197683&mlon=-6.2830585,alta,Cádiz,,36.519768,-6.283059,2026-08-28
OVERPASS-1076,geografia,centro de salud,Higea Salud Integral,"Higea Salud Integral (centro de salud). Coordenadas aprox: 36.5196, -6.2835.",OpenStreetMap (Overpass),https://www.openstreetmap.org/?mlat=36.5196193&mlon=-6.2835128,alta,Cádiz,,36.519619,-6.283513,2026-08-28
OVERPASS-1077,supervivencia,refugio,refugio,"refugio (refugio). Coordenadas aprox: 36.0145, -5.6068.",OpenStreetMap (Overpass),https://www.openstreetmap.org/?mlat=36.0144887&mlon=-5.6068441,alta,Cádiz,,36.014489,-5.606844,2026-08-28
OVERPASS-1078,supervivencia,agua potable,agua potable,"agua potable (agua potable). Coordenadas aprox: 36.0222, -5.5998.",OpenStreetMap (Overpass),https://www.openstreetmap.org/?mlat=36.0222182&mlon=-5.5997957,alta,Cádiz,,36.022218,-5.599796,2026-08-28
OVERPASS-1079,supervivencia,refugio,refugio,"refugio (refugio). Coordenadas aprox: 36.0137, -5.6054.",OpenStreetMap (Overpass),https://www.openstreetmap.org/?mlat=36.0136599&mlon=-5.6054357,alta,Cádiz,,36.01366,-5.605436,2026-08-28
OVERPASS-1080,supervivencia,refugio,refugio,"refugio (refugio). Coordenadas aprox: 36.0209, -5.6119.",OpenStreetMap (Overpass),https://www.openstreetmap.org/?mlat=36.0209047&mlon=-5.6118813,alta,Cádiz,,36.020905,-5.611881,2026-08-28
OVERPASS-1081,geografia,farmacia,Farmacia D6,"Farmacia D6 (farmacia). Coordenadas aprox: 36.4197, -6.1567.",OpenStreetMap (Overpass),https://www.openstreetmap.org/?mlat=36.419709&mlon=-6.1567123,alta,Cádiz,,36.419709,-6.156712,2026-08-28
OVERPASS-1082,geografia,farmacia,Las Goletas,"Las Goletas (farmacia). Coordenadas aprox: 36.4279, -6.1469.",OpenStreetMap (Overpass),https://www.openstreetmap.org/?mlat=36.4279265&mlon=-6.1469176,alta,Cádiz,,36.427926,-6.146918,2026-08-28
OVERPASS-1083,geografia,farmacia,La Fuente,"La Fuente (farmacia). Coordenadas aprox: 36.4172, -6.1580.",OpenStreetMap (Overpass),https://www.openstreetmap.org/?mlat=36.4172108&mlon=-6.157953,alta,Cádiz,,36.417211,-6.157953,2026-08-28
OVERPASS-1084,geografia,farmacia,Farmacia Gibraltar,"Farmacia Gibraltar (farmacia) en La Línea de la Concepción. Coordenadas aprox: 36.1706, -5.3417.",OpenStreetMap (Overpass),https://www.openstreetmap.org/?mlat=36.1705924&mlon=-5.3417021,alta,Cádiz,La Línea de la Concepción,36.170592,-5.341702,2026-08-28
OVERPASS-1085,supervivencia,agua potable,agua potable,"agua potable (agua potable). Coordenadas aprox: 36.2732, -6.0884.",OpenStreetMap (Overpass),https://www.openstreetmap.org/?mlat=36.2731947&mlon=-6.0884316,alta,Cádiz,,36.273195,-6.088432,2026-08-28
OVERPASS-1086,supervivencia,agua potable,agua potable,"agua potable (agua potable). Coordenadas aprox: 36.1459, -5.4483.",OpenStreetMap (Overpass),https://www.openstreetmap.org/?mlat=36.145931&mlon=-5.4482717,alta,Cádiz,,36.145931,-5.448272,2026-08-28
OVERPASS-1087,geografia,farmacia,farmacia,"farmacia (farmacia). Coordenadas aprox: 36.1462, -5.4513.",OpenStreetMap (Overpass),https://www.openstreetmap.org/?mlat=36.1461853&mlon=-5.4513476,alta,Cádiz,,36.146185,-5.451348,2026-08-28
OVERPASS-1088,supervivencia,agua potable,agua potable,"agua potable (agua potable). Coordenadas aprox: 36.1306, -5.4450.",OpenStreetMap (Overpass),https://www.openstreetmap.org/?mlat=36.1306184&mlon=-5.4449788,alta,Cádiz,,36.130618,-5.444979,2026-08-28
OVERPASS-1089,geografia,farmacia,Farmacia Montabes,"Farmacia Montabes (farmacia). Coordenadas aprox: 36.4144, -6.1464.",OpenStreetMap (Overpass),https://www.openstreetmap.org/?mlat=36.4143769&mlon=-6.1463551,alta,Cádiz,,36.414377,-6.146355,2026-08-28
OVERPASS-1090,supervivencia,agua potable,Fuente de Correa,"Fuente de Correa (agua potable). Coordenadas aprox: 36.1076, -5.4865.",OpenStreetMap (Overpass),https://www.openstreetmap.org/?mlat=36.1075915&mlon=-5.4864757,alta,Cádiz,,36.107591,-5.486476,2026-08-28
OVERPASS-1091,supervivencia,agua potable,agua potable,"agua potable (agua potable). Coordenadas aprox: 36.6287, -6.3830.",OpenStreetMap (Overpass),https://www.openstreetmap.org/?mlat=36.6287316&mlon=-6.383041,alta,Cádiz,,36.628732,-6.383041,2026-08-28
OVERPASS-1092,geografia,farmacia,Farmacia Bonelo,"Farmacia Bonelo (farmacia) en La Línea de la Concepción. Coordenadas aprox: 36.1692, -5.3460.",OpenStreetMap (Overpass),https://www.openstreetmap.org/?mlat=36.1692371&mlon=-5.3459999,alta,Cádiz,La Línea de la Concepción,36.169237,-5.346,2026-08-28
OVERPASS-1093,geografia,centro de salud,entro Médico Veedor,"entro Médico Veedor (centro de salud). Coordenadas aprox: 36.5354, -6.3002.",OpenStreetMap (Overpass),https://www.openstreetmap.org/?mlat=36.5354148&mlon=-6.3001951,alta,Cádiz,,36.535415,-6.300195,2026-08-28
OVERPASS-1094,supervivencia,agua potable,Fuente de los Ocho Caños,"Fuente de los Ocho Caños (agua potable). Coordenadas aprox: 36.7605, -5.3671.",OpenStreetMap (Overpass),https://www.openstreetmap.org/?mlat=36.7605337&mlon=-5.3670668,alta,Cádiz,,36.760534,-5.367067,2026-08-28
OVERPASS-1095,supervivencia,agua potable,agua potable,"agua potable (agua potable). Coordenadas aprox: 36.6350, -6.3785.",OpenStreetMap (Overpass),https://www.openstreetmap.org/?mlat=36.634975&mlon=-6.37851,alta,Cádiz,,36.634975,-6.37851,2026-08-28
OVERPASS-1096,supervivencia,agua potable,agua potable,"agua potable (agua potable). Coordenadas aprox: 36.6307, -6.3757.",OpenStreetMap (Overpass),https://www.openstreetmap.org/?mlat=36.6307322&mlon=-6.3756937,alta,Cádiz,,36.630732,-6.375694,2026-08-28
OVERPASS-1097,supervivencia,agua potable,agua potable,"agua potable (agua potable). Coordenadas aprox: 36.6307, -6.3759.",OpenStreetMap (Overpass),https://www.openstreetmap.org/?mlat=36.6306535&mlon=-6.3758527,alta,Cádiz,,36.630654,-6.375853,2026-08-28
OVERPASS-1098,geografia,farmacia,Farmacia Medina 76,"Farmacia Medina 76 (farmacia). Coordenadas aprox: 36.4156, -6.1324.",OpenStreetMap (Overpass),https://www.openstreetmap.org/?mlat=36.4155986&mlon=-6.1324076,alta,Cádiz,,36.415599,-6.132408,2026-08-28
OVERPASS-1099,geografia,centro de salud,Policlínica Andrea Regina,"Policlínica Andrea Regina (centro de salud). Coordenadas aprox: 36.1313, -5.4520.",OpenStreetMap (Overpass),https://www.openstreetmap.org/?mlat=36.1312577&mlon=-5.4520321,alta,Cádiz,,36.131258,-5.452032,2026-08-28
OVERPASS-1100,geografia,farmacia,Farmacia Plaza del Arenal,"Farmacia Plaza del Arenal (farmacia). Coordenadas aprox: 36.6821, -6.1379.",OpenStreetMap (Overpass),https://www.openstreetmap.org/?mlat=36.6820544&mlon=-6.1378571,alta,Cádiz,,36.682054,-6.137857,2026-08-28
OVERPASS-1101,geografia,farmacia,Farmacia Elisa Gil de Reboleño Roselló,"Farmacia Elisa Gil de Reboleño Roselló (farmacia). Coordenadas aprox: 36.5932, -6.2361.",OpenStreetMap (Overpass),https://www.openstreetmap.org/?mlat=36.5932388&mlon=-6.236144,alta,Cádiz,,36.593239,-6.236144,2026-08-28
OVERPASS-1102,geografia,centro de salud,Centro Médico Lansys Costa Oeste,"Centro Médico Lansys Costa Oeste (centro de salud). Coordenadas aprox: 36.5996, -6.2469.",OpenStreetMap (Overpass),https://www.openstreetmap.org/?mlat=36.599557&mlon=-6.246861,alta,Cádiz,,36.599557,-6.246861,2026-08-28
OVERPASS-1103,geografia,centro de salud,Manuel Morales Guerrero,"Manuel Morales Guerrero (centro de salud) en La Línea de la Concepción. Coordenadas aprox: 36.1608, -5.3496.",OpenStreetMap (Overpass),https://www.openstreetmap.org/?mlat=36.1608206&mlon=-5.3495595,alta,Cádiz,La Línea de la Concepción,36.160821,-5.349559,2026-08-28
OVERPASS-1104,geografia,farmacia,Farmacia Navarro Mañasco,"Farmacia Navarro Mañasco (farmacia) en La Línea de la Concepción. Coordenadas aprox: 36.1689, -5.3598.",OpenStreetMap (Overpass),https://www.openstreetmap.org/?mlat=36.1689433&mlon=-5.3598226,alta,Cádiz,La Línea de la Concepción,36.168943,-5.359823,2026-08-28
OVERPASS-1105,supervivencia,agua potable,Fuente Nueva (Montejaque),"Fuente Nueva (Montejaque) (agua potable). Coordenadas aprox: 36.7353, -5.2512.",OpenStreetMap (Overpass),https://www.openstreetmap.org/?mlat=36.7353335&mlon=-5.2511868,alta,Cádiz,,36.735334,-5.251187,2026-08-28
OVERPASS-1106,supervivencia,agua potable,agua potable,"agua potable (agua potable). Coordenadas aprox: 36.3970, -6.1670.",OpenStreetMap (Overpass),https://www.openstreetmap.org/?mlat=36.396954&mlon=-6.1669616,alta,Cádiz,,36.396954,-6.166962,2026-08-28
OVERPASS-1107,geografia,farmacia,farmacia,"farmacia (farmacia). Coordenadas aprox: 36.8392, -5.3913.",OpenStreetMap (Overpass),https://www.openstreetmap.org/?mlat=36.8391517&mlon=-5.3913176,alta,Cádiz,,36.839152,-5.391318,2026-08-28
OVERPASS-1108,supervivencia,agua potable,agua potable,"agua potable (agua potable). Coordenadas aprox: 36.6965, -5.3833.",OpenStreetMap (Overpass),https://www.openstreetmap.org/?mlat=36.6964903&mlon=-5.3833184,alta,Cádiz,,36.69649,-5.383318,2026-08-28
OVERPASS-1109,supervivencia,agua potable,agua potable,"agua potable (agua potable). Coordenadas aprox: 36.6968, -5.3824.",OpenStreetMap (Overpass),https://www.openstreetmap.org/?mlat=36.6967873&mlon=-5.3823902,alta,Cádiz,,36.696787,-5.38239,2026-08-28
OVERPASS-1110,supervivencia,agua potable,agua potable,"agua potable (agua potable). Coordenadas aprox: 36.0864, -5.7683.",OpenStreetMap (Overpass),https://www.openstreetmap.org/?mlat=36.0863925&mlon=-5.7682955,alta,Cádiz,,36.086393,-5.768295,2026-08-28
OVERPASS-1111,geografia,farmacia,Farmacia Igartua Miró,"Farmacia Igartua Miró (farmacia) en La Línea de la Concepción. Coordenadas aprox: 36.1687, -5.3568.",OpenStreetMap (Overpass),https://www.openstreetmap.org/?mlat=36.1687278&mlon=-5.3567633,alta,Cádiz,La Línea de la Concepción,36.168728,-5.356763,2026-08-28
OVERPASS-1112,supervivencia,agua potable,agua potable,"agua potable (agua potable). Coordenadas aprox: 36.5652, -5.2133.",OpenStreetMap (Overpass),https://www.openstreetmap.org/?mlat=36.5651846&mlon=-5.2132543,alta,Cádiz,,36.565185,-5.213254,2026-08-28
OVERPASS-1113,supervivencia,agua potable,agua potable,"agua potable (agua potable). Coordenadas aprox: 36.7577, -5.5091.",OpenStreetMap (Overpass),https://www.openstreetmap.org/?mlat=36.7576669&mlon=-5.5090762,alta,Cádiz,,36.757667,-5.509076,2026-08-28
OVERPASS-1114,supervivencia,agua potable,agua potable,"agua potable (agua potable). Coordenadas aprox: 36.7559, -5.4050.",OpenStreetMap (Overpass),https://www.openstreetmap.org/?mlat=36.7558735&mlon=-5.4050299,alta,Cádiz,,36.755873,-5.40503,2026-08-28
OVERPASS-1115,geografia,centro de salud,Centro de Diagnóstico CMDI,"Centro de Diagnóstico CMDI (centro de salud). Coordenadas aprox: 36.5165, -6.2821.",OpenStreetMap (Overpass),https://www.openstreetmap.org/?mlat=36.5165149&mlon=-6.2820518,alta,Cádiz,,36.516515,-6.282052,2026-08-28
OVERPASS-1116,geografia,farmacia,farmacia,"farmacia (farmacia). Coordenadas aprox: 36.4583, -5.9276.",OpenStreetMap (Overpass),https://www.openstreetmap.org/?mlat=36.4582977&mlon=-5.9276197,alta,Cádiz,,36.458298,-5.92762,2026-08-28
OVERPASS-1117,supervivencia,agua potable,agua potable,"agua potable (agua potable). Coordenadas aprox: 36.1709, -5.3391.",OpenStreetMap (Overpass),https://www.openstreetmap.org/?mlat=36.1708947&mlon=-5.3390953,alta,Cádiz,,36.170895,-5.339095,2026-08-28
OVERPASS-1118,supervivencia,agua potable,agua potable,"agua potable (agua potable). Coordenadas aprox: 36.4255, -5.4367.",OpenStreetMap (Overpass),https://www.openstreetmap.org/?mlat=36.4254967&mlon=-5.4367386,alta,Cádiz,,36.425497,-5.436739,2026-08-28
OVERPASS-1119,supervivencia,agua potable,agua potable,"agua potable (agua potable). Coordenadas aprox: 36.7470, -5.2624.",OpenStreetMap (Overpass),https://www.openstreetmap.org/?mlat=36.7469829&mlon=-5.2624257,alta,Cádiz,,36.746983,-5.262426,2026-08-28
OVERPASS-1120,supervivencia,agua potable,agua potable,"agua potable (agua potable). Coordenadas aprox: 36.5176, -5.3299.",OpenStreetMap (Overpass),https://www.openstreetmap.org/?mlat=36.5176178&mlon=-5.3298846,alta,Cádiz,,36.517618,-5.329885,2026-08-28
OVERPASS-1121,geografia,centro de salud,Clínica Cuervo,"Clínica Cuervo (centro de salud) en La Línea de la Concepción. Coordenadas aprox: 36.1738, -5.3503.",OpenStreetMap (Overpass),https://www.openstreetmap.org/?mlat=36.1737538&mlon=-5.3502876,alta,Cádiz,La Línea de la Concepción,36.173754,-5.350288,2026-08-28
OVERPASS-1122,supervivencia,agua potable,agua potable,"agua potable (agua potable). Coordenadas aprox: 36.7576, -5.5091.",OpenStreetMap (Overpass),https://www.openstreetmap.org/?mlat=36.7576457&mlon=-5.5091121,alta,Cádiz,,36.757646,-5.509112,2026-08-28
OVERPASS-1123,geografia,farmacia,Farmacia Cadenas,"Farmacia Cadenas (farmacia) en La Línea de la Concepción. Coordenadas aprox: 36.1722, -5.3383.",OpenStreetMap (Overpass),https://www.openstreetmap.org/?mlat=36.172233&mlon=-5.3382545,alta,Cádiz,La Línea de la Concepción,36.172233,-5.338254,2026-08-28
OVERPASS-1124,geografia,centro de salud,Hospital Recoletos consultas externas,"Hospital Recoletos consultas externas (centro de salud). Coordenadas aprox: 36.4994, -6.2726.",OpenStreetMap (Overpass),https://www.openstreetmap.org/?mlat=36.4993557&mlon=-6.2726483,alta,Cádiz,,36.499356,-6.272648,2026-08-28
OVERPASS-1125,geografia,centro de salud,Genesis Care Campo de Gibraltar,"Genesis Care Campo de Gibraltar (centro de salud). Coordenadas aprox: 36.1111, -5.4396.",OpenStreetMap (Overpass),https://www.openstreetmap.org/?mlat=36.1110817&mlon=-5.4396242,alta,Cádiz,,36.111082,-5.439624,2026-08-28
OVERPASS-1126,geografia,farmacia,Farmacia Torres Quevedo,"Farmacia Torres Quevedo (farmacia) en La Línea de la Concepción. Coordenadas aprox: 36.1684, -5.3637.",OpenStreetMap (Overpass),https://www.openstreetmap.org/?mlat=36.16843&mlon=-5.3636666,alta,Cádiz,La Línea de la Concepción,36.16843,-5.363667,2026-08-28
OVERPASS-1127,supervivencia,refugio,وتبنوي,"وتبنوي (refugio). Coordenadas aprox: 35.9503, -5.6300.",OpenStreetMap (Overpass),https://www.openstreetmap.org/?mlat=35.9502634&mlon=-5.6299537,alta,Cádiz,,35.950263,-5.629954,2026-08-28
OVERPASS-1128,geografia,centro de salud,Clínica Virgen del Carmen,"Clínica Virgen del Carmen (centro de salud) en La Línea de la Concepción. Coordenadas aprox: 36.1730, -5.3376.",OpenStreetMap (Overpass),https://www.openstreetmap.org/?mlat=36.1730464&mlon=-5.3376022,alta,Cádiz,La Línea de la Concepción,36.173046,-5.337602,2026-08-28
OVERPASS-1129,geografia,farmacia,Farmacia Botica del Puerto,"Farmacia Botica del Puerto (farmacia) en La Línea de la Concepción. Coordenadas aprox: 36.1796, -5.3373.",OpenStreetMap (Overpass),https://www.openstreetmap.org/?mlat=36.1796127&mlon=-5.3372662,alta,Cádiz,La Línea de la Concepción,36.179613,-5.337266,2026-08-28
OVERPASS-1130,geografia,centro de salud,Centro médico Costa de La Luz,"Centro médico Costa de La Luz (centro de salud). Coordenadas aprox: 36.6132, -6.2845.",OpenStreetMap (Overpass),https://www.openstreetmap.org/?mlat=36.6132087&mlon=-6.2844985,alta,Cádiz,,36.613209,-6.284498,2026-08-28
OVERPASS-1131,geografia,centro de salud,Centro de Salud El Rinconcillo,"Centro de Salud El Rinconcillo (centro de salud). Coordenadas aprox: 36.1593, -5.4479.",OpenStreetMap (Overpass),https://www.openstreetmap.org/?mlat=36.1592529&mlon=-5.4478621,alta,Cádiz,,36.159253,-5.447862,2026-08-28
OVERPASS-1132,geografia,centro de salud,Vithas Xanit Gibraltar,"Vithas Xanit Gibraltar (centro de salud). Coordenadas aprox: 36.1386, -5.3557.",OpenStreetMap (Overpass),https://www.openstreetmap.org/?mlat=36.1386316&mlon=-5.3556772,alta,Cádiz,,36.138632,-5.355677,2026-08-28
OVERPASS-1133,geografia,centro de salud,Clínica del Río,"Clínica del Río (centro de salud). Coordenadas aprox: 36.4295, -5.1285.",OpenStreetMap (Overpass),https://www.openstreetmap.org/?mlat=36.4295269&mlon=-5.1285318,alta,Cádiz,,36.429527,-5.128532,2026-08-28
OVERPASS-1134,supervivencia,agua potable,Fuente,"Fuente (agua potable). Coordenadas aprox: 36.2783, -6.0950.",OpenStreetMap (Overpass),https://www.openstreetmap.org/?mlat=36.2782878&mlon=-6.0949602,alta,Cádiz,,36.278288,-6.09496,2026-08-28
OVERPASS-1135,geografia,farmacia,Farmacia la Asunción 24h,"Farmacia la Asunción 24h (farmacia). Coordenadas aprox: 36.6864, -6.1151.",OpenStreetMap (Overpass),https://www.openstreetmap.org/?mlat=36.6864494&mlon=-6.1151342,alta,Cádiz,,36.686449,-6.115134,2026-08-28
OVERPASS-1136,geografia,playa,Playa de Valdelagrana,"Playa de Valdelagrana (playa). Coordenadas aprox: 36.5739, -6.2277.",OpenStreetMap (Overpass),https://www.openstreetmap.org/?mlat=36.5738597&mlon=-6.2276723,alta,Cádiz,,36.57386,-6.227672,2026-08-28
OVERPASS-1137,geografia,playa,La Cachucha,"La Cachucha (playa). Coordenadas aprox: 36.5251, -6.1843.",OpenStreetMap (Overpass),https://www.openstreetmap.org/?mlat=36.5251109&mlon=-6.1842741,alta,Cádiz,,36.525111,-6.184274,2026-08-28
OVERPASS-1138,geografia,playa,Playa de La Alcaidesa,"Playa de La Alcaidesa (playa). Coordenadas aprox: 36.2368, -5.3095.",OpenStreetMap (Overpass),https://www.openstreetmap.org/?mlat=36.2367859&mlon=-5.3095305,alta,Cádiz,,36.236786,-5.309531,2026-08-28
OVERPASS-1139,geografia,playa,La Puntilla,"La Puntilla (playa). Coordenadas aprox: 36.5851, -6.2410.",OpenStreetMap (Overpass),https://www.openstreetmap.org/?mlat=36.585105&mlon=-6.2409525,alta,Cádiz,,36.585105,-6.240952,2026-08-28
OVERPASS-1140,geografia,playa,Playa de la Muralla,"Playa de la Muralla (playa). Coordenadas aprox: 36.5809, -6.2628.",OpenStreetMap (Overpass),https://www.openstreetmap.org/?mlat=36.5808617&mlon=-6.2628199,alta,Cádiz,,36.580862,-6.26282,2026-08-28
OVERPASS-1141,geografia,playa,Playa de Santa Catalina,"Playa de Santa Catalina (playa). Coordenadas aprox: 36.5955, -6.2767.",OpenStreetMap (Overpass),https://www.openstreetmap.org/?mlat=36.5954529&mlon=-6.2766837,alta,Cádiz,,36.595453,-6.276684,2026-08-28
OVERPASS-1142,geografia,playa,Playa de Fuentebravía,"Playa de Fuentebravía (playa). Coordenadas aprox: 36.6098, -6.2867.",OpenStreetMap (Overpass),https://www.openstreetmap.org/?mlat=36.6097724&mlon=-6.2867015,alta,Cádiz,,36.609772,-6.286702,2026-08-28
OVERPASS-1143,supervivencia,refugio,Antigua Estación de Buses,"Antigua Estación de Buses (refugio). Coordenadas aprox: 36.5286, -6.2887.",OpenStreetMap (Overpass),https://www.openstreetmap.org/?mlat=36.5285598&mlon=-6.2886746,alta,Cádiz,,36.52856,-6.288675,2026-08-28
OVERPASS-1144,geografia,centro de salud,Clinica Novo Sancti Petri,"Clinica Novo Sancti Petri (centro de salud). Coordenadas aprox: 36.3562, -6.1587.",OpenStreetMap (Overpass),https://www.openstreetmap.org/?mlat=36.356191&mlon=-6.1587055,alta,Cádiz,,36.356191,-6.158705,2026-08-28
OVERPASS-1145,geografia,playa,Cala Encendida,"Cala Encendida (playa). Coordenadas aprox: 36.3100, -6.1531.",OpenStreetMap (Overpass),https://www.openstreetmap.org/?mlat=36.3099525&mlon=-6.153051,alta,Cádiz,,36.309953,-6.153051,2026-08-28
OVERPASS-1146,geografia,playa,Cala El Aspero,"Cala El Aspero (playa). Coordenadas aprox: 36.3075, -6.1517.",OpenStreetMap (Overpass),https://www.openstreetmap.org/?mlat=36.3075241&mlon=-6.1517328,alta,Cádiz,,36.307524,-6.151733,2026-08-28
OVERPASS-1147,geografia,playa,Cala del Frailecillo,"Cala del Frailecillo (playa). Coordenadas aprox: 36.3054, -6.1503.",OpenStreetMap (Overpass),https://www.openstreetmap.org/?mlat=36.3054398&mlon=-6.150272,alta,Cádiz,,36.30544,-6.150272,2026-08-28
OVERPASS-1148,geografia,playa,playa,"playa (playa). Coordenadas aprox: 36.4106, -5.1826.",OpenStreetMap (Overpass),https://www.openstreetmap.org/?mlat=36.4106022&mlon=-5.1826093,alta,Cádiz,,36.410602,-5.182609,2026-08-28
OVERPASS-1149,geografia,playa,Playa de Levante,"Playa de Levante (playa). Coordenadas aprox: 36.5457, -6.2281.",OpenStreetMap (Overpass),https://www.openstreetmap.org/?mlat=36.5457152&mlon=-6.2281182,alta,Cádiz,,36.545715,-6.228118,2026-08-28
OVERPASS-1150,geografia,playa,Playa de la Ministra,"Playa de la Ministra (playa). Coordenadas aprox: 36.5250, -6.2322.",OpenStreetMap (Overpass),https://www.openstreetmap.org/?mlat=36.5249617&mlon=-6.2322282,alta,Cádiz,,36.524962,-6.232228,2026-08-28
OVERPASS-1151,geografia,centro de salud,Centro de Salud Puerto Real,"Centro de Salud Puerto Real (centro de salud). Coordenadas aprox: 36.5272, -6.1948.",OpenStreetMap (Overpass),https://www.openstreetmap.org/?mlat=36.5271967&mlon=-6.1948174,alta,Cádiz,,36.527197,-6.194817,2026-08-28
OVERPASS-1152,geografia,playa,Playa de la Cortadura,"Playa de la Cortadura (playa). Coordenadas aprox: 36.4878, -6.2676.",OpenStreetMap (Overpass),https://www.openstreetmap.org/?mlat=36.4877587&mlon=-6.2676198,alta,Cádiz,,36.487759,-6.26762,2026-08-28
OVERPASS-1153,geografia,playa,La Rada,"La Rada (playa). Coordenadas aprox: 36.4214, -5.1442.",OpenStreetMap (Overpass),https://www.openstreetmap.org/?mlat=36.4213902&mlon=-5.1442167,alta,Cádiz,,36.42139,-5.144217,2026-08-28
OVERPASS-1154,geografia,playa,playa,"playa (playa). Coordenadas aprox: 36.2857, -5.2747.",OpenStreetMap (Overpass),https://www.openstreetmap.org/?mlat=36.285695&mlon=-5.2746853,alta,Cádiz,,36.285695,-5.274685,2026-08-28
OVERPASS-1155,geografia,playa,playa,"playa (playa). Coordenadas aprox: 36.2969, -5.2689.",OpenStreetMap (Overpass),https://www.openstreetmap.org/?mlat=36.2969453&mlon=-5.2689201,alta,Cádiz,,36.296945,-5.26892,2026-08-28
OVERPASS-1156,geografia,playa,Playa de los Alemanes,"Playa de los Alemanes (playa). Coordenadas aprox: 36.0959, -5.8152.",OpenStreetMap (Overpass),https://www.openstreetmap.org/?mlat=36.0958519&mlon=-5.8151629,alta,Cádiz,,36.095852,-5.815163,2026-08-28
OVERPASS-1157,geografia,playa,Playa de Bolonia,"Playa de Bolonia (playa). Coordenadas aprox: 36.0822, -5.7728.",OpenStreetMap (Overpass),https://www.openstreetmap.org/?mlat=36.0821538&mlon=-5.7728059,alta,Cádiz,,36.082154,-5.772806,2026-08-28
OVERPASS-1158,geografia,playa,Catalan Bay,"Catalan Bay (playa). Coordenadas aprox: 36.1390, -5.3407.",OpenStreetMap (Overpass),https://www.openstreetmap.org/?mlat=36.1390057&mlon=-5.3406531,alta,Cádiz,,36.139006,-5.340653,2026-08-28
OVERPASS-1159,geografia,playa,Eastern Beach,"Eastern Beach (playa). Coordenadas aprox: 36.1481, -5.3397.",OpenStreetMap (Overpass),https://www.openstreetmap.org/?mlat=36.148115&mlon=-5.3396954,alta,Cádiz,,36.148115,-5.339695,2026-08-28
OVERPASS-1160,geografia,hospital,Hospital San Carlos,"Hospital San Carlos (hospital) en San Fernando. Coordenadas aprox: 36.4800, -6.1951.",OpenStreetMap (Overpass),https://www.openstreetmap.org/?mlat=36.4799527&mlon=-6.1950774,alta,Cádiz,San Fernando,36.479953,-6.195077,2026-08-28
OVERPASS-1161,geografia,playa,Playa de Levante,"Playa de Levante (playa). Coordenadas aprox: 36.1700, -5.3367.",OpenStreetMap (Overpass),https://www.openstreetmap.org/?mlat=36.1700069&mlon=-5.3367019,alta,Cádiz,,36.170007,-5.336702,2026-08-28
OVERPASS-1162,geografia,playa,Playa de la Ministra,"Playa de la Ministra (playa). Coordenadas aprox: 36.5263, -6.2200.",OpenStreetMap (Overpass),https://www.openstreetmap.org/?mlat=36.5263281&mlon=-6.2200477,alta,Cádiz,,36.526328,-6.220048,2026-08-28
OVERPASS-1163,geografia,playa,Playa del Conchal,"Playa del Conchal (playa). Coordenadas aprox: 36.5293, -6.2168.",OpenStreetMap (Overpass),https://www.openstreetmap.org/?mlat=36.5292713&mlon=-6.2168109,alta,Cádiz,,36.529271,-6.216811,2026-08-28
OVERPASS-1164,orientacion,faro,Punta del Carnero,"Punta del Carnero (faro). Coordenadas aprox: 36.0771, -5.4263.",OpenStreetMap (Overpass),https://www.openstreetmap.org/?mlat=36.0770924&mlon=-5.4263205,alta,Cádiz,,36.077092,-5.426321,2026-08-28
OVERPASS-1165,geografia,hospital,Hospital Viamed Bahía de Cádiz,"Hospital Viamed Bahía de Cádiz (hospital) en Chiclana de la Frontera. Coordenadas aprox: 36.4209, -6.1501.",OpenStreetMap (Overpass),https://www.openstreetmap.org/?mlat=36.4208846&mlon=-6.1500839,alta,Cádiz,Chiclana de la Frontera,36.420885,-6.150084,2026-08-28
OVERPASS-1166,geografia,playa,playa,"playa (playa). Coordenadas aprox: 36.5285, -6.3088.",OpenStreetMap (Overpass),https://www.openstreetmap.org/?mlat=36.5285447&mlon=-6.3087887,alta,Cádiz,,36.528545,-6.308789,2026-08-28
OVERPASS-1167,geografia,centro de salud,Centro de salud El Lugar,"Centro de salud El Lugar (centro de salud). Coordenadas aprox: 36.4186, -6.1502.",OpenStreetMap (Overpass),https://www.openstreetmap.org/?mlat=36.4185995&mlon=-6.1502179,alta,Cádiz,,36.418599,-6.150218,2026-08-28
OVERPASS-1168,orientacion,faro,Faro de Chipiona,"Faro de Chipiona (faro). Coordenadas aprox: 36.7379, -6.4421.",OpenStreetMap (Overpass),https://www.openstreetmap.org/?mlat=36.7378983&mlon=-6.4421086,alta,Cádiz,,36.737898,-6.442109,2026-08-28
OVERPASS-1169,geografia,centro de salud,Centro de Salud La Laguna,"Centro de Salud La Laguna (centro de salud). Coordenadas aprox: 36.5050, -6.2742.",OpenStreetMap (Overpass),https://www.openstreetmap.org/?mlat=36.5049562&mlon=-6.2742432,alta,Cádiz,,36.504956,-6.274243,2026-08-28
OVERPASS-1170,geografia,playa,Playa de Santa María del Mar,"Playa de Santa María del Mar (playa). Coordenadas aprox: 36.5202, -6.2874.",OpenStreetMap (Overpass),https://www.openstreetmap.org/?mlat=36.5201858&mlon=-6.2873686,alta,Cádiz,,36.520186,-6.287369,2026-08-28
OVERPASS-1171,supervivencia,refugio,refugio,"refugio (refugio). Coordenadas aprox: 36.4759, -5.2813.",OpenStreetMap (Overpass),https://www.openstreetmap.org/?mlat=36.4758803&mlon=-5.281308,alta,Cádiz,,36.47588,-5.281308,2026-08-28
OVERPASS-1172,geografia,playa,Playa de la Victoria,"Playa de la Victoria (playa). Coordenadas aprox: 36.5062, -6.2791.",OpenStreetMap (Overpass),https://www.openstreetmap.org/?mlat=36.5062292&mlon=-6.2791048,alta,Cádiz,,36.506229,-6.279105,2026-08-28
OVERPASS-1173,geografia,hospital,US Naval Hospital,"US Naval Hospital (hospital) en Rota. Coordenadas aprox: 36.6344, -6.3507.",OpenStreetMap (Overpass),https://www.openstreetmap.org/?mlat=36.6343787&mlon=-6.3507401,alta,Cádiz,Rota,36.634379,-6.35074,2026-08-28
OVERPASS-1174,geografia,playa,Windmill Hill Beach,"Windmill Hill Beach (playa). Coordenadas aprox: 36.1165, -5.3427.",OpenStreetMap (Overpass),https://www.openstreetmap.org/?mlat=36.1164877&mlon=-5.3427022,alta,Cádiz,,36.116488,-5.342702,2026-08-28
OVERPASS-1175,orientacion,faro,Europa Point Trinity Lighthouse,"Europa Point Trinity Lighthouse (faro). Coordenadas aprox: 36.1097, -5.3448.",OpenStreetMap (Overpass),https://www.openstreetmap.org/?mlat=36.1096537&mlon=-5.3448416,alta,Cádiz,,36.109654,-5.344842,2026-08-28
OVERPASS-1176,geografia,playa,Playa de la Clica,"Playa de la Clica (playa). Coordenadas aprox: 36.4946, -6.1848.",OpenStreetMap (Overpass),https://www.openstreetmap.org/?mlat=36.4945898&mlon=-6.1847629,alta,Cádiz,,36.49459,-6.184763,2026-08-28
OVERPASS-1177,geografia,playa,playa,"playa (playa). Coordenadas aprox: 36.4015, -5.1913.",OpenStreetMap (Overpass),https://www.openstreetmap.org/?mlat=36.4015352&mlon=-5.1912512,alta,Cádiz,,36.401535,-5.191251,2026-08-28
OVERPASS-1178,geografia,playa,Play Costa Natura (Nudist),"Play Costa Natura (Nudist) (playa). Coordenadas aprox: 36.4059, -5.1876.",OpenStreetMap (Overpass),https://www.openstreetmap.org/?mlat=36.4058896&mlon=-5.1875948,alta,Cádiz,,36.40589,-5.187595,2026-08-28
OVERPASS-1179,geografia,hospital,Hospital de La Serranía,"Hospital de La Serranía (hospital). Coordenadas aprox: 36.7222, -5.1468.",OpenStreetMap (Overpass),https://www.openstreetmap.org/?mlat=36.7222199&mlon=-5.1468324,alta,Cádiz,,36.72222,-5.146832,2026-08-28
OVERPASS-1180,geografia,playa,Playa de Getares,"Playa de Getares (playa). Coordenadas aprox: 36.0979, -5.4422.",OpenStreetMap (Overpass),https://www.openstreetmap.org/?mlat=36.0979127&mlon=-5.4421829,alta,Cádiz,,36.097913,-5.442183,2026-08-28
OVERPASS-1181,geografia,hospital,Hospital de Jerez,"Hospital de Jerez (hospital). Coordenadas aprox: 36.6990, -6.1496.",OpenStreetMap (Overpass),https://www.openstreetmap.org/?mlat=36.699046&mlon=-6.1495547,alta,Cádiz,,36.699046,-6.149555,2026-08-28
OVERPASS-1182,geografia,centro de salud,Centro de especialidades médicas La Longuera,"Centro de especialidades médicas La Longuera (centro de salud). Coordenadas aprox: 36.4239, -6.1554.",OpenStreetMap (Overpass),https://www.openstreetmap.org/?mlat=36.4238944&mlon=-6.1554141,alta,Cádiz,,36.423894,-6.155414,2026-08-28
OVERPASS-1183,geografia,farmacia,farmacia,"farmacia (farmacia). Coordenadas aprox: 36.0606, -5.6681.",OpenStreetMap (Overpass),https://www.openstreetmap.org/?mlat=36.0605532&mlon=-5.6680547,alta,Cádiz,,36.060553,-5.668055,2026-08-28
OVERPASS-1184,geografia,playa,Playa de la Casería,"Playa de la Casería (playa). Coordenadas aprox: 36.4840, -6.2011.",OpenStreetMap (Overpass),https://www.openstreetmap.org/?mlat=36.4839634&mlon=-6.2011087,alta,Cádiz,,36.483963,-6.201109,2026-08-28
OVERPASS-1185,geografia,playa,Playa de Valdevaqueros,"Playa de Valdevaqueros (playa). Coordenadas aprox: 36.0631, -5.6838.",OpenStreetMap (Overpass),https://www.openstreetmap.org/?mlat=36.0630918&mlon=-5.6838149,alta,Cádiz,,36.063092,-5.683815,2026-08-28
OVERPASS-1186,geografia,playa,Playa del Carmen,"Playa del Carmen (playa). Coordenadas aprox: 36.1836, -5.9166.",OpenStreetMap (Overpass),https://www.openstreetmap.org/?mlat=36.1836171&mlon=-5.9165513,alta,Cádiz,,36.183617,-5.916551,2026-08-28
OVERPASS-1187,geografia,playa,Playa de Zahara,"Playa de Zahara (playa). Coordenadas aprox: 36.1542, -5.8743.",OpenStreetMap (Overpass),https://www.openstreetmap.org/?mlat=36.1542018&mlon=-5.8743359,alta,Cádiz,,36.154202,-5.874336,2026-08-28
OVERPASS-1188,geografia,playa,Playa de la Hierbabuena,"Playa de la Hierbabuena (playa). Coordenadas aprox: 36.1852, -5.9422.",OpenStreetMap (Overpass),https://www.openstreetmap.org/?mlat=36.1851747&mlon=-5.9422226,alta,Cádiz,,36.185175,-5.942223,2026-08-28
OVERPASS-1189,geografia,centro de salud,Centro de Salud y Ugencias de Tarifa,"Centro de Salud y Ugencias de Tarifa (centro de salud) en Tarifa. Coordenadas aprox: 36.0177, -5.6012.",OpenStreetMap (Overpass),https://www.openstreetmap.org/?mlat=36.0177192&mlon=-5.6012106,alta,Cádiz,Tarifa,36.017719,-5.601211,2026-08-28
OVERPASS-1190,geografia,playa,La Duquesa,"La Duquesa (playa). Coordenadas aprox: 36.3531, -5.2307.",OpenStreetMap (Overpass),https://www.openstreetmap.org/?mlat=36.3531199&mlon=-5.2307466,alta,Cádiz,,36.35312,-5.230747,2026-08-28
OVERPASS-1191,geografia,playa,Playa de la Chullera,"Playa de la Chullera (playa). Coordenadas aprox: 36.3356, -5.2378.",OpenStreetMap (Overpass),https://www.openstreetmap.org/?mlat=36.3355913&mlon=-5.2378313,alta,Cádiz,,36.335591,-5.237831,2026-08-28
OVERPASS-1192,geografia,playa,playa,"playa (playa). Coordenadas aprox: 36.3680, -5.2223.",OpenStreetMap (Overpass),https://www.openstreetmap.org/?mlat=36.367984&mlon=-5.2223097,alta,Cádiz,,36.367984,-5.22231,2026-08-28
OVERPASS-1193,geografia,playa,Playa de las Canteras,"Playa de las Canteras (playa). Coordenadas aprox: 36.7410, -6.4383.",OpenStreetMap (Overpass),https://www.openstreetmap.org/?mlat=36.740984&mlon=-6.4382655,alta,Cádiz,,36.740984,-6.438265,2026-08-28
OVERPASS-1194,geografia,playa,Playa del Rompidillo,"Playa del Rompidillo (playa). Coordenadas aprox: 36.6209, -6.3553.",OpenStreetMap (Overpass),https://www.openstreetmap.org/?mlat=36.6208626&mlon=-6.3553324,alta,Cádiz,,36.620863,-6.355332,2026-08-28
OVERPASS-1195,geografia,playa,Playa de Punta Candor,"Playa de Punta Candor (playa). Coordenadas aprox: 36.6405, -6.3932.",OpenStreetMap (Overpass),https://www.openstreetmap.org/?mlat=36.6405139&mlon=-6.3932289,alta,Cádiz,,36.640514,-6.393229,2026-08-28
OVERPASS-1196,geografia,playa,playa,"playa (playa). Coordenadas aprox: 36.3753, -6.1935.",OpenStreetMap (Overpass),https://www.openstreetmap.org/?mlat=36.3753352&mlon=-6.1934813,alta,Cádiz,,36.375335,-6.193481,2026-08-28
OVERPASS-1197,geografia,playa,playa,"playa (playa). Coordenadas aprox: 36.3763, -6.1961.",OpenStreetMap (Overpass),https://www.openstreetmap.org/?mlat=36.376281&mlon=-6.1960945,alta,Cádiz,,36.376281,-6.196095,2026-08-28
OVERPASS-1198,orientacion,faro,Faro Camarinal,"Faro Camarinal (faro). Coordenadas aprox: 36.0900, -5.8105.",OpenStreetMap (Overpass),https://www.openstreetmap.org/?mlat=36.0900323&mlon=-5.8104675,alta,Cádiz,,36.090032,-5.810467,2026-08-28
OVERPASS-1199,orientacion,faro,Faro de la Isla de Tarifa,"Faro de la Isla de Tarifa (faro). Coordenadas aprox: 36.0012, -5.6096.",OpenStreetMap (Overpass),https://www.openstreetmap.org/?mlat=36.0011571&mlon=-5.6095789,alta,Cádiz,,36.001157,-5.609579,2026-08-28
OVERPASS-1200,geografia,playa,playa,"playa (playa). Coordenadas aprox: 36.8000, -6.3379.",OpenStreetMap (Overpass),https://www.openstreetmap.org/?mlat=36.8000162&mlon=-6.3378908,alta,Cádiz,,36.800016,-6.337891,2026-08-28
OVERPASS-1201,geografia,playa,Playa del Cristo,"Playa del Cristo (playa). Coordenadas aprox: 36.4157, -5.1666.",OpenStreetMap (Overpass),https://www.openstreetmap.org/?mlat=36.4156916&mlon=-5.1665796,alta,Cádiz,,36.415692,-5.16658,2026-08-28
OVERPASS-1202,geografia,playa,Playa de Peginas,"Playa de Peginas (playa). Coordenadas aprox: 36.6547, -6.3984.",OpenStreetMap (Overpass),https://www.openstreetmap.org/?mlat=36.6547169&mlon=-6.3983868,alta,Cádiz,,36.654717,-6.398387,2026-08-28
OVERPASS-1203,geografia,playa,playa,"playa (playa). Coordenadas aprox: 36.3869, -5.2049.",OpenStreetMap (Overpass),https://www.openstreetmap.org/?mlat=36.386914&mlon=-5.2049238,alta,Cádiz,,36.386914,-5.204924,2026-08-28
OVERPASS-1204,geografia,playa,playa,"playa (playa). Coordenadas aprox: 36.0720, -5.7483.",OpenStreetMap (Overpass),https://www.openstreetmap.org/?mlat=36.0719848&mlon=-5.7482786,alta,Cádiz,,36.071985,-5.748279,2026-08-28
OVERPASS-1205,geografia,playa,playa,"playa (playa). Coordenadas aprox: 36.0667, -5.7330.",OpenStreetMap (Overpass),https://www.openstreetmap.org/?mlat=36.066669&mlon=-5.7330023,alta,Cádiz,,36.066669,-5.733002,2026-08-28
OVERPASS-1206,geografia,playa,playa,"playa (playa). Coordenadas aprox: 36.0613, -5.7173.",OpenStreetMap (Overpass),https://www.openstreetmap.org/?mlat=36.0613254&mlon=-5.7173337,alta,Cádiz,,36.061325,-5.717334,2026-08-28
OVERPASS-1207,geografia,playa,playa,"playa (playa). Coordenadas aprox: 36.0652, -5.7294.",OpenStreetMap (Overpass),https://www.openstreetmap.org/?mlat=36.0652416&mlon=-5.7293769,alta,Cádiz,,36.065242,-5.729377,2026-08-28
OVERPASS-1208,geografia,playa,playa,"playa (playa). Coordenadas aprox: 36.0643, -5.7282.",OpenStreetMap (Overpass),https://www.openstreetmap.org/?mlat=36.06429&mlon=-5.728178,alta,Cádiz,,36.06429,-5.728178,2026-08-28
OVERPASS-1209,geografia,playa,Playa de Palmones,"Playa de Palmones (playa). Coordenadas aprox: 36.1748, -5.4280.",OpenStreetMap (Overpass),https://www.openstreetmap.org/?mlat=36.1748453&mlon=-5.4280034,alta,Cádiz,,36.174845,-5.428003,2026-08-28
OVERPASS-1210,geografia,playa,Playa de La Atunara,"Playa de La Atunara (playa). Coordenadas aprox: 36.2057, -5.3259.",OpenStreetMap (Overpass),https://www.openstreetmap.org/?mlat=36.2057061&mlon=-5.3259196,alta,Cádiz,,36.205706,-5.32592,2026-08-28
OVERPASS-1211,geografia,playa,Playa de la Calita,"Playa de la Calita (playa). Coordenadas aprox: 36.5827, -6.2679.",OpenStreetMap (Overpass),https://www.openstreetmap.org/?mlat=36.5827065&mlon=-6.2679069,alta,Cádiz,,36.582707,-6.267907,2026-08-28
OVERPASS-1212,geografia,playa,Playa de La Barrosa,"Playa de La Barrosa (playa). Coordenadas aprox: 36.3431, -6.1731.",OpenStreetMap (Overpass),https://www.openstreetmap.org/?mlat=36.3431354&mlon=-6.1731017,alta,Cádiz,,36.343135,-6.173102,2026-08-28
OVERPASS-1213,geografia,playa,Playa de El Palmar,"Playa de El Palmar (playa). Coordenadas aprox: 36.2246, -6.0664.",OpenStreetMap (Overpass),https://www.openstreetmap.org/?mlat=36.2246365&mlon=-6.0663539,alta,Cádiz,,36.224637,-6.066354,2026-08-28
OVERPASS-1214,geografia,centro de salud,"Centro de Salud ""La Atalaya""","Centro de Salud ""La Atalaya"" (centro de salud) en Conil de la Frontera. Coordenadas aprox: 36.2808, -6.0901.",OpenStreetMap (Overpass),https://www.openstreetmap.org/?mlat=36.2808054&mlon=-6.0900884,alta,Cádiz,Conil de la Frontera,36.280805,-6.090088,2026-08-28
OVERPASS-1215,geografia,playa,Playa de la Media Luneta,"Playa de la Media Luneta (playa). Coordenadas aprox: 36.5252, -6.1901.",OpenStreetMap (Overpass),https://www.openstreetmap.org/?mlat=36.5251832&mlon=-6.1901155,alta,Cádiz,,36.525183,-6.190116,2026-08-28
OVERPASS-1216,geografia,playa,playa,"playa (playa). Coordenadas aprox: 36.1190, -5.3511.",OpenStreetMap (Overpass),https://www.openstreetmap.org/?mlat=36.1189976&mlon=-5.3510856,alta,Cádiz,,36.118998,-5.351086,2026-08-28
OVERPASS-1217,geografia,playa,Camp Bay,"Camp Bay (playa). Coordenadas aprox: 36.1196, -5.3515.",OpenStreetMap (Overpass),https://www.openstreetmap.org/?mlat=36.1195914&mlon=-5.3514588,alta,Cádiz,,36.119591,-5.351459,2026-08-28
OVERPASS-1218,geografia,centro de salud,Servicio Provincial EPES 061,"Servicio Provincial EPES 061 (centro de salud). Coordenadas aprox: 36.5193, -6.1507.",OpenStreetMap (Overpass),https://www.openstreetmap.org/?mlat=36.5193263&mlon=-6.1506793,alta,Cádiz,,36.519326,-6.150679,2026-08-28
OVERPASS-1219,supervivencia,refugio,Templete Gonzalez Byass,"Templete Gonzalez Byass (refugio). Coordenadas aprox: 36.6955, -6.1261.",OpenStreetMap (Overpass),https://www.openstreetmap.org/?mlat=36.6955219&mlon=-6.1261248,alta,Cádiz,,36.695522,-6.126125,2026-08-28
OVERPASS-1220,supervivencia,refugio,Templete Municipal,"Templete Municipal (refugio). Coordenadas aprox: 36.6950, -6.1242.",OpenStreetMap (Overpass),https://www.openstreetmap.org/?mlat=36.6949521&mlon=-6.1242381,alta,Cádiz,,36.694952,-6.124238,2026-08-28
OVERPASS-1221,geografia,playa,playa,"playa (playa). Coordenadas aprox: 36.2806, -5.2798.",OpenStreetMap (Overpass),https://www.openstreetmap.org/?mlat=36.2806179&mlon=-5.2797811,alta,Cádiz,,36.280618,-5.279781,2026-08-28
OVERPASS-1222,geografia,centro de salud,Clínica Serman,"Clínica Serman (centro de salud). Coordenadas aprox: 36.6927, -6.1243.",OpenStreetMap (Overpass),https://www.openstreetmap.org/?mlat=36.6926956&mlon=-6.1243484,alta,Cádiz,,36.692696,-6.124348,2026-08-28
OVERPASS-1223,geografia,playa,playa,"playa (playa). Coordenadas aprox: 36.3091, -5.2579.",OpenStreetMap (Overpass),https://www.openstreetmap.org/?mlat=36.3091424&mlon=-5.2579163,alta,Cádiz,,36.309142,-5.257916,2026-08-28
OVERPASS-1224,orientacion,faro,faro,"faro (faro). Coordenadas aprox: 36.3546, -5.2290.",OpenStreetMap (Overpass),https://www.openstreetmap.org/?mlat=36.3545532&mlon=-5.2289696,alta,Cádiz,,36.354553,-5.22897,2026-08-28
OVERPASS-1225,geografia,centro de salud,Centro de Salud Algeciras-Centro Menéndez Tolosa,"Centro de Salud Algeciras-Centro Menéndez Tolosa (centro de salud). Coordenadas aprox: 36.1334, -5.4502.",OpenStreetMap (Overpass),https://www.openstreetmap.org/?mlat=36.1333544&mlon=-5.4502203,alta,Cádiz,,36.133354,-5.45022,2026-08-28
OVERPASS-1226,geografia,farmacia,farmacia,"farmacia (farmacia). Coordenadas aprox: 36.2337, -6.0692.",OpenStreetMap (Overpass),https://www.openstreetmap.org/?mlat=36.2337417&mlon=-6.0691656,alta,Cádiz,,36.233742,-6.069166,2026-08-28
OVERPASS-1227,geografia,playa,playa,"playa (playa). Coordenadas aprox: 36.3799, -5.2132.",OpenStreetMap (Overpass),https://www.openstreetmap.org/?mlat=36.3798819&mlon=-5.2132256,alta,Cádiz,,36.379882,-5.213226,2026-08-28
OVERPASS-1228,geografia,playa,Playa del Cañuelo,"Playa del Cañuelo (playa). Coordenadas aprox: 36.0873, -5.8048.",OpenStreetMap (Overpass),https://www.openstreetmap.org/?mlat=36.0873121&mlon=-5.8048372,alta,Cádiz,,36.087312,-5.804837,2026-08-28
OVERPASS-1229,orientacion,faro,Faro de Trafalgar,"Faro de Trafalgar (faro). Coordenadas aprox: 36.1829, -6.0351.",OpenStreetMap (Overpass),https://www.openstreetmap.org/?mlat=36.1829051&mlon=-6.0350992,alta,Cádiz,,36.182905,-6.035099,2026-08-28
OVERPASS-1230,geografia,centro de salud,Consultorio de Zahara de los Atunes,"Consultorio de Zahara de los Atunes (centro de salud) en Zahara de los Atunes. Coordenadas aprox: 36.1350, -5.8434.",OpenStreetMap (Overpass),https://www.openstreetmap.org/?mlat=36.1350381&mlon=-5.8434006,alta,Cádiz,Zahara de los Atunes,36.135038,-5.843401,2026-08-28
OVERPASS-1231,geografia,centro de salud,Aldea Geriatrica,"Aldea Geriatrica (centro de salud). Coordenadas aprox: 36.1566, -5.6957.",OpenStreetMap (Overpass),https://www.openstreetmap.org/?mlat=36.1566086&mlon=-5.6956995,alta,Cádiz,,36.156609,-5.695699,2026-08-28
OVERPASS-1232,geografia,centro de salud,Centro de Salud de Rota,"Centro de Salud de Rota (centro de salud) en Rota. Coordenadas aprox: 36.6241, -6.3635.",OpenStreetMap (Overpass),https://www.openstreetmap.org/?mlat=36.6240886&mlon=-6.3635233,alta,Cádiz,Rota,36.624089,-6.363523,2026-08-28
OVERPASS-1233,geografia,centro de salud,centro de salud,"centro de salud (centro de salud). Coordenadas aprox: 36.5219, -5.3156.",OpenStreetMap (Overpass),https://www.openstreetmap.org/?mlat=36.5219204&mlon=-5.3156356,alta,Cádiz,,36.52192,-5.315636,2026-08-28
OVERPASS-1234,geografia,centro de salud,centro de salud,"centro de salud (centro de salud). Coordenadas aprox: 36.5219, -5.3156.",OpenStreetMap (Overpass),https://www.openstreetmap.org/?mlat=36.521927&mlon=-5.3156097,alta,Cádiz,,36.521927,-5.31561,2026-08-28
OVERPASS-1235,geografia,centro de salud,Centro Salud San Dionisio,"Centro Salud San Dionisio (centro de salud). Coordenadas aprox: 36.6834, -6.1400.",OpenStreetMap (Overpass),https://www.openstreetmap.org/?mlat=36.6833989&mlon=-6.1399619,alta,Cádiz,,36.683399,-6.139962,2026-08-28
OVERPASS-1236,geografia,hospital,Hospital Virgen del Camino,"Hospital Virgen del Camino (hospital). Coordenadas aprox: 36.7680, -6.3601.",OpenStreetMap (Overpass),https://www.openstreetmap.org/?mlat=36.7680432&mlon=-6.3600674,alta,Cádiz,,36.768043,-6.360067,2026-08-28
OVERPASS-1237,geografia,playa,Dunas de San Antón,"Dunas de San Antón (playa). Coordenadas aprox: 36.5834, -6.2495.",OpenStreetMap (Overpass),https://www.openstreetmap.org/?mlat=36.5834185&mlon=-6.2494878,alta,Cádiz,,36.583419,-6.249488,2026-08-28
OVERPASS-1238,geografia,hospital,Hospital de Santa María del Puerto,"Hospital de Santa María del Puerto (hospital). Coordenadas aprox: 36.5982, -6.2380.",OpenStreetMap (Overpass),https://www.openstreetmap.org/?mlat=36.5982369&mlon=-6.2379934,alta,Cádiz,,36.598237,-6.237993,2026-08-28
OVERPASS-1239,geografia,playa,Algarrobo Beach,"Algarrobo Beach (playa). Coordenadas aprox: 36.1309, -5.3411.",OpenStreetMap (Overpass),https://www.openstreetmap.org/?mlat=36.1309436&mlon=-5.341081,alta,Cádiz,,36.130944,-5.341081,2026-08-28
OVERPASS-1240,supervivencia,refugio,refugio,"refugio (refugio). Coordenadas aprox: 36.8987, -5.3934.",OpenStreetMap (Overpass),https://www.openstreetmap.org/?mlat=36.8986973&mlon=-5.3933823,alta,Cádiz,,36.898697,-5.393382,2026-08-28
OVERPASS-1241,geografia,hospital,Hospital San Juan Grande,"Hospital San Juan Grande (hospital) en Jerez. Coordenadas aprox: 36.6915, -6.1495.",OpenStreetMap (Overpass),https://www.openstreetmap.org/?mlat=36.6914571&mlon=-6.149534,alta,Cádiz,Jerez,36.691457,-6.149534,2026-08-28
OVERPASS-1242,supervivencia,refugio,refugio,"refugio (refugio). Coordenadas aprox: 36.2135, -5.4307.",OpenStreetMap (Overpass),https://www.openstreetmap.org/?mlat=36.2134983&mlon=-5.4307448,alta,Cádiz,,36.213498,-5.430745,2026-08-28
OVERPASS-1243,geografia,farmacia,farmacia,"farmacia (farmacia) en Taraguilla. Coordenadas aprox: 36.2054, -5.4245.",OpenStreetMap (Overpass),https://www.openstreetmap.org/?mlat=36.2054358&mlon=-5.4244846,alta,Cádiz,Taraguilla,36.205436,-5.424485,2026-08-28
OVERPASS-1244,geografia,farmacia,Farmacia La Estación,"Farmacia La Estación (farmacia) en Estación de San Roque. Coordenadas aprox: 36.2155, -5.4330.",OpenStreetMap (Overpass),https://www.openstreetmap.org/?mlat=36.2154909&mlon=-5.4330105,alta,Cádiz,Estación de San Roque,36.215491,-5.43301,2026-08-28
OVERPASS-1245,geografia,playa,Cala del Faro,"Cala del Faro (playa). Coordenadas aprox: 36.2970, -6.1431.",OpenStreetMap (Overpass),https://www.openstreetmap.org/?mlat=36.2970305&mlon=-6.143128,alta,Cádiz,,36.29703,-6.143128,2026-08-28
OVERPASS-1246,geografia,centro de salud,Consultorio de Tahivilla,"Consultorio de Tahivilla (centro de salud). Coordenadas aprox: 36.1840, -5.7576.",OpenStreetMap (Overpass),https://www.openstreetmap.org/?mlat=36.1840008&mlon=-5.7576018,alta,Cádiz,,36.184001,-5.757602,2026-08-28
OVERPASS-1247,geografia,hospital,Centro Hospitalario de Alta Resolución de Lebrija,"Centro Hospitalario de Alta Resolución de Lebrija (hospital) en Lebrija. Coordenadas aprox: 36.9105, -6.0723.",OpenStreetMap (Overpass),https://www.openstreetmap.org/?mlat=36.9105319&mlon=-6.0723078,alta,Cádiz,Lebrija,36.910532,-6.072308,2026-08-28
OVERPASS-1248,geografia,centro de salud,Clínica Los Álamos,"Clínica Los Álamos (centro de salud). Coordenadas aprox: 36.7041, -6.1305.",OpenStreetMap (Overpass),https://www.openstreetmap.org/?mlat=36.7041467&mlon=-6.1305124,alta,Cádiz,,36.704147,-6.130512,2026-08-28
OVERPASS-1249,geografia,centro de salud,Dermalaser,"Dermalaser (centro de salud). Coordenadas aprox: 36.6943, -6.1270.",OpenStreetMap (Overpass),https://www.openstreetmap.org/?mlat=36.6943023&mlon=-6.126968,alta,Cádiz,,36.694302,-6.126968,2026-08-28
OVERPASS-1250,supervivencia,refugio,refugio,"refugio (refugio). Coordenadas aprox: 36.6846, -6.1290.",OpenStreetMap (Overpass),https://www.openstreetmap.org/?mlat=36.6845679&mlon=-6.1290088,alta,Cádiz,,36.684568,-6.129009,2026-08-28
OVERPASS-1251,geografia,centro de salud,Centro de Salud de El Cuervo,"Centro de Salud de El Cuervo (centro de salud) en El Cuervo de Sevilla. Coordenadas aprox: 36.8535, -6.0398.",OpenStreetMap (Overpass),https://www.openstreetmap.org/?mlat=36.8535428&mlon=-6.0397827,alta,Cádiz,El Cuervo de Sevilla,36.853543,-6.039783,2026-08-28
OVERPASS-1252,geografia,centro de salud,Consultorio,"Consultorio (centro de salud). Coordenadas aprox: 37.0154, -5.1491.",OpenStreetMap (Overpass),https://www.openstreetmap.org/?mlat=37.0154413&mlon=-5.1491241,alta,Cádiz,,37.015441,-5.149124,2026-08-28
OVERPASS-1253,geografia,playa,Playa de la Costilla,"Playa de la Costilla (playa). Coordenadas aprox: 36.6187, -6.3645.",OpenStreetMap (Overpass),https://www.openstreetmap.org/?mlat=36.6187013&mlon=-6.3645371,alta,Cádiz,,36.618701,-6.364537,2026-08-28
OVERPASS-1254,geografia,centro de salud,Centro de Salud de Pruna,"Centro de Salud de Pruna (centro de salud). Coordenadas aprox: 36.9736, -5.2213.",OpenStreetMap (Overpass),https://www.openstreetmap.org/?mlat=36.9735913&mlon=-5.221337,alta,Cádiz,,36.973591,-5.221337,2026-08-28
OVERPASS-1255,geografia,centro de salud,Centro de Salud Pruna,"Centro de Salud Pruna (centro de salud). Coordenadas aprox: 36.9754, -5.2199.",OpenStreetMap (Overpass),https://www.openstreetmap.org/?mlat=36.9754005&mlon=-5.219943,alta,Cádiz,,36.9754,-5.219943,2026-08-28
OVERPASS-1256,geografia,centro de salud,centro de salud,"centro de salud (centro de salud). Coordenadas aprox: 36.9735, -5.4403.",OpenStreetMap (Overpass),https://www.openstreetmap.org/?mlat=36.9735195&mlon=-5.4402514,alta,Cádiz,,36.97352,-5.440251,2026-08-28
OVERPASS-1257,geografia,centro de salud,centro de salud,"centro de salud (centro de salud). Coordenadas aprox: 36.9211, -5.5397.",OpenStreetMap (Overpass),https://www.openstreetmap.org/?mlat=36.9211419&mlon=-5.5397017,alta,Cádiz,,36.921142,-5.539702,2026-08-28
OVERPASS-1258,geografia,farmacia,Farmacia La Rana Verde,"Farmacia La Rana Verde (farmacia) en Chiclana de la Frontera. Coordenadas aprox: 36.3943, -6.1531.",OpenStreetMap (Overpass),https://www.openstreetmap.org/?mlat=36.3943179&mlon=-6.1530783,alta,Cádiz,Chiclana de la Frontera,36.394318,-6.153078,2026-08-28
OVERPASS-1259,geografia,centro de salud,centro de salud,"centro de salud (centro de salud). Coordenadas aprox: 36.7904, -5.5549.",OpenStreetMap (Overpass),https://www.openstreetmap.org/?mlat=36.7904154&mlon=-5.5548644,alta,Cádiz,,36.790415,-5.554864,2026-08-28
OVERPASS-1260,geografia,playa,playa,"playa (playa). Coordenadas aprox: 36.2644, -5.2876.",OpenStreetMap (Overpass),https://www.openstreetmap.org/?mlat=36.2643532&mlon=-5.287569,alta,Cádiz,,36.264353,-5.287569,2026-08-28
OVERPASS-1261,geografia,centro de salud,centro de salud,"centro de salud (centro de salud). Coordenadas aprox: 36.8517, -5.6941.",OpenStreetMap (Overpass),https://www.openstreetmap.org/?mlat=36.8516577&mlon=-5.6940663,alta,Cádiz,,36.851658,-5.694066,2026-08-28
OVERPASS-1262,geografia,centro de salud,centro de salud,"centro de salud (centro de salud). Coordenadas aprox: 36.8152, -5.7452.",OpenStreetMap (Overpass),https://www.openstreetmap.org/?mlat=36.8152417&mlon=-5.7452198,alta,Cádiz,,36.815242,-5.74522,2026-08-28
OVERPASS-1263,geografia,centro de salud,centro de salud,"centro de salud (centro de salud). Coordenadas aprox: 36.8179, -5.7455.",OpenStreetMap (Overpass),https://www.openstreetmap.org/?mlat=36.8179129&mlon=-5.7455071,alta,Cádiz,,36.817913,-5.745507,2026-08-28
OVERPASS-1264,geografia,centro de salud,centro de salud,"centro de salud (centro de salud). Coordenadas aprox: 36.6575, -5.6569.",OpenStreetMap (Overpass),https://www.openstreetmap.org/?mlat=36.6575474&mlon=-5.6568915,alta,Cádiz,,36.657547,-5.656892,2026-08-28
OVERPASS-1265,geografia,centro de salud,centro de salud,"centro de salud (centro de salud). Coordenadas aprox: 36.6092, -5.8033.",OpenStreetMap (Overpass),https://www.openstreetmap.org/?mlat=36.6091709&mlon=-5.8032577,alta,Cádiz,,36.609171,-5.803258,2026-08-28
OVERPASS-1266,geografia,centro de salud,centro de salud,"centro de salud (centro de salud). Coordenadas aprox: 36.6497, -5.9344.",OpenStreetMap (Overpass),https://www.openstreetmap.org/?mlat=36.6496644&mlon=-5.9344048,alta,Cádiz,,36.649664,-5.934405,2026-08-28
OVERPASS-1267,geografia,centro de salud,Centro de Salud Barrio Alto,"Centro de Salud Barrio Alto (centro de salud). Coordenadas aprox: 36.7779, -6.3493.",OpenStreetMap (Overpass),https://www.openstreetmap.org/?mlat=36.7778888&mlon=-6.3493006,alta,Cádiz,,36.777889,-6.349301,2026-08-28
OVERPASS-1268,geografia,centro de salud,centro de salud,"centro de salud (centro de salud). Coordenadas aprox: 36.6207, -5.9708.",OpenStreetMap (Overpass),https://www.openstreetmap.org/?mlat=36.6206708&mlon=-5.9708074,alta,Cádiz,,36.620671,-5.970807,2026-08-28
OVERPASS-1269,geografia,centro de salud,centro de salud,"centro de salud (centro de salud). Coordenadas aprox: 36.6080, -5.9438.",OpenStreetMap (Overpass),https://www.openstreetmap.org/?mlat=36.6079615&mlon=-5.9437698,alta,Cádiz,,36.607962,-5.94377,2026-08-28
OVERPASS-1270,geografia,playa,Cala Melchor,"Cala Melchor (playa). Coordenadas aprox: 36.2962, -6.1272.",OpenStreetMap (Overpass),https://www.openstreetmap.org/?mlat=36.2961549&mlon=-6.1271872,alta,Cádiz,,36.296155,-6.127187,2026-08-28
OVERPASS-1271,geografia,playa,playa,"playa (playa). Coordenadas aprox: 36.3113, -5.2527.",OpenStreetMap (Overpass),https://www.openstreetmap.org/?mlat=36.3113334&mlon=-5.2526515,alta,Cádiz,,36.311333,-5.252651,2026-08-28
OVERPASS-1272,geografia,farmacia,Farmacia La Vid,"Farmacia La Vid (farmacia) en Jerez de la Frontera. Coordenadas aprox: 36.6845, -6.1213.",OpenStreetMap (Overpass),https://www.openstreetmap.org/?mlat=36.6844806&mlon=-6.1212994,alta,Cádiz,Jerez de la Frontera,36.684481,-6.121299,2026-08-28
OVERPASS-1273,geografia,centro de salud,centro de salud,"centro de salud (centro de salud). Coordenadas aprox: 36.6358, -6.0306.",OpenStreetMap (Overpass),https://www.openstreetmap.org/?mlat=36.6357705&mlon=-6.030638,alta,Cádiz,,36.63577,-6.030638,2026-08-28
OVERPASS-1274,geografia,centro de salud,centro de salud,"centro de salud (centro de salud). Coordenadas aprox: 36.6439, -5.9872.",OpenStreetMap (Overpass),https://www.openstreetmap.org/?mlat=36.6438621&mlon=-5.9872036,alta,Cádiz,,36.643862,-5.987204,2026-08-28
OVERPASS-1275,geografia,centro de salud,centro de salud,"centro de salud (centro de salud). Coordenadas aprox: 36.6388, -6.1324.",OpenStreetMap (Overpass),https://www.openstreetmap.org/?mlat=36.6387929&mlon=-6.1323649,alta,Cádiz,,36.638793,-6.132365,2026-08-28
OVERPASS-1276,geografia,centro de salud,centro de salud,"centro de salud (centro de salud). Coordenadas aprox: 36.6773, -6.0182.",OpenStreetMap (Overpass),https://www.openstreetmap.org/?mlat=36.6773455&mlon=-6.0182423,alta,Cádiz,,36.677346,-6.018242,2026-08-28
OVERPASS-1277,geografia,centro de salud,centro de salud,"centro de salud (centro de salud). Coordenadas aprox: 36.6855, -6.0764.",OpenStreetMap (Overpass),https://www.openstreetmap.org/?mlat=36.6855222&mlon=-6.0764157,alta,Cádiz,,36.685522,-6.076416,2026-08-28
OVERPASS-1278,geografia,centro de salud,centro de salud,"centro de salud (centro de salud). Coordenadas aprox: 36.7155, -6.0891.",OpenStreetMap (Overpass),https://www.openstreetmap.org/?mlat=36.7154635&mlon=-6.0891352,alta,Cádiz,,36.715463,-6.089135,2026-08-28
OVERPASS-1279,geografia,centro de salud,centro de salud,"centro de salud (centro de salud). Coordenadas aprox: 36.6547, -6.0829.",OpenStreetMap (Overpass),https://www.openstreetmap.org/?mlat=36.654743&mlon=-6.0828808,alta,Cádiz,,36.654743,-6.082881,2026-08-28
OVERPASS-1280,geografia,centro de salud,centro de salud,"centro de salud (centro de salud). Coordenadas aprox: 36.6716, -5.9067.",OpenStreetMap (Overpass),https://www.openstreetmap.org/?mlat=36.6716301&mlon=-5.9067386,alta,Cádiz,,36.67163,-5.906739,2026-08-28
OVERPASS-1281,geografia,centro de salud,centro de salud,"centro de salud (centro de salud). Coordenadas aprox: 36.7901, -6.1746.",OpenStreetMap (Overpass),https://www.openstreetmap.org/?mlat=36.7900505&mlon=-6.1746031,alta,Cádiz,,36.79005,-6.174603,2026-08-28
OVERPASS-1282,geografia,centro de salud,centro de salud,"centro de salud (centro de salud). Coordenadas aprox: 36.7565, -6.0305.",OpenStreetMap (Overpass),https://www.openstreetmap.org/?mlat=36.7564753&mlon=-6.03052,alta,Cádiz,,36.756475,-6.03052,2026-08-28
OVERPASS-1283,geografia,centro de salud,"Centro de Salud ""Doctor Gonzalo Pérez Fabra""","Centro de Salud ""Doctor Gonzalo Pérez Fabra"" (centro de salud). Coordenadas aprox: 36.5211, -5.8640.",OpenStreetMap (Overpass),https://www.openstreetmap.org/?mlat=36.5210652&mlon=-5.8640019,alta,Cádiz,,36.521065,-5.864002,2026-08-28
OVERPASS-1284,geografia,farmacia,farmacia,"farmacia (farmacia). Coordenadas aprox: 36.6969, -5.8596.",OpenStreetMap (Overpass),https://www.openstreetmap.org/?mlat=36.6968944&mlon=-5.8596307,alta,Cádiz,,36.696894,-5.859631,2026-08-28
OVERPASS-1285,geografia,farmacia,Farmacia del Pueblo,"Farmacia del Pueblo (farmacia) en Júzcar. Coordenadas aprox: 36.6237, -5.1700.",OpenStreetMap (Overpass),https://www.openstreetmap.org/?mlat=36.6237227&mlon=-5.1699648,alta,Cádiz,Júzcar,36.623723,-5.169965,2026-08-28
OVERPASS-1286,geografia,playa,Playa fluvial embalse de Arcos de la Frontera,"Playa fluvial embalse de Arcos de la Frontera (playa). Coordenadas aprox: 36.7664, -5.7844.",OpenStreetMap (Overpass),https://www.openstreetmap.org/?mlat=36.7664438&mlon=-5.7843823,alta,Cádiz,,36.766444,-5.784382,2026-08-28
OVERPASS-1287,geografia,playa,playa,"playa (playa). Coordenadas aprox: 36.3109, -5.2477.",OpenStreetMap (Overpass),https://www.openstreetmap.org/?mlat=36.3108812&mlon=-5.2477486,alta,Cádiz,,36.310881,-5.247749,2026-08-28
OVERPASS-1288,geografia,playa,playa,"playa (playa). Coordenadas aprox: 36.3122, -5.2468.",OpenStreetMap (Overpass),https://www.openstreetmap.org/?mlat=36.3121912&mlon=-5.2468331,alta,Cádiz,,36.312191,-5.246833,2026-08-28
OVERPASS-1289,geografia,playa,playa,"playa (playa). Coordenadas aprox: 36.3175, -5.2446.",OpenStreetMap (Overpass),https://www.openstreetmap.org/?mlat=36.3174676&mlon=-5.244554,alta,Cádiz,,36.317468,-5.244554,2026-08-28
OVERPASS-1290,geografia,centro de salud,Centro de Salud de Sabinillas,"Centro de Salud de Sabinillas (centro de salud). Coordenadas aprox: 36.3692, -5.2257.",OpenStreetMap (Overpass),https://www.openstreetmap.org/?mlat=36.3691676&mlon=-5.2256643,alta,Cádiz,,36.369168,-5.225664,2026-08-28
OVERPASS-1291,geografia,centro de salud,Centro de Salud de San Enrique,"Centro de Salud de San Enrique (centro de salud) en San Enrique de Guadiaro. Coordenadas aprox: 36.3032, -5.2921.",OpenStreetMap (Overpass),https://www.openstreetmap.org/?mlat=36.3032211&mlon=-5.2920527,alta,Cádiz,San Enrique de Guadiaro,36.303221,-5.292053,2026-08-28
OVERPASS-1292,geografia,playa,Playa del Padron,"Playa del Padron (playa). Coordenadas aprox: 36.4372, -5.1035.",OpenStreetMap (Overpass),https://www.openstreetmap.org/?mlat=36.4371734&mlon=-5.1035312,alta,Cádiz,,36.437173,-5.103531,2026-08-28
OVERPASS-1293,geografia,playa,Playa de Punta Plata,"Playa de Punta Plata (playa). Coordenadas aprox: 36.4308, -5.1174.",OpenStreetMap (Overpass),https://www.openstreetmap.org/?mlat=36.4308199&mlon=-5.1174489,alta,Cádiz,,36.43082,-5.117449,2026-08-28
OVERPASS-1294,geografia,playa,Playa del Angel,"Playa del Angel (playa). Coordenadas aprox: 36.4280, -5.1277.",OpenStreetMap (Overpass),https://www.openstreetmap.org/?mlat=36.4280402&mlon=-5.1277304,alta,Cádiz,,36.42804,-5.12773,2026-08-28
OVERPASS-1295,geografia,playa,playa,"playa (playa). Coordenadas aprox: 36.4084, -5.1851.",OpenStreetMap (Overpass),https://www.openstreetmap.org/?mlat=36.4083653&mlon=-5.1850966,alta,Cádiz,,36.408365,-5.185097,2026-08-28
OVERPASS-1296,geografia,centro de salud,Centro de Salud Estepona,"Centro de Salud Estepona (centro de salud) en Estepona. Coordenadas aprox: 36.4248, -5.1526.",OpenStreetMap (Overpass),https://www.openstreetmap.org/?mlat=36.424838&mlon=-5.1525732,alta,Cádiz,Estepona,36.424838,-5.152573,2026-08-28
OVERPASS-1297,geografia,playa,playa,"playa (playa). Coordenadas aprox: 36.3039, -5.2631.",OpenStreetMap (Overpass),https://www.openstreetmap.org/?mlat=36.3039112&mlon=-5.2631071,alta,Cádiz,,36.303911,-5.263107,2026-08-28
OVERPASS-1298,geografia,farmacia,farmacia,"farmacia (farmacia). Coordenadas aprox: 36.6087, -5.8028.",OpenStreetMap (Overpass),https://www.openstreetmap.org/?mlat=36.6087335&mlon=-5.8027999,alta,Cádiz,,36.608733,-5.8028,2026-08-28
OVERPASS-1299,geografia,farmacia,Parafarmacia,"Parafarmacia (farmacia). Coordenadas aprox: 36.6056, -5.7997.",OpenStreetMap (Overpass),https://www.openstreetmap.org/?mlat=36.6055955&mlon=-5.7997359,alta,Cádiz,,36.605595,-5.799736,2026-08-28
OVERPASS-1300,geografia,playa,playa,"playa (playa). Coordenadas aprox: 36.1149, -5.3495.",OpenStreetMap (Overpass),https://www.openstreetmap.org/?mlat=36.114909&mlon=-5.3494536,alta,Cádiz,,36.114909,-5.349454,2026-08-28
OVERPASS-1301,geografia,centro de salud,centro de salud,"centro de salud (centro de salud). Coordenadas aprox: 36.6753, -5.4460.",OpenStreetMap (Overpass),https://www.openstreetmap.org/?mlat=36.6753413&mlon=-5.4460479,alta,Cádiz,,36.675341,-5.446048,2026-08-28
OVERPASS-1302,orientacion,faro,Faro de Punta Carbonera,"Faro de Punta Carbonera (faro). Coordenadas aprox: 36.2446, -5.3013.",OpenStreetMap (Overpass),https://www.openstreetmap.org/?mlat=36.2445519&mlon=-5.3012769,alta,Cádiz,,36.244552,-5.301277,2026-08-28
OVERPASS-1303,geografia,centro de salud,Centro Medico Circuito,"Centro Medico Circuito (centro de salud). Coordenadas aprox: 36.7111, -6.0338.",OpenStreetMap (Overpass),https://www.openstreetmap.org/?mlat=36.7110544&mlon=-6.033769,alta,Cádiz,,36.711054,-6.033769,2026-08-28
OVERPASS-1304,geografia,farmacia,Flores Gomez,"Flores Gomez (farmacia). Coordenadas aprox: 36.4566, -6.2101.",OpenStreetMap (Overpass),https://www.openstreetmap.org/?mlat=36.4566093&mlon=-6.2101032,alta,Cádiz,,36.456609,-6.210103,2026-08-28
OVERPASS-1305,geografia,centro de salud,"Centro de Salud ""José Sánchez de Miguel""","Centro de Salud ""José Sánchez de Miguel"" (centro de salud) en Alcalá del Valle. Coordenadas aprox: 36.9034, -5.1720.",OpenStreetMap (Overpass),https://www.openstreetmap.org/?mlat=36.9033858&mlon=-5.1719941,alta,Cádiz,Alcalá del Valle,36.903386,-5.171994,2026-08-28
OVERPASS-1306,geografia,centro de salud,Centro de Salud Sor María Pérez,"Centro de Salud Sor María Pérez (centro de salud). Coordenadas aprox: 36.7311, -6.4338.",OpenStreetMap (Overpass),https://www.openstreetmap.org/?mlat=36.7310621&mlon=-6.4337757,alta,Cádiz,,36.731062,-6.433776,2026-08-28
OVERPASS-1307,geografia,centro de salud,Centro de Salud Loreto Puntales,"Centro de Salud Loreto Puntales (centro de salud) en Cádiz. Coordenadas aprox: 36.5060, -6.2704.",OpenStreetMap (Overpass),https://www.openstreetmap.org/?mlat=36.505971&mlon=-6.2703779,alta,Cádiz,Cádiz,36.505971,-6.270378,2026-08-28
OVERPASS-1308,geografia,playa,Cala del Pato,"Cala del Pato (playa). Coordenadas aprox: 36.3026, -6.1475.",OpenStreetMap (Overpass),https://www.openstreetmap.org/?mlat=36.3025832&mlon=-6.1475211,alta,Cádiz,,36.302583,-6.147521,2026-08-28
OVERPASS-1309,geografia,playa,Cala del Enebro,"Cala del Enebro (playa). Coordenadas aprox: 36.3040, -6.1490.",OpenStreetMap (Overpass),https://www.openstreetmap.org/?mlat=36.3040262&mlon=-6.1490028,alta,Cádiz,,36.304026,-6.149003,2026-08-28
OVERPASS-1310,geografia,playa,Cala Pitones,"Cala Pitones (playa). Coordenadas aprox: 36.2954, -6.1233.",OpenStreetMap (Overpass),https://www.openstreetmap.org/?mlat=36.295368&mlon=-6.1232964,alta,Cádiz,,36.295368,-6.123296,2026-08-28
OVERPASS-1311,geografia,playa,Cala Camacho,"Cala Camacho (playa). Coordenadas aprox: 36.2943, -6.1176.",OpenStreetMap (Overpass),https://www.openstreetmap.org/?mlat=36.2942571&mlon=-6.1175558,alta,Cádiz,,36.294257,-6.117556,2026-08-28
OVERPASS-1312,geografia,playa,Cala Sudario,"Cala Sudario (playa). Coordenadas aprox: 36.2945, -6.1195.",OpenStreetMap (Overpass),https://www.openstreetmap.org/?mlat=36.2945313&mlon=-6.1195164,alta,Cádiz,,36.294531,-6.119516,2026-08-28
OVERPASS-1313,geografia,centro de salud,Centro de Salud de Trebujena,"Centro de Salud de Trebujena (centro de salud) en Trebujena. Coordenadas aprox: 36.8679, -6.1743.",OpenStreetMap (Overpass),https://www.openstreetmap.org/?mlat=36.8679324&mlon=-6.1742546,alta,Cádiz,Trebujena,36.867932,-6.174255,2026-08-28
OVERPASS-1314,geografia,playa,Playa Faro de Trafalgar,"Playa Faro de Trafalgar (playa). Coordenadas aprox: 36.1815, -6.0329.",OpenStreetMap (Overpass),https://www.openstreetmap.org/?mlat=36.1815302&mlon=-6.0329194,alta,Cádiz,,36.18153,-6.032919,2026-08-28
OVERPASS-1315,orientacion,faro,Faro del Cabo de Roche,"Faro del Cabo de Roche (faro). Coordenadas aprox: 36.2955, -6.1400.",OpenStreetMap (Overpass),https://www.openstreetmap.org/?mlat=36.2955426&mlon=-6.1400344,alta,Cádiz,,36.295543,-6.140034,2026-08-28
OVERPASS-1316,orientacion,faro,Faro de Sancti-Petri,"Faro de Sancti-Petri (faro). Coordenadas aprox: 36.3803, -6.2202.",OpenStreetMap (Overpass),https://www.openstreetmap.org/?mlat=36.3803471&mlon=-6.220218,alta,Cádiz,,36.380347,-6.220218,2026-08-28
OVERPASS-1317,orientacion,faro,Faro de San Sebastián,"Faro de San Sebastián (faro). Coordenadas aprox: 36.5283, -6.3161.",OpenStreetMap (Overpass),https://www.openstreetmap.org/?mlat=36.5283259&mlon=-6.316052,alta,Cádiz,,36.528326,-6.316052,2026-08-28
OVERPASS-1318,orientacion,faro,Faro de Rota,"Faro de Rota (faro). Coordenadas aprox: 36.6160, -6.3572.",OpenStreetMap (Overpass),https://www.openstreetmap.org/?mlat=36.6160282&mlon=-6.3572317,alta,Cádiz,,36.616028,-6.357232,2026-08-28
OVERPASS-1319,orientacion,faro,Faro de San Jerónimo (Bonanza),"Faro de San Jerónimo (Bonanza) (faro). Coordenadas aprox: 36.8060, -6.3272.",OpenStreetMap (Overpass),https://www.openstreetmap.org/?mlat=36.8059888&mlon=-6.3272015,alta,Cádiz,,36.805989,-6.327202,2026-08-28
OVERPASS-1320,geografia,playa,Cala del Aceite,"Cala del Aceite (playa). Coordenadas aprox: 36.2967, -6.1315.",OpenStreetMap (Overpass),https://www.openstreetmap.org/?mlat=36.2966971&mlon=-6.131531,alta,Cádiz,,36.296697,-6.131531,2026-08-28
OVERPASS-1321,geografia,playa,playa,"playa (playa). Coordenadas aprox: 36.2943, -6.1387.",OpenStreetMap (Overpass),https://www.openstreetmap.org/?mlat=36.2942922&mlon=-6.1386548,alta,Cádiz,,36.294292,-6.138655,2026-08-28
OVERPASS-1322,geografia,playa,playa,"playa (playa). Coordenadas aprox: 36.2834, -5.2771.",OpenStreetMap (Overpass),https://www.openstreetmap.org/?mlat=36.2833669&mlon=-5.2771161,alta,Cádiz,,36.283367,-5.277116,2026-08-28
OVERPASS-1323,geografia,playa,Playa de Puente Mayorga-Campamento,"Playa de Puente Mayorga-Campamento (playa). Coordenadas aprox: 36.1775, -5.3840.",OpenStreetMap (Overpass),https://www.openstreetmap.org/?mlat=36.1775429&mlon=-5.3839549,alta,Cádiz,,36.177543,-5.383955,2026-08-28
OVERPASS-1324,geografia,playa,Playa de La Colonia,"Playa de La Colonia (playa). Coordenadas aprox: 36.1809, -5.3935.",OpenStreetMap (Overpass),https://www.openstreetmap.org/?mlat=36.1808723&mlon=-5.3934544,alta,Cádiz,,36.180872,-5.393454,2026-08-28
OVERPASS-1325,geografia,playa,Playa de Los Roncalillo,"Playa de Los Roncalillo (playa). Coordenadas aprox: 36.1804, -5.4084.",OpenStreetMap (Overpass),https://www.openstreetmap.org/?mlat=36.180447&mlon=-5.4083977,alta,Cádiz,,36.180447,-5.408398,2026-08-28
OVERPASS-1326,geografia,playa,Playa de Refinería,"Playa de Refinería (playa). Coordenadas aprox: 36.1805, -5.4001.",OpenStreetMap (Overpass),https://www.openstreetmap.org/?mlat=36.1804805&mlon=-5.4001339,alta,Cádiz,,36.180481,-5.400134,2026-08-28
OVERPASS-1327,supervivencia,refugio,refugio,"refugio (refugio). Coordenadas aprox: 36.1382, -5.3550.",OpenStreetMap (Overpass),https://www.openstreetmap.org/?mlat=36.1382063&mlon=-5.355033,alta,Cádiz,,36.138206,-5.355033,2026-08-28
OVERPASS-1328,supervivencia,refugio,refugio,"refugio (refugio). Coordenadas aprox: 36.1241, -5.3432.",OpenStreetMap (Overpass),https://www.openstreetmap.org/?mlat=36.1241366&mlon=-5.343191,alta,Cádiz,,36.124137,-5.343191,2026-08-28
OVERPASS-1329,supervivencia,refugio,refugio,"refugio (refugio). Coordenadas aprox: 36.1481, -5.3449.",OpenStreetMap (Overpass),https://www.openstreetmap.org/?mlat=36.1481125&mlon=-5.3448801,alta,Cádiz,,36.148113,-5.34488,2026-08-28
OVERPASS-1330,geografia,playa,Playa de Getares,"Playa de Getares (playa). Coordenadas aprox: 36.0908, -5.4438.",OpenStreetMap (Overpass),https://www.openstreetmap.org/?mlat=36.0908268&mlon=-5.4438331,alta,Cádiz,,36.090827,-5.443833,2026-08-28
OVERPASS-1331,geografia,playa,playa,"playa (playa). Coordenadas aprox: 36.1054, -5.4357.",OpenStreetMap (Overpass),https://www.openstreetmap.org/?mlat=36.1054139&mlon=-5.4356701,alta,Cádiz,,36.105414,-5.43567,2026-08-28
OVERPASS-1332,geografia,playa,playa,"playa (playa). Coordenadas aprox: 36.0369, -5.5199.",OpenStreetMap (Overpass),https://www.openstreetmap.org/?mlat=36.03693&mlon=-5.5199392,alta,Cádiz,,36.03693,-5.519939,2026-08-28
OVERPASS-1333,geografia,playa,Playa Chica,"Playa Chica (playa). Coordenadas aprox: 36.0084, -5.6065.",OpenStreetMap (Overpass),https://www.openstreetmap.org/?mlat=36.0083915&mlon=-5.6064982,alta,Cádiz,,36.008392,-5.606498,2026-08-28
OVERPASS-1334,geografia,playa,Cala del Tio Juan Medina,"Cala del Tio Juan Medina (playa). Coordenadas aprox: 36.2986, -6.1443.",OpenStreetMap (Overpass),https://www.openstreetmap.org/?mlat=36.2986158&mlon=-6.144349,alta,Cádiz,,36.298616,-6.144349,2026-08-28
OVERPASS-1335,geografia,playa,playa,"playa (playa). Coordenadas aprox: 36.5347, -6.3066.",OpenStreetMap (Overpass),https://www.openstreetmap.org/?mlat=36.5347194&mlon=-6.306641,alta,Cádiz,,36.534719,-6.306641,2026-08-28
OVERPASS-1336,supervivencia,refugio,refugio,"refugio (refugio). Coordenadas aprox: 36.9127, -5.4059.",OpenStreetMap (Overpass),https://www.openstreetmap.org/?mlat=36.9126738&mlon=-5.4058538,alta,Cádiz,,36.912674,-5.405854,2026-08-28
OVERPASS-1337,geografia,centro de salud,Mundo Salud Fisioterapia,"Mundo Salud Fisioterapia (centro de salud) en Jerez de la Frontera. Coordenadas aprox: 36.6831, -6.1319.",OpenStreetMap (Overpass),https://www.openstreetmap.org/?mlat=36.6831333&mlon=-6.1319019,alta,Cádiz,Jerez de la Frontera,36.683133,-6.131902,2026-08-28
OVERPASS-1338,supervivencia,refugio,refugio,"refugio (refugio). Coordenadas aprox: 36.5246, -6.2758.",OpenStreetMap (Overpass),https://www.openstreetmap.org/?mlat=36.5245823&mlon=-6.2757794,alta,Cádiz,,36.524582,-6.275779,2026-08-28
OVERPASS-1339,supervivencia,refugio,refugio,"refugio (refugio). Coordenadas aprox: 36.5245, -6.2756.",OpenStreetMap (Overpass),https://www.openstreetmap.org/?mlat=36.5245251&mlon=-6.2755693,alta,Cádiz,,36.524525,-6.275569,2026-08-28
OVERPASS-1340,supervivencia,refugio,refugio,"refugio (refugio). Coordenadas aprox: 36.5246, -6.2754.",OpenStreetMap (Overpass),https://www.openstreetmap.org/?mlat=36.5246021&mlon=-6.2754462,alta,Cádiz,,36.524602,-6.275446,2026-08-28
OVERPASS-1341,supervivencia,refugio,refugio,"refugio (refugio). Coordenadas aprox: 36.5246, -6.2754.",OpenStreetMap (Overpass),https://www.openstreetmap.org/?mlat=36.5245674&mlon=-6.275361,alta,Cádiz,,36.524567,-6.275361,2026-08-28
OVERPASS-1342,supervivencia,refugio,refugio,"refugio (refugio). Coordenadas aprox: 36.5239, -6.2755.",OpenStreetMap (Overpass),https://www.openstreetmap.org/?mlat=36.5239198&mlon=-6.2754543,alta,Cádiz,,36.52392,-6.275454,2026-08-28
OVERPASS-1343,supervivencia,refugio,refugio,"refugio (refugio). Coordenadas aprox: 36.5238, -6.2756.",OpenStreetMap (Overpass),https://www.openstreetmap.org/?mlat=36.5238165&mlon=-6.27558,alta,Cádiz,,36.523817,-6.27558,2026-08-28
OVERPASS-1344,supervivencia,refugio,refugio,"refugio (refugio). Coordenadas aprox: 36.5239, -6.2754.",OpenStreetMap (Overpass),https://www.openstreetmap.org/?mlat=36.5239014&mlon=-6.2753515,alta,Cádiz,,36.523901,-6.275352,2026-08-28
OVERPASS-1345,supervivencia,refugio,refugio,"refugio (refugio). Coordenadas aprox: 36.5240, -6.2752.",OpenStreetMap (Overpass),https://www.openstreetmap.org/?mlat=36.5239698&mlon=-6.2751691,alta,Cádiz,,36.52397,-6.275169,2026-08-28
OVERPASS-1346,supervivencia,refugio,refugio,"refugio (refugio). Coordenadas aprox: 36.5056, -6.2771.",OpenStreetMap (Overpass),https://www.openstreetmap.org/?mlat=36.5056065&mlon=-6.2770643,alta,Cádiz,,36.505606,-6.277064,2026-08-28
OVERPASS-1347,supervivencia,refugio,refugio,"refugio (refugio). Coordenadas aprox: 36.5056, -6.2769.",OpenStreetMap (Overpass),https://www.openstreetmap.org/?mlat=36.5055658&mlon=-6.2769392,alta,Cádiz,,36.505566,-6.276939,2026-08-28
OVERPASS-1348,supervivencia,refugio,refugio,"refugio (refugio). Coordenadas aprox: 36.5055, -6.2768.",OpenStreetMap (Overpass),https://www.openstreetmap.org/?mlat=36.5055389&mlon=-6.2768232,alta,Cádiz,,36.505539,-6.276823,2026-08-28
OVERPASS-1349,supervivencia,refugio,refugio,"refugio (refugio). Coordenadas aprox: 36.5027, -6.2745.",OpenStreetMap (Overpass),https://www.openstreetmap.org/?mlat=36.5026649&mlon=-6.2745029,alta,Cádiz,,36.502665,-6.274503,2026-08-28
OVERPASS-1350,supervivencia,refugio,refugio,"refugio (refugio). Coordenadas aprox: 36.5226, -6.2769.",OpenStreetMap (Overpass),https://www.openstreetmap.org/?mlat=36.5226054&mlon=-6.2768621,alta,Cádiz,,36.522605,-6.276862,2026-08-28
OVERPASS-1351,supervivencia,refugio,refugio,"refugio (refugio). Coordenadas aprox: 36.5230, -6.2803.",OpenStreetMap (Overpass),https://www.openstreetmap.org/?mlat=36.5230302&mlon=-6.280316,alta,Cádiz,,36.52303,-6.280316,2026-08-28
OVERPASS-1352,supervivencia,refugio,refugio,"refugio (refugio). Coordenadas aprox: 36.5179, -6.2829.",OpenStreetMap (Overpass),https://www.openstreetmap.org/?mlat=36.5178737&mlon=-6.2828583,alta,Cádiz,,36.517874,-6.282858,2026-08-28
OVERPASS-1353,supervivencia,refugio,refugio,"refugio (refugio). Coordenadas aprox: 36.5181, -6.2823.",OpenStreetMap (Overpass),https://www.openstreetmap.org/?mlat=36.5180569&mlon=-6.282305,alta,Cádiz,,36.518057,-6.282305,2026-08-28
OVERPASS-1354,supervivencia,refugio,refugio,"refugio (refugio). Coordenadas aprox: 36.5182, -6.2822.",OpenStreetMap (Overpass),https://www.openstreetmap.org/?mlat=36.5182253&mlon=-6.2821556,alta,Cádiz,,36.518225,-6.282156,2026-08-28
OVERPASS-1355,supervivencia,refugio,refugio,"refugio (refugio). Coordenadas aprox: 36.5065, -6.2699.",OpenStreetMap (Overpass),https://www.openstreetmap.org/?mlat=36.5065266&mlon=-6.2698551,alta,Cádiz,,36.506527,-6.269855,2026-08-28
OVERPASS-1356,supervivencia,refugio,refugio,"refugio (refugio). Coordenadas aprox: 36.5067, -6.2696.",OpenStreetMap (Overpass),https://www.openstreetmap.org/?mlat=36.5066514&mlon=-6.2695866,alta,Cádiz,,36.506651,-6.269587,2026-08-28
OVERPASS-1357,geografia,farmacia,Farmacia La Atunara,"Farmacia La Atunara (farmacia) en La Línea de la Concepción. Coordenadas aprox: 36.1764, -5.3386.",OpenStreetMap (Overpass),https://www.openstreetmap.org/?mlat=36.1764266&mlon=-5.3386479,alta,Cádiz,La Línea de la Concepción,36.176427,-5.338648,2026-08-28
OVERPASS-1358,supervivencia,refugio,refugio,"refugio (refugio). Coordenadas aprox: 36.5288, -6.2989.",OpenStreetMap (Overpass),https://www.openstreetmap.org/?mlat=36.5288251&mlon=-6.2988867,alta,Cádiz,,36.528825,-6.298887,2026-08-28
OVERPASS-1359,supervivencia,refugio,refugio,"refugio (refugio). Coordenadas aprox: 36.5288, -6.2980.",OpenStreetMap (Overpass),https://www.openstreetmap.org/?mlat=36.5287748&mlon=-6.2979642,alta,Cádiz,,36.528775,-6.297964,2026-08-28
OVERPASS-1360,supervivencia,refugio,refugio,"refugio (refugio). Coordenadas aprox: 36.5173, -6.2846.",OpenStreetMap (Overpass),https://www.openstreetmap.org/?mlat=36.5173373&mlon=-6.2846075,alta,Cádiz,,36.517337,-6.284607,2026-08-28
OVERPASS-1361,geografia,centro de salud,Centro de Salud La Paz,"Centro de Salud La Paz (centro de salud). Coordenadas aprox: 36.5159, -6.2746.",OpenStreetMap (Overpass),https://www.openstreetmap.org/?mlat=36.5159302&mlon=-6.2746247,alta,Cádiz,,36.51593,-6.274625,2026-08-28
OVERPASS-1362,geografia,centro de salud,Clinica Militar,"Clinica Militar (centro de salud) en San Fernando. Coordenadas aprox: 36.4794, -6.1944.",OpenStreetMap (Overpass),https://www.openstreetmap.org/?mlat=36.4793663&mlon=-6.1943981,alta,Cádiz,San Fernando,36.479366,-6.194398,2026-08-28
OVERPASS-1363,geografia,hospital,Urgencias hospital San Carlos,"Urgencias hospital San Carlos (hospital). Coordenadas aprox: 36.4803, -6.1954.",OpenStreetMap (Overpass),https://www.openstreetmap.org/?mlat=36.4802935&mlon=-6.1954057,alta,Cádiz,,36.480294,-6.195406,2026-08-28
OVERPASS-1364,geografia,playa,playa,"playa (playa). Coordenadas aprox: 36.4990, -6.1756.",OpenStreetMap (Overpass),https://www.openstreetmap.org/?mlat=36.4989514&mlon=-6.1756177,alta,Cádiz,,36.498951,-6.175618,2026-08-28
OVERPASS-1365,geografia,playa,Playa de Torregorda,"Playa de Torregorda (playa). Coordenadas aprox: 36.4528, -6.2491.",OpenStreetMap (Overpass),https://www.openstreetmap.org/?mlat=36.4527557&mlon=-6.2490804,alta,Cádiz,,36.452756,-6.24908,2026-08-28
OVERPASS-1366,geografia,playa,Playa de Torregorda,"Playa de Torregorda (playa). Coordenadas aprox: 36.4607, -6.2537.",OpenStreetMap (Overpass),https://www.openstreetmap.org/?mlat=36.4606651&mlon=-6.2537096,alta,Cádiz,,36.460665,-6.25371,2026-08-28
OVERPASS-1367,geografia,centro de salud,Centro Medico,"Centro Medico (centro de salud). Coordenadas aprox: 36.4470, -5.2745.",OpenStreetMap (Overpass),https://www.openstreetmap.org/?mlat=36.4469747&mlon=-5.2744759,alta,Cádiz,,36.446975,-5.274476,2026-08-28
OVERPASS-1368,supervivencia,refugio,Refugio Sierra Crestellina,"Refugio Sierra Crestellina (refugio). Coordenadas aprox: 36.4560, -5.2813.",OpenStreetMap (Overpass),https://www.openstreetmap.org/?mlat=36.4560177&mlon=-5.28135,alta,Cádiz,,36.456018,-5.28135,2026-08-28
OVERPASS-1369,geografia,playa,Playa de Castilla,"Playa de Castilla (playa). Coordenadas aprox: 36.9442, -6.4837.",OpenStreetMap (Overpass),https://www.openstreetmap.org/?mlat=36.9441568&mlon=-6.4836743,alta,Cádiz,,36.944157,-6.483674,2026-08-28
OVERPASS-1370,geografia,playa,Playa de Castilla,"Playa de Castilla (playa). Coordenadas aprox: 36.9080, -6.4506.",OpenStreetMap (Overpass),https://www.openstreetmap.org/?mlat=36.9079526&mlon=-6.4505933,alta,Cádiz,,36.907953,-6.450593,2026-08-28
OVERPASS-1371,geografia,playa,Playa de Castilla,"Playa de Castilla (playa). Coordenadas aprox: 36.8685, -6.4276.",OpenStreetMap (Overpass),https://www.openstreetmap.org/?mlat=36.8684883&mlon=-6.4275545,alta,Cádiz,,36.868488,-6.427555,2026-08-28
OVERPASS-1372,geografia,playa,Playa del Inglesito,"Playa del Inglesito (playa). Coordenadas aprox: 36.8263, -6.4055.",OpenStreetMap (Overpass),https://www.openstreetmap.org/?mlat=36.8262919&mlon=-6.4054832,alta,Cádiz,,36.826292,-6.405483,2026-08-28
OVERPASS-1373,geografia,playa,Playa de Malandar,"Playa de Malandar (playa). Coordenadas aprox: 36.8027, -6.3712.",OpenStreetMap (Overpass),https://www.openstreetmap.org/?mlat=36.8026858&mlon=-6.3712153,alta,Cádiz,,36.802686,-6.371215,2026-08-28
OVERPASS-1374,geografia,playa,playa,"playa (playa). Coordenadas aprox: 36.5275, -6.3163.",OpenStreetMap (Overpass),https://www.openstreetmap.org/?mlat=36.5274938&mlon=-6.3162788,alta,Cádiz,,36.527494,-6.316279,2026-08-28
OVERPASS-1375,geografia,playa,playa,"playa (playa). Coordenadas aprox: 36.5281, -6.3140.",OpenStreetMap (Overpass),https://www.openstreetmap.org/?mlat=36.5280632&mlon=-6.3140009,alta,Cádiz,,36.528063,-6.314001,2026-08-28
OVERPASS-1376,supervivencia,refugio,refugio,"refugio (refugio). Coordenadas aprox: 36.5310, -6.2952.",OpenStreetMap (Overpass),https://www.openstreetmap.org/?mlat=36.5310348&mlon=-6.2952296,alta,Cádiz,,36.531035,-6.29523,2026-08-28
OVERPASS-1377,supervivencia,refugio,refugio,"refugio (refugio). Coordenadas aprox: 36.5313, -6.2951.",OpenStreetMap (Overpass),https://www.openstreetmap.org/?mlat=36.5313357&mlon=-6.2951335,alta,Cádiz,,36.531336,-6.295134,2026-08-28
OVERPASS-1378,supervivencia,refugio,refugio,"refugio (refugio). Coordenadas aprox: 36.5354, -6.3042.",OpenStreetMap (Overpass),https://www.openstreetmap.org/?mlat=36.5354143&mlon=-6.3042451,alta,Cádiz,,36.535414,-6.304245,2026-08-28
OVERPASS-1379,supervivencia,refugio,refugio,"refugio (refugio). Coordenadas aprox: 36.5333, -6.3066.",OpenStreetMap (Overpass),https://www.openstreetmap.org/?mlat=36.5332934&mlon=-6.306575,alta,Cádiz,,36.533293,-6.306575,2026-08-28
OVERPASS-1380,orientacion,faro,faro,"faro (faro). Coordenadas aprox: 36.5452, -6.2799.",OpenStreetMap (Overpass),https://www.openstreetmap.org/?mlat=36.5452239&mlon=-6.2798852,alta,Cádiz,,36.545224,-6.279885,2026-08-28
OVERPASS-1381,supervivencia,refugio,refugio,"refugio (refugio). Coordenadas aprox: 36.4985, -6.2739.",OpenStreetMap (Overpass),https://www.openstreetmap.org/?mlat=36.4984584&mlon=-6.2738534,alta,Cádiz,,36.498458,-6.273853,2026-08-28
OVERPASS-1382,supervivencia,refugio,refugio,"refugio (refugio). Coordenadas aprox: 36.4984, -6.2739.",OpenStreetMap (Overpass),https://www.openstreetmap.org/?mlat=36.4984454&mlon=-6.2739126,alta,Cádiz,,36.498445,-6.273913,2026-08-28
OVERPASS-1383,supervivencia,refugio,refugio,"refugio (refugio). Coordenadas aprox: 36.4991, -6.2743.",OpenStreetMap (Overpass),https://www.openstreetmap.org/?mlat=36.4990945&mlon=-6.2742562,alta,Cádiz,,36.499094,-6.274256,2026-08-28
OVERPASS-1384,geografia,playa,Playa Puntales,"Playa Puntales (playa). Coordenadas aprox: 36.5079, -6.2658.",OpenStreetMap (Overpass),https://www.openstreetmap.org/?mlat=36.5079433&mlon=-6.2657504,alta,Cádiz,,36.507943,-6.26575,2026-08-28
OVERPASS-1385,geografia,centro de salud,Clínica Astarté,"Clínica Astarté (centro de salud) en Cádiz. Coordenadas aprox: 36.5071, -6.2689.",OpenStreetMap (Overpass),https://www.openstreetmap.org/?mlat=36.5071144&mlon=-6.2688929,alta,Cádiz,Cádiz,36.507114,-6.268893,2026-08-28
OVERPASS-1386,supervivencia,refugio,refugio,"refugio (refugio). Coordenadas aprox: 36.5023, -6.2760.",OpenStreetMap (Overpass),https://www.openstreetmap.org/?mlat=36.5023119&mlon=-6.2759838,alta,Cádiz,,36.502312,-6.275984,2026-08-28
OVERPASS-1387,supervivencia,refugio,refugio,"refugio (refugio). Coordenadas aprox: 36.5037, -6.2772.",OpenStreetMap (Overpass),https://www.openstreetmap.org/?mlat=36.5037301&mlon=-6.2772309,alta,Cádiz,,36.50373,-6.277231,2026-08-28
OVERPASS-1388,geografia,centro de salud,Centro de Salud,"Centro de Salud (centro de salud). Coordenadas aprox: 36.1829, -5.4814.",OpenStreetMap (Overpass),https://www.openstreetmap.org/?mlat=36.1828969&mlon=-5.4814177,alta,Cádiz,,36.182897,-5.481418,2026-08-28
OVERPASS-1389,geografia,playa,Playa de Sancti Petri,"Playa de Sancti Petri (playa). Coordenadas aprox: 36.3858, -6.2038.",OpenStreetMap (Overpass),https://www.openstreetmap.org/?mlat=36.385785&mlon=-6.2038287,alta,Cádiz,,36.385785,-6.203829,2026-08-28
OVERPASS-1390,geografia,playa,Playa de Castilnovo,"Playa de Castilnovo (playa). Coordenadas aprox: 36.2565, -6.0846.",OpenStreetMap (Overpass),https://www.openstreetmap.org/?mlat=36.2565303&mlon=-6.0845524,alta,Cádiz,,36.25653,-6.084552,2026-08-28
OVERPASS-1391,geografia,playa,playa,"playa (playa). Coordenadas aprox: 36.0543, -5.4849.",OpenStreetMap (Overpass),https://www.openstreetmap.org/?mlat=36.0543417&mlon=-5.4849378,alta,Cádiz,,36.054342,-5.484938,2026-08-28
OVERPASS-1392,geografia,centro de salud,centro de salud,"centro de salud (centro de salud). Coordenadas aprox: 36.1170, -5.4706.",OpenStreetMap (Overpass),https://www.openstreetmap.org/?mlat=36.1170337&mlon=-5.4706224,alta,Cádiz,,36.117034,-5.470622,2026-08-28
OVERPASS-1393,supervivencia,refugio,refugio,"refugio (refugio). Coordenadas aprox: 36.6985, -6.1393.",OpenStreetMap (Overpass),https://www.openstreetmap.org/?mlat=36.6985166&mlon=-6.1392595,alta,Cádiz,,36.698517,-6.139259,2026-08-28
OVERPASS-1394,geografia,playa,playa,"playa (playa). Coordenadas aprox: 36.1294, -5.3414.",OpenStreetMap (Overpass),https://www.openstreetmap.org/?mlat=36.1293877&mlon=-5.3414341,alta,Cádiz,,36.129388,-5.341434,2026-08-28
OVERPASS-1395,supervivencia,refugio,refugio,"refugio (refugio). Coordenadas aprox: 36.5602, -6.2224.",OpenStreetMap (Overpass),https://www.openstreetmap.org/?mlat=36.5602426&mlon=-6.2224258,alta,Cádiz,,36.560243,-6.222426,2026-08-28
OVERPASS-1396,supervivencia,refugio,refugio,"refugio (refugio). Coordenadas aprox: 36.5368, -6.2980.",OpenStreetMap (Overpass),https://www.openstreetmap.org/?mlat=36.5367878&mlon=-6.2980228,alta,Cádiz,,36.536788,-6.298023,2026-08-28
OVERPASS-1397,supervivencia,refugio,refugio,"refugio (refugio). Coordenadas aprox: 36.5369, -6.2984.",OpenStreetMap (Overpass),https://www.openstreetmap.org/?mlat=36.5368947&mlon=-6.2984348,alta,Cádiz,,36.536895,-6.298435,2026-08-28
OVERPASS-1398,geografia,centro de salud,Módulo de Salud de San Martín del Tesorillo,"Módulo de Salud de San Martín del Tesorillo (centro de salud) en San Martín del Tesorillo. Coordenadas aprox: 36.3405, -5.3238.",OpenStreetMap (Overpass),https://www.openstreetmap.org/?mlat=36.3404778&mlon=-5.3237982,alta,Cádiz,San Martín del Tesorillo,36.340478,-5.323798,2026-08-28
OVERPASS-1399,geografia,playa,Cala del Río Roche,"Cala del Río Roche (playa). Coordenadas aprox: 36.2965, -6.1379.",OpenStreetMap (Overpass),https://www.openstreetmap.org/?mlat=36.2965209&mlon=-6.1379344,alta,Cádiz,,36.296521,-6.137934,2026-08-28
OVERPASS-1400,geografia,farmacia,farmacia,"farmacia (farmacia). Coordenadas aprox: 36.9168, -5.2343.",OpenStreetMap (Overpass),https://www.openstreetmap.org/?mlat=36.9167997&mlon=-5.2342996,alta,Cádiz,,36.9168,-5.2343,2026-08-28
OVERPASS-1401,geografia,centro de salud,Centro de Salud de Olvera,"Centro de Salud de Olvera (centro de salud). Coordenadas aprox: 36.9340, -5.2560.",OpenStreetMap (Overpass),https://www.openstreetmap.org/?mlat=36.9339871&mlon=-5.2560243,alta,Cádiz,,36.933987,-5.256024,2026-08-28
OVERPASS-1402,geografia,centro de salud,Centro de salud Ronda Norte,"Centro de salud Ronda Norte (centro de salud). Coordenadas aprox: 36.7456, -5.1597.",OpenStreetMap (Overpass),https://www.openstreetmap.org/?mlat=36.7455664&mlon=-5.1597228,alta,Cádiz,,36.745566,-5.159723,2026-08-28
OVERPASS-1403,geografia,centro de salud,Centro de salud Ronda Sur Santa Bárbara,"Centro de salud Ronda Sur Santa Bárbara (centro de salud). Coordenadas aprox: 36.7426, -5.1603.",OpenStreetMap (Overpass),https://www.openstreetmap.org/?mlat=36.7425694&mlon=-5.1603293,alta,Cádiz,,36.742569,-5.160329,2026-08-28
OVERPASS-1404,supervivencia,refugio,refugio,"refugio (refugio). Coordenadas aprox: 36.7167, -6.0322.",OpenStreetMap (Overpass),https://www.openstreetmap.org/?mlat=36.7167145&mlon=-6.0322223,alta,Cádiz,,36.716715,-6.032222,2026-08-28
OVERPASS-1405,geografia,farmacia,farmacia,"farmacia (farmacia). Coordenadas aprox: 36.8287, -5.9239.",OpenStreetMap (Overpass),https://www.openstreetmap.org/?mlat=36.8286521&mlon=-5.9238598,alta,Cádiz,,36.828652,-5.92386,2026-08-28
OVERPASS-1406,geografia,centro de salud,Cruz Roja,"Cruz Roja (centro de salud). Coordenadas aprox: 36.4547, -5.9268.",OpenStreetMap (Overpass),https://www.openstreetmap.org/?mlat=36.4546795&mlon=-5.9268218,alta,Cádiz,,36.454679,-5.926822,2026-08-28
OVERPASS-1407,geografia,centro de salud,Centro de Salud de Medina Sidonia,"Centro de Salud de Medina Sidonia (centro de salud). Coordenadas aprox: 36.4668, -5.9278.",OpenStreetMap (Overpass),https://www.openstreetmap.org/?mlat=36.4667612&mlon=-5.9278112,alta,Cádiz,,36.466761,-5.927811,2026-08-28
OVERPASS-1408,geografia,playa,Cala del Puntalejo,"Cala del Puntalejo (playa). Coordenadas aprox: 36.2944, -6.1153.",OpenStreetMap (Overpass),https://www.openstreetmap.org/?mlat=36.2943887&mlon=-6.115345,alta,Cádiz,,36.294389,-6.115345,2026-08-28
OVERPASS-1409,geografia,centro de salud,Centro de Salud Montealegre,"Centro de Salud Montealegre (centro de salud). Coordenadas aprox: 36.6736, -6.1125.",OpenStreetMap (Overpass),https://www.openstreetmap.org/?mlat=36.6736489&mlon=-6.1124953,alta,Cádiz,,36.673649,-6.112495,2026-08-28
OVERPASS-1410,geografia,centro de salud,Lebrija Centro Médico,"Lebrija Centro Médico (centro de salud). Coordenadas aprox: 36.9230, -6.0740.",OpenStreetMap (Overpass),https://www.openstreetmap.org/?mlat=36.9229948&mlon=-6.0739675,alta,Cádiz,,36.922995,-6.073968,2026-08-28
OVERPASS-1411,geografia,hospital,Hospital de Vejer La Janda,"Hospital de Vejer La Janda (hospital). Coordenadas aprox: 36.2507, -5.9814.",OpenStreetMap (Overpass),https://www.openstreetmap.org/?mlat=36.2507344&mlon=-5.9813808,alta,Cádiz,,36.250734,-5.981381,2026-08-28
OVERPASS-1412,supervivencia,refugio,refugio,"refugio (refugio). Coordenadas aprox: 36.4254, -6.1445.",OpenStreetMap (Overpass),https://www.openstreetmap.org/?mlat=36.4253673&mlon=-6.1445479,alta,Cádiz,,36.425367,-6.144548,2026-08-28
OVERPASS-1413,supervivencia,refugio,refugio,"refugio (refugio). Coordenadas aprox: 36.4254, -6.1444.",OpenStreetMap (Overpass),https://www.openstreetmap.org/?mlat=36.4253549&mlon=-6.1444391,alta,Cádiz,,36.425355,-6.144439,2026-08-28
OVERPASS-1414,geografia,hospital,hospital,"hospital (hospital). Coordenadas aprox: 36.8625, -5.6502.",OpenStreetMap (Overpass),https://www.openstreetmap.org/?mlat=36.862485&mlon=-5.6501716,alta,Cádiz,,36.862485,-5.650172,2026-08-28
OVERPASS-1415,supervivencia,refugio,refugio,"refugio (refugio). Coordenadas aprox: 36.0115, -5.6042.",OpenStreetMap (Overpass),https://www.openstreetmap.org/?mlat=36.0115261&mlon=-5.6042038,alta,Cádiz,,36.011526,-5.604204,2026-08-28
OVERPASS-1416,supervivencia,refugio,refugio,"refugio (refugio). Coordenadas aprox: 36.0136, -5.6053.",OpenStreetMap (Overpass),https://www.openstreetmap.org/?mlat=36.0135834&mlon=-5.6052595,alta,Cádiz,,36.013583,-5.605259,2026-08-28
OVERPASS-1417,geografia,hospital,Cruz Roja,"Cruz Roja (hospital). Coordenadas aprox: 36.0109, -5.6056.",OpenStreetMap (Overpass),https://www.openstreetmap.org/?mlat=36.010858&mlon=-5.6056337,alta,Cádiz,,36.010858,-5.605634,2026-08-28
OVERPASS-1418,geografia,playa,Playa Isla de Las Palomas,"Playa Isla de Las Palomas (playa). Coordenadas aprox: 36.0053, -5.6090.",OpenStreetMap (Overpass),https://www.openstreetmap.org/?mlat=36.0052769&mlon=-5.6090352,alta,Cádiz,,36.005277,-5.609035,2026-08-28
OVERPASS-1419,supervivencia,refugio,refugio,"refugio (refugio). Coordenadas aprox: 36.1860, -5.4158.",OpenStreetMap (Overpass),https://www.openstreetmap.org/?mlat=36.1860316&mlon=-5.4157886,alta,Cádiz,,36.186032,-5.415789,2026-08-28
OVERPASS-1420,geografia,centro de salud,centro de salud,"centro de salud (centro de salud). Coordenadas aprox: 36.9165, -5.2330.",OpenStreetMap (Overpass),https://www.openstreetmap.org/?mlat=36.9165216&mlon=-5.2330268,alta,Cádiz,,36.916522,-5.233027,2026-08-28
OVERPASS-1421,geografia,playa,Playa del Chato,"Playa del Chato (playa). Coordenadas aprox: 36.4770, -6.2617.",OpenStreetMap (Overpass),https://www.openstreetmap.org/?mlat=36.4770191&mlon=-6.2616976,alta,Cádiz,,36.477019,-6.261698,2026-08-28
OVERPASS-1422,geografia,playa,Playa de Santibáñez,"Playa de Santibáñez (playa). Coordenadas aprox: 36.4678, -6.2564.",OpenStreetMap (Overpass),https://www.openstreetmap.org/?mlat=36.4678417&mlon=-6.2564453,alta,Cádiz,,36.467842,-6.256445,2026-08-28
OVERPASS-1423,geografia,hospital,Hospital Universitario de La Línea de la Concepción,"Hospital Universitario de La Línea de la Concepción (hospital) en La Línea de la Concepción. Coordenadas aprox: 36.1748, -5.3536.",OpenStreetMap (Overpass),https://www.openstreetmap.org/?mlat=36.1748044&mlon=-5.3535598,alta,Cádiz,La Línea de la Concepción,36.174804,-5.35356,2026-08-28
OVERPASS-1424,geografia,centro de salud,Centro de Salud de Puente Mayorga,"Centro de Salud de Puente Mayorga (centro de salud) en Puente Mayorga. Coordenadas aprox: 36.1815, -5.3859.",OpenStreetMap (Overpass),https://www.openstreetmap.org/?mlat=36.1815&mlon=-5.3858768,alta,Cádiz,Puente Mayorga,36.1815,-5.385877,2026-08-28
OVERPASS-1425,supervivencia,refugio,Avenida Hispanidad - Campo de Fútbol,"Avenida Hispanidad - Campo de Fútbol (refugio). Coordenadas aprox: 36.1836, -5.3835.",OpenStreetMap (Overpass),https://www.openstreetmap.org/?mlat=36.1835588&mlon=-5.3834703,alta,Cádiz,,36.183559,-5.38347,2026-08-28
OVERPASS-1426,geografia,playa,Playa de Los Corrales,"Playa de Los Corrales (playa). Coordenadas aprox: 36.6313, -6.3888.",OpenStreetMap (Overpass),https://www.openstreetmap.org/?mlat=36.6313428&mlon=-6.3888229,alta,Cádiz,,36.631343,-6.388823,2026-08-28
OVERPASS-1427,geografia,playa,Playa de Puntalillo,"Playa de Puntalillo (playa). Coordenadas aprox: 36.6244, -6.3769.",OpenStreetMap (Overpass),https://www.openstreetmap.org/?mlat=36.6244345&mlon=-6.3769251,alta,Cádiz,,36.624434,-6.376925,2026-08-28
OVERPASS-1428,geografia,playa,Playa del Chorrillo,"Playa del Chorrillo (playa). Coordenadas aprox: 36.6230, -6.3527.",OpenStreetMap (Overpass),https://www.openstreetmap.org/?mlat=36.6229566&mlon=-6.3526619,alta,Cádiz,,36.622957,-6.352662,2026-08-28
OVERPASS-1429,geografia,playa,playa,"playa (playa). Coordenadas aprox: 36.6256, -6.3405.",OpenStreetMap (Overpass),https://www.openstreetmap.org/?mlat=36.6255582&mlon=-6.340546,alta,Cádiz,,36.625558,-6.340546,2026-08-28
OVERPASS-1430,geografia,playa,playa,"playa (playa). Coordenadas aprox: 36.4654, -6.2474.",OpenStreetMap (Overpass),https://www.openstreetmap.org/?mlat=36.4654343&mlon=-6.2474391,alta,Cádiz,,36.465434,-6.247439,2026-08-28
OVERPASS-1431,geografia,playa,Playa de Urrutia,"Playa de Urrutia (playa). Coordenadas aprox: 36.4392, -6.2381.",OpenStreetMap (Overpass),https://www.openstreetmap.org/?mlat=36.4392293&mlon=-6.2381328,alta,Cádiz,,36.439229,-6.238133,2026-08-28
OVERPASS-1432,geografia,playa,playa,"playa (playa). Coordenadas aprox: 36.6131, -6.2912.",OpenStreetMap (Overpass),https://www.openstreetmap.org/?mlat=36.6131044&mlon=-6.2911738,alta,Cádiz,,36.613104,-6.291174,2026-08-28
OVERPASS-1433,geografia,centro de salud,"policlínica la milagrosa,Clínicas ADI","policlínica la milagrosa,Clínicas ADI (centro de salud) en San Fernando. Coordenadas aprox: 36.4504, -6.2169.",OpenStreetMap (Overpass),https://www.openstreetmap.org/?mlat=36.450416&mlon=-6.2169043,alta,Cádiz,San Fernando,36.450416,-6.216904,2026-08-28
OVERPASS-1434,geografia,playa,Playa de la Cortina,"Playa de la Cortina (playa). Coordenadas aprox: 36.1792, -5.9901.",OpenStreetMap (Overpass),https://www.openstreetmap.org/?mlat=36.1791635&mlon=-5.9900916,alta,Cádiz,,36.179164,-5.990092,2026-08-28
OVERPASS-1435,geografia,centro de salud,Ambulatorio de Casines,"Ambulatorio de Casines (centro de salud). Coordenadas aprox: 36.5252, -6.1755.",OpenStreetMap (Overpass),https://www.openstreetmap.org/?mlat=36.5251551&mlon=-6.1755296,alta,Cádiz,,36.525155,-6.17553,2026-08-28
OVERPASS-1436,geografia,playa,playa,"playa (playa). Coordenadas aprox: 36.9044, -6.4622.",OpenStreetMap (Overpass),https://www.openstreetmap.org/?mlat=36.904358&mlon=-6.4622499,alta,Cádiz,,36.904358,-6.46225,2026-08-28
OVERPASS-1437,geografia,playa,playa,"playa (playa). Coordenadas aprox: 36.7625, -6.3965.",OpenStreetMap (Overpass),https://www.openstreetmap.org/?mlat=36.7624606&mlon=-6.3964673,alta,Cádiz,,36.762461,-6.396467,2026-08-28
OVERPASS-1438,geografia,playa,playa,"playa (playa). Coordenadas aprox: 36.7636, -6.3944.",OpenStreetMap (Overpass),https://www.openstreetmap.org/?mlat=36.7636406&mlon=-6.3943843,alta,Cádiz,,36.763641,-6.394384,2026-08-28
OVERPASS-1439,supervivencia,refugio,refugio,"refugio (refugio). Coordenadas aprox: 36.6821, -6.1301.",OpenStreetMap (Overpass),https://www.openstreetmap.org/?mlat=36.682071&mlon=-6.1301046,alta,Cádiz,,36.682071,-6.130105,2026-08-28
OVERPASS-1440,geografia,centro de salud,centro de salud,"centro de salud (centro de salud) en La Línea de la Concepción. Coordenadas aprox: 36.1799, -5.3374.",OpenStreetMap (Overpass),https://www.openstreetmap.org/?mlat=36.1799007&mlon=-5.3373595,alta,Cádiz,La Línea de la Concepción,36.179901,-5.337359,2026-08-28
OVERPASS-1441,geografia,hospital,Centro de Salud Levante,"Centro de Salud Levante (hospital) en La Línea de la Concepción. Coordenadas aprox: 36.1799, -5.3374.",OpenStreetMap (Overpass),https://www.openstreetmap.org/?mlat=36.179915&mlon=-5.3373595,alta,Cádiz,La Línea de la Concepción,36.179915,-5.337359,2026-08-28
OVERPASS-1442,geografia,centro de salud,Consultorio Auxiliar de Guadarranque,"Consultorio Auxiliar de Guadarranque (centro de salud) en Carteya-Guadarranque. Coordenadas aprox: 36.1818, -5.4139.",OpenStreetMap (Overpass),https://www.openstreetmap.org/?mlat=36.1818442&mlon=-5.4139124,alta,Cádiz,Carteya-Guadarranque,36.181844,-5.413912,2026-08-28
OVERPASS-1443,geografia,playa,Playa Príncipe Alfonso,"Playa Príncipe Alfonso (playa). Coordenadas aprox: 36.1694, -5.3706.",OpenStreetMap (Overpass),https://www.openstreetmap.org/?mlat=36.1693934&mlon=-5.3705942,alta,Cádiz,,36.169393,-5.370594,2026-08-28
OVERPASS-1444,geografia,hospital,hospital,"hospital (hospital) en San Enrique de Guadiaro. Coordenadas aprox: 36.3032, -5.2921.",OpenStreetMap (Overpass),https://www.openstreetmap.org/?mlat=36.3032242&mlon=-5.2920777,alta,Cádiz,San Enrique de Guadiaro,36.303224,-5.292078,2026-08-28
OVERPASS-1445,supervivencia,refugio,refugio,"refugio (refugio). Coordenadas aprox: 36.6767, -6.1106.",OpenStreetMap (Overpass),https://www.openstreetmap.org/?mlat=36.676692&mlon=-6.1106028,alta,Cádiz,,36.676692,-6.110603,2026-08-28
OVERPASS-1446,geografia,hospital,Hospital Universitario de Puerto Real,"Hospital Universitario de Puerto Real (hospital). Coordenadas aprox: 36.5202, -6.1518.",OpenStreetMap (Overpass),https://www.openstreetmap.org/?mlat=36.5202058&mlon=-6.1518123,alta,Cádiz,,36.520206,-6.151812,2026-08-28
OVERPASS-1447,geografia,hospital,Hospital Universitario Puerta del Mar,"Hospital Universitario Puerta del Mar (hospital) en Cádiz. Coordenadas aprox: 36.5090, -6.2779.",OpenStreetMap (Overpass),https://www.openstreetmap.org/?mlat=36.5090481&mlon=-6.2778596,alta,Cádiz,Cádiz,36.509048,-6.27786,2026-08-28
OVERPASS-1448,geografia,playa,playa,"playa (playa). Coordenadas aprox: 36.1517, -5.3391.",OpenStreetMap (Overpass),https://www.openstreetmap.org/?mlat=36.1516934&mlon=-5.3391439,alta,Cádiz,,36.151693,-5.339144,2026-08-28
OVERPASS-1449,supervivencia,refugio,refugio,"refugio (refugio). Coordenadas aprox: 36.6367, -6.3933.",OpenStreetMap (Overpass),https://www.openstreetmap.org/?mlat=36.6366856&mlon=-6.3932975,alta,Cádiz,,36.636686,-6.393298,2026-08-28
OVERPASS-1450,geografia,hospital,Hospital Universitario Punta de Europa,"Hospital Universitario Punta de Europa (hospital). Coordenadas aprox: 36.1109, -5.4437.",OpenStreetMap (Overpass),https://www.openstreetmap.org/?mlat=36.1109074&mlon=-5.443741,alta,Cádiz,,36.110907,-5.443741,2026-08-28
OVERPASS-1451,geografia,centro de salud,Centro de Salud El Saladillo (Algeciras Sur),"Centro de Salud El Saladillo (Algeciras Sur) (centro de salud) en Algeciras. Coordenadas aprox: 36.1217, -5.4489.",OpenStreetMap (Overpass),https://www.openstreetmap.org/?mlat=36.1217123&mlon=-5.4488801,alta,Cádiz,Algeciras,36.121712,-5.44888,2026-08-28
OVERPASS-1452,geografia,centro de salud,Centro de Salud Algeciras Norte,"Centro de Salud Algeciras Norte (centro de salud) en Algeciras. Coordenadas aprox: 36.1438, -5.4538.",OpenStreetMap (Overpass),https://www.openstreetmap.org/?mlat=36.1438352&mlon=-5.4538214,alta,Cádiz,Algeciras,36.143835,-5.453821,2026-08-28
OVERPASS-1453,geografia,hospital,hospital,"hospital (hospital). Coordenadas aprox: 36.6736, -6.1123.",OpenStreetMap (Overpass),https://www.openstreetmap.org/?mlat=36.6735646&mlon=-6.1123493,alta,Cádiz,,36.673565,-6.112349,2026-08-28
OVERPASS-1454,geografia,hospital,Hospital de Alta Resolución de Estepona,"Hospital de Alta Resolución de Estepona (hospital) en Estepona. Coordenadas aprox: 36.4116, -5.1976.",OpenStreetMap (Overpass),https://www.openstreetmap.org/?mlat=36.4115765&mlon=-5.197596,alta,Cádiz,Estepona,36.411577,-5.197596,2026-08-28
OVERPASS-1455,geografia,centro de salud,Centro de Salud de Jimena de la Frontera,"Centro de Salud de Jimena de la Frontera (centro de salud) en Jimena de la Frontera. Coordenadas aprox: 36.4312, -5.4463.",OpenStreetMap (Overpass),https://www.openstreetmap.org/?mlat=36.4312045&mlon=-5.4463468,alta,Cádiz,Jimena de la Frontera,36.431204,-5.446347,2026-08-28
OVERPASS-1456,geografia,centro de salud,Centro de Salud de Los Barrios,"Centro de Salud de Los Barrios (centro de salud) en Los Barrios. Coordenadas aprox: 36.1830, -5.4937.",OpenStreetMap (Overpass),https://www.openstreetmap.org/?mlat=36.1829654&mlon=-5.4936669,alta,Cádiz,Los Barrios,36.182965,-5.493667,2026-08-28
OVERPASS-1457,geografia,centro de salud,Módulo de Salud de Guadiaro,"Módulo de Salud de Guadiaro (centro de salud) en Guadiaro. Coordenadas aprox: 36.2995, -5.3030.",OpenStreetMap (Overpass),https://www.openstreetmap.org/?mlat=36.2994751&mlon=-5.3029636,alta,Cádiz,Guadiaro,36.299475,-5.302964,2026-08-28
OVERPASS-1458,supervivencia,refugio,Refugio Agustín Lozano,"Refugio Agustín Lozano (refugio) en Estepona. Coordenadas aprox: 36.4824, -5.2005.",OpenStreetMap (Overpass),https://www.openstreetmap.org/?mlat=36.4824178&mlon=-5.200476,alta,Cádiz,Estepona,36.482418,-5.200476,2026-08-28
OVERPASS-1459,geografia,hospital,Centro de Salud Poniente-El Junquillo,"Centro de Salud Poniente-El Junquillo (hospital) en La Línea de la Concepción. Coordenadas aprox: 36.1661, -5.3582.",OpenStreetMap (Overpass),https://www.openstreetmap.org/?mlat=36.166051&mlon=-5.3581769,alta,Cádiz,La Línea de la Concepción,36.166051,-5.358177,2026-08-28
OVERPASS-1460,supervivencia,refugio,refugio,"refugio (refugio). Coordenadas aprox: 36.0116, -5.6040.",OpenStreetMap (Overpass),https://www.openstreetmap.org/?mlat=36.0115989&mlon=-5.6040269,alta,Cádiz,,36.011599,-5.604027,2026-08-28
OVERPASS-1461,supervivencia,refugio,refugio,"refugio (refugio). Coordenadas aprox: 36.0314, -5.6212.",OpenStreetMap (Overpass),https://www.openstreetmap.org/?mlat=36.0314223&mlon=-5.6212235,alta,Cádiz,,36.031422,-5.621224,2026-08-28
OVERPASS-1462,supervivencia,refugio,refugio,"refugio (refugio). Coordenadas aprox: 36.0281, -5.6192.",OpenStreetMap (Overpass),https://www.openstreetmap.org/?mlat=36.0280774&mlon=-5.6192066,alta,Cádiz,,36.028077,-5.619207,2026-08-28
OVERPASS-1463,supervivencia,refugio,refugio,"refugio (refugio). Coordenadas aprox: 36.0336, -5.6242.",OpenStreetMap (Overpass),https://www.openstreetmap.org/?mlat=36.033643&mlon=-5.6242491,alta,Cádiz,,36.033643,-5.624249,2026-08-28
OVERPASS-1464,supervivencia,refugio,refugio,"refugio (refugio). Coordenadas aprox: 36.0257, -5.6177.",OpenStreetMap (Overpass),https://www.openstreetmap.org/?mlat=36.0256804&mlon=-5.6177262,alta,Cádiz,,36.02568,-5.617726,2026-08-28
OVERPASS-1465,supervivencia,refugio,refugio,"refugio (refugio). Coordenadas aprox: 36.0154, -5.6031.",OpenStreetMap (Overpass),https://www.openstreetmap.org/?mlat=36.0154248&mlon=-5.603145,alta,Cádiz,,36.015425,-5.603145,2026-08-28
OVERPASS-1466,geografia,playa,playa,"playa (playa). Coordenadas aprox: 36.0120, -5.5981.",OpenStreetMap (Overpass),https://www.openstreetmap.org/?mlat=36.0119551&mlon=-5.5981132,alta,Cádiz,,36.011955,-5.598113,2026-08-28
OVERPASS-1467,geografia,playa,Playa de Atlanterra,"Playa de Atlanterra (playa). Coordenadas aprox: 36.1158, -5.8333.",OpenStreetMap (Overpass),https://www.openstreetmap.org/?mlat=36.1157905&mlon=-5.8332568,alta,Cádiz,,36.115791,-5.833257,2026-08-28
OVERPASS-1468,supervivencia,refugio,refugio,"refugio (refugio). Coordenadas aprox: 36.5226, -6.2881.",OpenStreetMap (Overpass),https://www.openstreetmap.org/?mlat=36.5226112&mlon=-6.2880905,alta,Cádiz,,36.522611,-6.288091,2026-08-28
OVERPASS-1469,geografia,hospital,Centro de Salud La Velada (La Línea Centro),"Centro de Salud La Velada (La Línea Centro) (hospital) en La Línea de la Concepción. Coordenadas aprox: 36.1662, -5.3479.",OpenStreetMap (Overpass),https://www.openstreetmap.org/?mlat=36.166193&mlon=-5.3479159,alta,Cádiz,La Línea de la Concepción,36.166193,-5.347916,2026-08-28
OVERPASS-1470,geografia,hospital,Centro de Salud Juan Batanero,"Centro de Salud Juan Batanero (hospital) en San Roque. Coordenadas aprox: 36.2133, -5.3823.",OpenStreetMap (Overpass),https://www.openstreetmap.org/?mlat=36.2133114&mlon=-5.3823433,alta,Cádiz,San Roque,36.213311,-5.382343,2026-08-28
OVERPASS-1471,geografia,hospital,Centro de Salud Evaristo Domínguez (San Roque Sur),"Centro de Salud Evaristo Domínguez (San Roque Sur) (hospital) en San Roque. Coordenadas aprox: 36.2094, -5.3940.",OpenStreetMap (Overpass),https://www.openstreetmap.org/?mlat=36.2093711&mlon=-5.3939851,alta,Cádiz,San Roque,36.209371,-5.393985,2026-08-28
OVERPASS-1472,geografia,playa,Playa de las Canteras,"Playa de las Canteras (playa). Coordenadas aprox: 36.7393, -6.4407.",OpenStreetMap (Overpass),https://www.openstreetmap.org/?mlat=36.7393459&mlon=-6.4406896,alta,Cádiz,,36.739346,-6.44069,2026-08-28
OVERPASS-1473,geografia,hospital,Cruz Roja,"Cruz Roja (hospital). Coordenadas aprox: 36.7352, -6.4398.",OpenStreetMap (Overpass),https://www.openstreetmap.org/?mlat=36.7351937&mlon=-6.43976,alta,Cádiz,,36.735194,-6.43976,2026-08-28
OVERPASS-1474,geografia,hospital,Hospital Quirónsalud Campo de Gibraltar,"Hospital Quirónsalud Campo de Gibraltar (hospital) en Palmones. Coordenadas aprox: 36.1854, -5.4309.",OpenStreetMap (Overpass),https://www.openstreetmap.org/?mlat=36.1854281&mlon=-5.4308947,alta,Cádiz,Palmones,36.185428,-5.430895,2026-08-28
OVERPASS-1475,geografia,centro de salud,Consultorio Médico de Castellar de la Frontera,"Consultorio Médico de Castellar de la Frontera (centro de salud) en Castellar Nuevo de la Frontera. Coordenadas aprox: 36.2859, -5.4215.",OpenStreetMap (Overpass),https://www.openstreetmap.org/?mlat=36.2858693&mlon=-5.421514,alta,Cádiz,Castellar Nuevo de la Frontera,36.285869,-5.421514,2026-08-28
OVERPASS-1476,geografia,centro de salud,Consultorio Médico de la Estación de San Roque,"Consultorio Médico de la Estación de San Roque (centro de salud). Coordenadas aprox: 36.2132, -5.4308.",OpenStreetMap (Overpass),https://www.openstreetmap.org/?mlat=36.2132413&mlon=-5.4308495,alta,Cádiz,,36.213241,-5.430849,2026-08-28
OVERPASS-1477,supervivencia,refugio,refugio,"refugio (refugio). Coordenadas aprox: 36.4318, -6.2299.",OpenStreetMap (Overpass),https://www.openstreetmap.org/?mlat=36.4318348&mlon=-6.2299036,alta,Cádiz,,36.431835,-6.229904,2026-08-28
OVERPASS-1478,geografia,centro de salud,Consultorio Local de Taraguilla,"Consultorio Local de Taraguilla (centro de salud) en Taraguilla. Coordenadas aprox: 36.2062, -5.4223.",OpenStreetMap (Overpass),https://www.openstreetmap.org/?mlat=36.2062013&mlon=-5.4223011,alta,Cádiz,Taraguilla,36.206201,-5.422301,2026-08-28
OVERPASS-1479,geografia,centro de salud,Servicio de Hemodiálisis Campo de Gibraltar (La Línea),"Servicio de Hemodiálisis Campo de Gibraltar (La Línea) (centro de salud) en La Línea de la Concepción. Coordenadas aprox: 36.1761, -5.3637.",OpenStreetMap (Overpass),https://www.openstreetmap.org/?mlat=36.1761384&mlon=-5.3636727,alta,Cádiz,La Línea de la Concepción,36.176138,-5.363673,2026-08-28
OVERPASS-1480,geografia,playa,Playa del Búnker,"Playa del Búnker (playa). Coordenadas aprox: 36.1029, -5.8248.",OpenStreetMap (Overpass),https://www.openstreetmap.org/?mlat=36.1029298&mlon=-5.8247522,alta,Cádiz,,36.10293,-5.824752,2026-08-28
OVERPASS-1481,geografia,playa,Playa de El Chinarral,"Playa de El Chinarral (playa). Coordenadas aprox: 36.1122, -5.4372.",OpenStreetMap (Overpass),https://www.openstreetmap.org/?mlat=36.1121507&mlon=-5.4372248,alta,Cádiz,,36.112151,-5.437225,2026-08-28
OVERPASS-1482,geografia,centro de salud,Consultorio Médico de Manilva,"Consultorio Médico de Manilva (centro de salud). Coordenadas aprox: 36.3777, -5.2541.",OpenStreetMap (Overpass),https://www.openstreetmap.org/?mlat=36.3776813&mlon=-5.2540939,alta,Cádiz,,36.377681,-5.254094,2026-08-28
OVERPASS-1483,supervivencia,refugio,refugio,"refugio (refugio). Coordenadas aprox: 36.3433, -6.1616.",OpenStreetMap (Overpass),https://www.openstreetmap.org/?mlat=36.3432794&mlon=-6.1615974,alta,Cádiz,,36.343279,-6.161597,2026-08-28
OVERPASS-1484,supervivencia,refugio,refugio,"refugio (refugio). Coordenadas aprox: 36.4235, -5.1462.",OpenStreetMap (Overpass),https://www.openstreetmap.org/?mlat=36.4234692&mlon=-5.1462031,alta,Cádiz,,36.423469,-5.146203,2026-08-28
OVERPASS-1485,supervivencia,refugio,refugio,"refugio (refugio). Coordenadas aprox: 36.4233, -5.1464.",OpenStreetMap (Overpass),https://www.openstreetmap.org/?mlat=36.4233351&mlon=-5.1464105,alta,Cádiz,,36.423335,-5.14641,2026-08-28
OVERPASS-1486,supervivencia,refugio,refugio,"refugio (refugio). Coordenadas aprox: 36.4242, -5.1451.",OpenStreetMap (Overpass),https://www.openstreetmap.org/?mlat=36.4241997&mlon=-5.1451228,alta,Cádiz,,36.4242,-5.145123,2026-08-28
OVERPASS-1487,supervivencia,refugio,refugio,"refugio (refugio). Coordenadas aprox: 36.4233, -5.1465.",OpenStreetMap (Overpass),https://www.openstreetmap.org/?mlat=36.4232959&mlon=-5.1464614,alta,Cádiz,,36.423296,-5.146461,2026-08-28
OVERPASS-1488,supervivencia,refugio,refugio,"refugio (refugio). Coordenadas aprox: 36.4242, -5.1452.",OpenStreetMap (Overpass),https://www.openstreetmap.org/?mlat=36.4241598&mlon=-5.1451734,alta,Cádiz,,36.42416,-5.145173,2026-08-28
OVERPASS-1489,supervivencia,refugio,refugio,"refugio (refugio). Coordenadas aprox: 36.4237, -5.1459.",OpenStreetMap (Overpass),https://www.openstreetmap.org/?mlat=36.4236814&mlon=-5.1458948,alta,Cádiz,,36.423681,-5.145895,2026-08-28
OVERPASS-1490,supervivencia,refugio,refugio,"refugio (refugio). Coordenadas aprox: 36.4232, -5.1466.",OpenStreetMap (Overpass),https://www.openstreetmap.org/?mlat=36.4232044&mlon=-5.1466024,alta,Cádiz,,36.423204,-5.146602,2026-08-28
OVERPASS-1491,supervivencia,refugio,refugio,"refugio (refugio). Coordenadas aprox: 36.4239, -5.1456.",OpenStreetMap (Overpass),https://www.openstreetmap.org/?mlat=36.4238889&mlon=-5.1455776,alta,Cádiz,,36.423889,-5.145578,2026-08-28
OVERPASS-1492,supervivencia,refugio,refugio,"refugio (refugio). Coordenadas aprox: 36.4240, -5.1454.",OpenStreetMap (Overpass),https://www.openstreetmap.org/?mlat=36.4240285&mlon=-5.1453667,alta,Cádiz,,36.424028,-5.145367,2026-08-28
OVERPASS-1493,supervivencia,refugio,refugio,"refugio (refugio). Coordenadas aprox: 36.4239, -5.1456.",OpenStreetMap (Overpass),https://www.openstreetmap.org/?mlat=36.4238534&mlon=-5.1456364,alta,Cádiz,,36.423853,-5.145636,2026-08-28
OVERPASS-1494,supervivencia,refugio,refugio,"refugio (refugio). Coordenadas aprox: 36.4241, -5.1453.",OpenStreetMap (Overpass),https://www.openstreetmap.org/?mlat=36.42407&mlon=-5.1453141,alta,Cádiz,,36.42407,-5.145314,2026-08-28
OVERPASS-1495,supervivencia,refugio,refugio,"refugio (refugio). Coordenadas aprox: 36.4236, -5.1459.",OpenStreetMap (Overpass),https://www.openstreetmap.org/?mlat=36.4236426&mlon=-5.1459469,alta,Cádiz,,36.423643,-5.145947,2026-08-28
OVERPASS-1496,supervivencia,refugio,refugio,"refugio (refugio). Coordenadas aprox: 36.4232, -5.1467.",OpenStreetMap (Overpass),https://www.openstreetmap.org/?mlat=36.4231662&mlon=-5.1466548,alta,Cádiz,,36.423166,-5.146655,2026-08-28
OVERPASS-1497,supervivencia,refugio,refugio,"refugio (refugio). Coordenadas aprox: 36.4235, -5.1462.",OpenStreetMap (Overpass),https://www.openstreetmap.org/?mlat=36.423508&mlon=-5.1461505,alta,Cádiz,,36.423508,-5.146151,2026-08-28
OVERPASS-1498,orientacion,faro,Faro de Punta Doncella,"Faro de Punta Doncella (faro). Coordenadas aprox: 36.4169, -5.1546.",OpenStreetMap (Overpass),https://www.openstreetmap.org/?mlat=36.4168805&mlon=-5.1546034,alta,Cádiz,,36.41688,-5.154603,2026-08-28
OVERPASS-1499,geografia,playa,playa,"playa (playa). Coordenadas aprox: 36.0113, -5.6009.",OpenStreetMap (Overpass),https://www.openstreetmap.org/?mlat=36.0112976&mlon=-5.6008818,alta,Cádiz,,36.011298,-5.600882,2026-08-28
OVERPASS-1500,supervivencia,refugio,refugio,"refugio (refugio). Coordenadas aprox: 36.0169, -5.6106.",OpenStreetMap (Overpass),https://www.openstreetmap.org/?mlat=36.0169296&mlon=-5.6106167,alta,Cádiz,,36.01693,-5.610617,2026-08-28
OVERPASS-1501,geografia,playa,playa,"playa (playa). Coordenadas aprox: 36.0050, -5.6108.",OpenStreetMap (Overpass),https://www.openstreetmap.org/?mlat=36.0049979&mlon=-5.6108022,alta,Cádiz,,36.004998,-5.610802,2026-08-28
OVERPASS-1502,geografia,playa,Playa de Los Lances,"Playa de Los Lances (playa). Coordenadas aprox: 36.0299, -5.6298.",OpenStreetMap (Overpass),https://www.openstreetmap.org/?mlat=36.0298777&mlon=-5.6297774,alta,Cádiz,,36.029878,-5.629777,2026-08-28
OVERPASS-1503,geografia,hospital,Centro de Salud de Villamartín,"Centro de Salud de Villamartín (hospital) en Villamartín. Coordenadas aprox: 36.8590, -5.6471.",OpenStreetMap (Overpass),https://www.openstreetmap.org/?mlat=36.859048&mlon=-5.6471475,alta,Cádiz,Villamartín,36.859048,-5.647147,2026-08-28
OVERPASS-1504,supervivencia,refugio,refugio,"refugio (refugio). Coordenadas aprox: 36.1357, -5.3543.",OpenStreetMap (Overpass),https://www.openstreetmap.org/?mlat=36.1356762&mlon=-5.3543323,alta,Cádiz,,36.135676,-5.354332,2026-08-28
OVERPASS-1505,supervivencia,refugio,refugio,"refugio (refugio). Coordenadas aprox: 36.5093, -6.2725.",OpenStreetMap (Overpass),https://www.openstreetmap.org/?mlat=36.5093162&mlon=-6.2724632,alta,Cádiz,,36.509316,-6.272463,2026-08-28
