id,categoria,subcategoria,titulo,contenido,fuente,fuente_url,nivel_confianza,provincia,municipio,lat,lon,fecha_verificacion
TRANS-PAR-0001,transporte,parada_autobus,512 Viviendas,"Parada de autobús: 512 Viviendas (Puerto Real). WGS84: 36.530574, -6.196301.",Red de Consorcios de Transporte de Andalucía (GTFS),https://api.ctan.es/v1/datos/UNIFICADO/gtfs.zip,alta,Cádiz,Puerto Real,36.530574,-6.196301,2026-08-28
TRANS-PAR-0002,transporte,parada_autobus,512 Viviendas V,"Parada de autobús: 512 Viviendas V (Puerto Real). WGS84: 36.530409, -6.196348.",Red de Consorcios de Transporte de Andalucía (GTFS),https://api.ctan.es/v1/datos/UNIFICADO/gtfs.zip,alta,Cádiz,Puerto Real,36.530409,-6.196348,2026-08-28
TRANS-PAR-0003,transporte,parada_autobus,A-2078 Venta El Cepo,"Parada de autobús: A-2078 Venta El Cepo (El Puerto de Santa María). WGS84: 36.666621, -6.246744.",Red de Consorcios de Transporte de Andalucía (GTFS),https://api.ctan.es/v1/datos/UNIFICADO/gtfs.zip,alta,Cádiz,El Puerto de Santa María,36.666621,-6.246744,2026-08-28
TRANS-PAR-0004,transporte,parada_autobus,A-2078 Venta El Cepo V,"Parada de autobús: A-2078 Venta El Cepo V (El Puerto de Santa María). WGS84: 36.666777, -6.247073.",Red de Consorcios de Transporte de Andalucía (GTFS),https://api.ctan.es/v1/datos/UNIFICADO/gtfs.zip,alta,Cádiz,El Puerto de Santa María,36.666777,-6.247073,2026-08-28
TRANS-PAR-0005,transporte,parada_autobus,A-480 Venta El Menuito,"Parada de autobús: A-480 Venta El Menuito (Chipiona). WGS84: 36.74881, -6.380444.",Red de Consorcios de Transporte de Andalucía (GTFS),https://api.ctan.es/v1/datos/UNIFICADO/gtfs.zip,alta,Cádiz,Chipiona,36.74881,-6.380444,2026-08-28
TRANS-PAR-0006,transporte,parada_autobus,A-480 Venta El Menuito V,"Parada de autobús: A-480 Venta El Menuito V (Chipiona). WGS84: 36.748418, -6.381316.",Red de Consorcios de Transporte de Andalucía (GTFS),https://api.ctan.es/v1/datos/UNIFICADO/gtfs.zip,alta,Cádiz,Chipiona,36.748418,-6.381316,2026-08-28
TRANS-PAR-0007,transporte,parada_autobus,Aeropuerto,"Parada de autobús: Aeropuerto (Jerez de la Frontera). WGS84: 36.750337, -6.064587.",Red de Consorcios de Transporte de Andalucía (GTFS),https://api.ctan.es/v1/datos/UNIFICADO/gtfs.zip,alta,Cádiz,Jerez de la Frontera,36.750337,-6.064587,2026-08-28
TRANS-PAR-0008,transporte,parada_autobus,Alameda,"Parada de autobús: Alameda (San Roque). WGS84: 36.210231, -5.389231.",Red de Consorcios de Transporte de Andalucía (GTFS),https://api.ctan.es/v1/datos/UNIFICADO/gtfs.zip,alta,Cádiz,San Roque,36.210231,-5.389231,2026-08-28
TRANS-PAR-0009,transporte,parada_autobus,Apeadero De Autobuses Conil,"Parada de autobús: Apeadero De Autobuses Conil (Conil de la Frontera). WGS84: 36.281926, -6.08141.",Red de Consorcios de Transporte de Andalucía (GTFS),https://api.ctan.es/v1/datos/UNIFICADO/gtfs.zip,alta,Cádiz,Conil de la Frontera,36.281926,-6.08141,2026-08-28
TRANS-PAR-0010,transporte,parada_autobus,Apeadero De Autobuses De Costa Ballena,"Parada de autobús: Apeadero De Autobuses De Costa Ballena (Rota). WGS84: 36.692676, -6.407163.",Red de Consorcios de Transporte de Andalucía (GTFS),https://api.ctan.es/v1/datos/UNIFICADO/gtfs.zip,alta,Cádiz,Rota,36.692676,-6.407163,2026-08-28
TRANS-PAR-0011,transporte,parada_autobus,Apeadero Fc-Hospital S.Carlos V,"Parada de autobús: Apeadero Fc-Hospital S.Carlos V (San Fernando). WGS84: 36.475363, -6.194047.",Red de Consorcios de Transporte de Andalucía (GTFS),https://api.ctan.es/v1/datos/UNIFICADO/gtfs.zip,alta,Cádiz,San Fernando,36.475363,-6.194047,2026-08-28
TRANS-PAR-0012,transporte,parada_autobus,Apeadero Los Barrios,"Parada de autobús: Apeadero Los Barrios. WGS84: 36.183394, -5.49435.",Red de Consorcios de Transporte de Andalucía (GTFS),https://api.ctan.es/v1/datos/UNIFICADO/gtfs.zip,alta,Cádiz,Los Barrios,36.183394,-5.49435,2026-08-28
TRANS-PAR-0013,transporte,parada_autobus,Apeadero Tarifa,"Parada de autobús: Apeadero Tarifa. WGS84: 36.019094, -5.609433.",Red de Consorcios de Transporte de Andalucía (GTFS),https://api.ctan.es/v1/datos/UNIFICADO/gtfs.zip,alta,Cádiz,Tarifa,36.019094,-5.609433,2026-08-28
TRANS-PAR-0014,transporte,parada_autobus,Arroyo Del Aljibe,"Parada de autobús: Arroyo Del Aljibe (Chiclana de la Frontera). WGS84: 36.461041, -6.118616.",Red de Consorcios de Transporte de Andalucía (GTFS),https://api.ctan.es/v1/datos/UNIFICADO/gtfs.zip,alta,Cádiz,Chiclana de la Frontera,36.461041,-6.118616,2026-08-28
TRANS-PAR-0015,transporte,parada_autobus,Arroyo Del Aljibe V,"Parada de autobús: Arroyo Del Aljibe V (Chiclana de la Frontera). WGS84: 36.462239, -6.118723.",Red de Consorcios de Transporte de Andalucía (GTFS),https://api.ctan.es/v1/datos/UNIFICADO/gtfs.zip,alta,Cádiz,Chiclana de la Frontera,36.462239,-6.118723,2026-08-28
TRANS-PAR-0016,transporte,parada_autobus,Audiencia,"Parada de autobús: Audiencia (Algeciras). WGS84: 36.135037, -5.445855.",Red de Consorcios de Transporte de Andalucía (GTFS),https://api.ctan.es/v1/datos/UNIFICADO/gtfs.zip,alta,Cádiz,Algeciras,36.135037,-5.445855,2026-08-28
TRANS-PAR-0017,transporte,parada_autobus,Audiencia Provincial V,"Parada de autobús: Audiencia Provincial V (Cádiz). WGS84: 36.52723, -6.288757.",Red de Consorcios de Transporte de Andalucía (GTFS),https://api.ctan.es/v1/datos/UNIFICADO/gtfs.zip,alta,Cádiz,Cádiz,36.52723,-6.288757,2026-08-28
TRANS-PAR-0018,transporte,parada_autobus,Audiencia V,"Parada de autobús: Audiencia V (Algeciras). WGS84: 36.134008, -5.445429.",Red de Consorcios de Transporte de Andalucía (GTFS),https://api.ctan.es/v1/datos/UNIFICADO/gtfs.zip,alta,Cádiz,Algeciras,36.134008,-5.445429,2026-08-28
TRANS-PAR-0019,transporte,parada_autobus,Av. Astilleros-Estación Autobuses,"Parada de autobús: Av. Astilleros-Estación Autobuses (Cádiz). WGS84: 36.527312, -6.285309.",Red de Consorcios de Transporte de Andalucía (GTFS),https://api.ctan.es/v1/datos/UNIFICADO/gtfs.zip,alta,Cádiz,Cádiz,36.527312,-6.285309,2026-08-28
TRANS-PAR-0020,transporte,parada_autobus,Av. Astilleros-Estación Autobuses V,"Parada de autobús: Av. Astilleros-Estación Autobuses V (Cádiz). WGS84: 36.527465, -6.284932.",Red de Consorcios de Transporte de Andalucía (GTFS),https://api.ctan.es/v1/datos/UNIFICADO/gtfs.zip,alta,Cádiz,Cádiz,36.527465,-6.284932,2026-08-28
TRANS-PAR-0021,transporte,parada_autobus,Av. De María Auxiliadora,"Parada de autobús: Av. De María Auxiliadora (Rota). WGS84: 36.627431, -6.36494.",Red de Consorcios de Transporte de Andalucía (GTFS),https://api.ctan.es/v1/datos/UNIFICADO/gtfs.zip,alta,Cádiz,Rota,36.627431,-6.36494,2026-08-28
TRANS-PAR-0022,transporte,parada_autobus,Av. De María Auxiliadora V,"Parada de autobús: Av. De María Auxiliadora V (Rota). WGS84: 36.626545, -6.364662.",Red de Consorcios de Transporte de Andalucía (GTFS),https://api.ctan.es/v1/datos/UNIFICADO/gtfs.zip,alta,Cádiz,Rota,36.626545,-6.364662,2026-08-28
TRANS-PAR-0023,transporte,parada_autobus,Avda. Al-Andalus,"Parada de autobús: Avda. Al-Andalus (San Fernando). WGS84: 36.459477, -6.208618.",Red de Consorcios de Transporte de Andalucía (GTFS),https://api.ctan.es/v1/datos/UNIFICADO/gtfs.zip,alta,Cádiz,San Fernando,36.459477,-6.208618,2026-08-28
TRANS-PAR-0024,transporte,parada_autobus,Avda. Al-Andalus V,"Parada de autobús: Avda. Al-Andalus V (San Fernando). WGS84: 36.459269, -6.208403.",Red de Consorcios de Transporte de Andalucía (GTFS),https://api.ctan.es/v1/datos/UNIFICADO/gtfs.zip,alta,Cádiz,San Fernando,36.459269,-6.208403,2026-08-28
TRANS-PAR-0025,transporte,parada_autobus,Avda. Almirante León Herrero,"Parada de autobús: Avda. Almirante León Herrero (San Fernando). WGS84: 36.462013, -6.205045.",Red de Consorcios de Transporte de Andalucía (GTFS),https://api.ctan.es/v1/datos/UNIFICADO/gtfs.zip,alta,Cádiz,San Fernando,36.462013,-6.205045,2026-08-28
TRANS-PAR-0026,transporte,parada_autobus,Avda. Almirante León Herrero V,"Parada de autobús: Avda. Almirante León Herrero V (San Fernando). WGS84: 36.46205, -6.204723.",Red de Consorcios de Transporte de Andalucía (GTFS),https://api.ctan.es/v1/datos/UNIFICADO/gtfs.zip,alta,Cádiz,San Fernando,36.46205,-6.204723,2026-08-28
TRANS-PAR-0027,transporte,parada_autobus,Avda. Argentina-Edif. Bahía,"Parada de autobús: Avda. Argentina-Edif. Bahía (Puerto Real). WGS84: 36.524031, -6.227945.",Red de Consorcios de Transporte de Andalucía (GTFS),https://api.ctan.es/v1/datos/UNIFICADO/gtfs.zip,alta,Cádiz,Puerto Real,36.524031,-6.227945,2026-08-28
TRANS-PAR-0028,transporte,parada_autobus,Avda. Argentina-Edif. Bahía V,"Parada de autobús: Avda. Argentina-Edif. Bahía V (Puerto Real). WGS84: 36.524244, -6.22798.",Red de Consorcios de Transporte de Andalucía (GTFS),https://api.ctan.es/v1/datos/UNIFICADO/gtfs.zip,alta,Cádiz,Puerto Real,36.524244,-6.22798,2026-08-28
TRANS-PAR-0029,transporte,parada_autobus,Avda. Argentina-Instituto,"Parada de autobús: Avda. Argentina-Instituto (Puerto Real). WGS84: 36.524832, -6.222788.",Red de Consorcios de Transporte de Andalucía (GTFS),https://api.ctan.es/v1/datos/UNIFICADO/gtfs.zip,alta,Cádiz,Puerto Real,36.524832,-6.222788,2026-08-28
TRANS-PAR-0030,transporte,parada_autobus,Avda. Argentina-Instituto V,"Parada de autobús: Avda. Argentina-Instituto V (Puerto Real). WGS84: 36.525028, -6.22286.",Red de Consorcios de Transporte de Andalucía (GTFS),https://api.ctan.es/v1/datos/UNIFICADO/gtfs.zip,alta,Cádiz,Puerto Real,36.525028,-6.22286,2026-08-28
TRANS-PAR-0031,transporte,parada_autobus,Avda. Constitución,"Parada de autobús: Avda. Constitución (Sanlúcar de Barrameda). WGS84: 36.7698, -6.34688.",Red de Consorcios de Transporte de Andalucía (GTFS),https://api.ctan.es/v1/datos/UNIFICADO/gtfs.zip,alta,Cádiz,Sanlúcar de Barrameda,36.7698,-6.34688,2026-08-28
TRANS-PAR-0032,transporte,parada_autobus,Avda. Constitución 1.978-Comisaría,"Parada de autobús: Avda. Constitución 1.978-Comisaría (San Fernando). WGS84: 36.45211, -6.216447.",Red de Consorcios de Transporte de Andalucía (GTFS),https://api.ctan.es/v1/datos/UNIFICADO/gtfs.zip,alta,Cádiz,San Fernando,36.45211,-6.216447,2026-08-28
TRANS-PAR-0033,transporte,parada_autobus,Avda. Constitución 1.978-Comisaría V,"Parada de autobús: Avda. Constitución 1.978-Comisaría V (San Fernando). WGS84: 36.451942, -6.21626.",Red de Consorcios de Transporte de Andalucía (GTFS),https://api.ctan.es/v1/datos/UNIFICADO/gtfs.zip,alta,Cádiz,San Fernando,36.451942,-6.21626,2026-08-28
TRANS-PAR-0034,transporte,parada_autobus,Avda. Constitución 1.978-Instituto,"Parada de autobús: Avda. Constitución 1.978-Instituto (San Fernando). WGS84: 36.452067, -6.20972.",Red de Consorcios de Transporte de Andalucía (GTFS),https://api.ctan.es/v1/datos/UNIFICADO/gtfs.zip,alta,Cádiz,San Fernando,36.452067,-6.20972,2026-08-28
TRANS-PAR-0035,transporte,parada_autobus,Avda. Constitución 1.978-Instituto V,"Parada de autobús: Avda. Constitución 1.978-Instituto V (San Fernando). WGS84: 36.451834, -6.209694.",Red de Consorcios de Transporte de Andalucía (GTFS),https://api.ctan.es/v1/datos/UNIFICADO/gtfs.zip,alta,Cádiz,San Fernando,36.451834,-6.209694,2026-08-28
TRANS-PAR-0036,transporte,parada_autobus,Avda. De Andalucía,"Parada de autobús: Avda. De Andalucía (Jerez de la Frontera). WGS84: 36.705216, -6.117769.",Red de Consorcios de Transporte de Andalucía (GTFS),https://api.ctan.es/v1/datos/UNIFICADO/gtfs.zip,alta,Cádiz,Jerez de la Frontera,36.705216,-6.117769,2026-08-28
TRANS-PAR-0037,transporte,parada_autobus,Avda. De Andalucía V,"Parada de autobús: Avda. De Andalucía V (Jerez de la Frontera). WGS84: 36.705044, -6.117529.",Red de Consorcios de Transporte de Andalucía (GTFS),https://api.ctan.es/v1/datos/UNIFICADO/gtfs.zip,alta,Cádiz,Jerez de la Frontera,36.705044,-6.117529,2026-08-28
TRANS-PAR-0038,transporte,parada_autobus,Avda. De La Marina V,"Parada de autobús: Avda. De La Marina V (Rota). WGS84: 36.62353, -6.359879.",Red de Consorcios de Transporte de Andalucía (GTFS),https://api.ctan.es/v1/datos/UNIFICADO/gtfs.zip,alta,Cádiz,Rota,36.62353,-6.359879,2026-08-28
TRANS-PAR-0039,transporte,parada_autobus,Avda. De Trebujena,"Parada de autobús: Avda. De Trebujena (Sanlúcar de Barrameda). WGS84: 36.769988, -6.345769.",Red de Consorcios de Transporte de Andalucía (GTFS),https://api.ctan.es/v1/datos/UNIFICADO/gtfs.zip,alta,Cádiz,Sanlúcar de Barrameda,36.769988,-6.345769,2026-08-28
TRANS-PAR-0040,transporte,parada_autobus,Avda. Del Comercio,"Parada de autobús: Avda. Del Comercio (Chiclana de la Frontera). WGS84: 36.426464, -6.147733.",Red de Consorcios de Transporte de Andalucía (GTFS),https://api.ctan.es/v1/datos/UNIFICADO/gtfs.zip,alta,Cádiz,Chiclana de la Frontera,36.426464,-6.147733,2026-08-28
TRANS-PAR-0041,transporte,parada_autobus,Avda. Del Comercio V,"Parada de autobús: Avda. Del Comercio V (Chiclana de la Frontera). WGS84: 36.426236, -6.147988.",Red de Consorcios de Transporte de Andalucía (GTFS),https://api.ctan.es/v1/datos/UNIFICADO/gtfs.zip,alta,Cádiz,Chiclana de la Frontera,36.426236,-6.147988,2026-08-28
TRANS-PAR-0042,transporte,parada_autobus,Avda. Del Puerto V,"Parada de autobús: Avda. Del Puerto V (Cádiz). WGS84: 36.531687, -6.292225.",Red de Consorcios de Transporte de Andalucía (GTFS),https://api.ctan.es/v1/datos/UNIFICADO/gtfs.zip,alta,Cádiz,Cádiz,36.531687,-6.292225,2026-08-28
TRANS-PAR-0043,transporte,parada_autobus,Avda. Del Puerto-Edif. Trocadero,"Parada de autobús: Avda. Del Puerto-Edif. Trocadero (Cádiz). WGS84: 36.53021, -6.290919.",Red de Consorcios de Transporte de Andalucía (GTFS),https://api.ctan.es/v1/datos/UNIFICADO/gtfs.zip,alta,Cádiz,Cádiz,36.53021,-6.290919,2026-08-28
TRANS-PAR-0044,transporte,parada_autobus,Avda. Juan Carlos I-H. Colón,"Parada de autobús: Avda. Juan Carlos I-H. Colón (Rota). WGS84: 36.692467, -6.410083.",Red de Consorcios de Transporte de Andalucía (GTFS),https://api.ctan.es/v1/datos/UNIFICADO/gtfs.zip,alta,Cádiz,Rota,36.692467,-6.410083,2026-08-28
TRANS-PAR-0045,transporte,parada_autobus,Avda. Juan Carlos I-H. Playa,"Parada de autobús: Avda. Juan Carlos I-H. Playa (Rota). WGS84: 36.688138, -6.41723.",Red de Consorcios de Transporte de Andalucía (GTFS),https://api.ctan.es/v1/datos/UNIFICADO/gtfs.zip,alta,Cádiz,Rota,36.688138,-6.41723,2026-08-28
TRANS-PAR-0046,transporte,parada_autobus,Avda. Las Cortes,"Parada de autobús: Avda. Las Cortes (Cádiz). WGS84: 36.521798, -6.276908.",Red de Consorcios de Transporte de Andalucía (GTFS),https://api.ctan.es/v1/datos/UNIFICADO/gtfs.zip,alta,Cádiz,Cádiz,36.521798,-6.276908,2026-08-28
TRANS-PAR-0047,transporte,parada_autobus,Avda. Las Cortes V,"Parada de autobús: Avda. Las Cortes V (Cádiz). WGS84: 36.521784, -6.276491.",Red de Consorcios de Transporte de Andalucía (GTFS),https://api.ctan.es/v1/datos/UNIFICADO/gtfs.zip,alta,Cádiz,Cádiz,36.521784,-6.276491,2026-08-28
TRANS-PAR-0048,transporte,parada_autobus,Avda. Pto. Sta. Mª (El Palmar),"Parada de autobús: Avda. Pto. Sta. Mª (El Palmar) (Sanlúcar de Barrameda). WGS84: 36.766917, -6.346745.",Red de Consorcios de Transporte de Andalucía (GTFS),https://api.ctan.es/v1/datos/UNIFICADO/gtfs.zip,alta,Cádiz,Sanlúcar de Barrameda,36.766917,-6.346745,2026-08-28
TRANS-PAR-0049,transporte,parada_autobus,Avda. Pto. Sta. Mª (El Palmar) V,"Parada de autobús: Avda. Pto. Sta. Mª (El Palmar) V (Sanlúcar de Barrameda). WGS84: 36.766954, -6.346571.",Red de Consorcios de Transporte de Andalucía (GTFS),https://api.ctan.es/v1/datos/UNIFICADO/gtfs.zip,alta,Cádiz,Sanlúcar de Barrameda,36.766954,-6.346571,2026-08-28
TRANS-PAR-0050,transporte,parada_autobus,Avda. San Juan Bosco,"Parada de autobús: Avda. San Juan Bosco (San Fernando). WGS84: 36.464404, -6.192732.",Red de Consorcios de Transporte de Andalucía (GTFS),https://api.ctan.es/v1/datos/UNIFICADO/gtfs.zip,alta,Cádiz,San Fernando,36.464404,-6.192732,2026-08-28
TRANS-PAR-0051,transporte,parada_autobus,Avda. San Juan Bosco V,"Parada de autobús: Avda. San Juan Bosco V (San Fernando). WGS84: 36.46415, -6.192692.",Red de Consorcios de Transporte de Andalucía (GTFS),https://api.ctan.es/v1/datos/UNIFICADO/gtfs.zip,alta,Cádiz,San Fernando,36.46415,-6.192692,2026-08-28
TRANS-PAR-0052,transporte,parada_autobus,Avda. Sanlúcar,"Parada de autobús: Avda. Sanlúcar (El Puerto de Santa María). WGS84: 36.604638, -6.228673.",Red de Consorcios de Transporte de Andalucía (GTFS),https://api.ctan.es/v1/datos/UNIFICADO/gtfs.zip,alta,Cádiz,El Puerto de Santa María,36.604638,-6.228673,2026-08-28
TRANS-PAR-0053,transporte,parada_autobus,Avda. Sanlúcar V,"Parada de autobús: Avda. Sanlúcar V (El Puerto de Santa María). WGS84: 36.604675, -6.229028.",Red de Consorcios de Transporte de Andalucía (GTFS),https://api.ctan.es/v1/datos/UNIFICADO/gtfs.zip,alta,Cádiz,El Puerto de Santa María,36.604675,-6.229028,2026-08-28
TRANS-PAR-0054,transporte,parada_autobus,Avda. Tomás García Figueras,"Parada de autobús: Avda. Tomás García Figueras (Jerez de la Frontera). WGS84: 36.700675, -6.141437.",Red de Consorcios de Transporte de Andalucía (GTFS),https://api.ctan.es/v1/datos/UNIFICADO/gtfs.zip,alta,Cádiz,Jerez de la Frontera,36.700675,-6.141437,2026-08-28
TRANS-PAR-0055,transporte,parada_autobus,Avda. Tomás García Figueras V,"Parada de autobús: Avda. Tomás García Figueras V (Jerez de la Frontera). WGS84: 36.699737, -6.140831.",Red de Consorcios de Transporte de Andalucía (GTFS),https://api.ctan.es/v1/datos/UNIFICADO/gtfs.zip,alta,Cádiz,Jerez de la Frontera,36.699737,-6.140831,2026-08-28
TRANS-PAR-0056,transporte,parada_autobus,Avda. V Centenario,"Parada de autobús: Avda. V Centenario (Sanlúcar de Barrameda). WGS84: 36.771424, -6.356657.",Red de Consorcios de Transporte de Andalucía (GTFS),https://api.ctan.es/v1/datos/UNIFICADO/gtfs.zip,alta,Cádiz,Sanlúcar de Barrameda,36.771424,-6.356657,2026-08-28
TRANS-PAR-0057,transporte,parada_autobus,Avda. V Centenario V,"Parada de autobús: Avda. V Centenario V (Sanlúcar de Barrameda). WGS84: 36.771988, -6.356999.",Red de Consorcios de Transporte de Andalucía (GTFS),https://api.ctan.es/v1/datos/UNIFICADO/gtfs.zip,alta,Cádiz,Sanlúcar de Barrameda,36.771988,-6.356999,2026-08-28
TRANS-PAR-0058,transporte,parada_autobus,Ayuntamiento La Línea,"Parada de autobús: Ayuntamiento La Línea (La Línea de la Concepción). WGS84: 36.160664, -5.350503.",Red de Consorcios de Transporte de Andalucía (GTFS),https://api.ctan.es/v1/datos/UNIFICADO/gtfs.zip,alta,Cádiz,La Línea de la Concepción,36.160664,-5.350503,2026-08-28
TRANS-PAR-0059,transporte,parada_autobus,Ayuntamiento La Línea V,"Parada de autobús: Ayuntamiento La Línea V (La Línea de la Concepción). WGS84: 36.160767, -5.350486.",Red de Consorcios de Transporte de Andalucía (GTFS),https://api.ctan.es/v1/datos/UNIFICADO/gtfs.zip,alta,Cádiz,La Línea de la Concepción,36.160767,-5.350486,2026-08-28
TRANS-PAR-0060,transporte,parada_autobus,Bahía Sur,"Parada de autobús: Bahía Sur (San Fernando). WGS84: 36.472775, -6.206739.",Red de Consorcios de Transporte de Andalucía (GTFS),https://api.ctan.es/v1/datos/UNIFICADO/gtfs.zip,alta,Cádiz,San Fernando,36.472775,-6.206739,2026-08-28
TRANS-PAR-0061,transporte,parada_autobus,Baldío Gallardo,"Parada de autobús: Baldío Gallardo (Jerez de la Frontera). WGS84: 36.564217, -6.010452.",Red de Consorcios de Transporte de Andalucía (GTFS),https://api.ctan.es/v1/datos/UNIFICADO/gtfs.zip,alta,Cádiz,Jerez de la Frontera,36.564217,-6.010452,2026-08-28
TRANS-PAR-0062,transporte,parada_autobus,Bar La Redonda,"Parada de autobús: Bar La Redonda (San Roque). WGS84: 36.203068, -5.42068.",Red de Consorcios de Transporte de Andalucía (GTFS),https://api.ctan.es/v1/datos/UNIFICADO/gtfs.zip,alta,Cádiz,San Roque,36.203068,-5.42068,2026-08-28
TRANS-PAR-0063,transporte,parada_autobus,Barrio Jarana,"Parada de autobús: Barrio Jarana (Puerto Real). WGS84: 36.502917, -6.143661.",Red de Consorcios de Transporte de Andalucía (GTFS),https://api.ctan.es/v1/datos/UNIFICADO/gtfs.zip,alta,Cádiz,Puerto Real,36.502917,-6.143661,2026-08-28
TRANS-PAR-0064,transporte,parada_autobus,Barrio Jarana V,"Parada de autobús: Barrio Jarana V (Puerto Real). WGS84: 36.502844, -6.143829.",Red de Consorcios de Transporte de Andalucía (GTFS),https://api.ctan.es/v1/datos/UNIFICADO/gtfs.zip,alta,Cádiz,Puerto Real,36.502844,-6.143829,2026-08-28
TRANS-PAR-0065,transporte,parada_autobus,C.C. Las Dunas,"Parada de autobús: C.C. Las Dunas (Sanlúcar de Barrameda). WGS84: 36.749145, -6.336783.",Red de Consorcios de Transporte de Andalucía (GTFS),https://api.ctan.es/v1/datos/UNIFICADO/gtfs.zip,alta,Cádiz,Sanlúcar de Barrameda,36.749145,-6.336783,2026-08-28
TRANS-PAR-0066,transporte,parada_autobus,Camino De Algodonales,"Parada de autobús: Camino De Algodonales (Chiclana de la Frontera). WGS84: 36.446216, -6.118612.",Red de Consorcios de Transporte de Andalucía (GTFS),https://api.ctan.es/v1/datos/UNIFICADO/gtfs.zip,alta,Cádiz,Chiclana de la Frontera,36.446216,-6.118612,2026-08-28
TRANS-PAR-0067,transporte,parada_autobus,Camino De Algodonales V,"Parada de autobús: Camino De Algodonales V (Chiclana de la Frontera). WGS84: 36.447403, -6.118355.",Red de Consorcios de Transporte de Andalucía (GTFS),https://api.ctan.es/v1/datos/UNIFICADO/gtfs.zip,alta,Cádiz,Chiclana de la Frontera,36.447403,-6.118355,2026-08-28
TRANS-PAR-0068,transporte,parada_autobus,Camino Del Arroyo,"Parada de autobús: Camino Del Arroyo (Chiclana de la Frontera). WGS84: 36.439775, -6.121705.",Red de Consorcios de Transporte de Andalucía (GTFS),https://api.ctan.es/v1/datos/UNIFICADO/gtfs.zip,alta,Cádiz,Chiclana de la Frontera,36.439775,-6.121705,2026-08-28
TRANS-PAR-0069,transporte,parada_autobus,Camino Del Arroyo V,"Parada de autobús: Camino Del Arroyo V (Chiclana de la Frontera). WGS84: 36.438359, -6.122582.",Red de Consorcios de Transporte de Andalucía (GTFS),https://api.ctan.es/v1/datos/UNIFICADO/gtfs.zip,alta,Cádiz,Chiclana de la Frontera,36.438359,-6.122582,2026-08-28
TRANS-PAR-0070,transporte,parada_autobus,Camino Del Cañaveral,"Parada de autobús: Camino Del Cañaveral (Chiclana de la Frontera). WGS84: 36.456257, -6.11856.",Red de Consorcios de Transporte de Andalucía (GTFS),https://api.ctan.es/v1/datos/UNIFICADO/gtfs.zip,alta,Cádiz,Chiclana de la Frontera,36.456257,-6.11856,2026-08-28
TRANS-PAR-0071,transporte,parada_autobus,Camino Del Cañaveral V,"Parada de autobús: Camino Del Cañaveral V (Chiclana de la Frontera). WGS84: 36.456977, -6.118562.",Red de Consorcios de Transporte de Andalucía (GTFS),https://api.ctan.es/v1/datos/UNIFICADO/gtfs.zip,alta,Cádiz,Chiclana de la Frontera,36.456977,-6.118562,2026-08-28
TRANS-PAR-0072,transporte,parada_autobus,Camino Lagunetas,"Parada de autobús: Camino Lagunetas (Chiclana de la Frontera). WGS84: 36.442686, -6.120368.",Red de Consorcios de Transporte de Andalucía (GTFS),https://api.ctan.es/v1/datos/UNIFICADO/gtfs.zip,alta,Cádiz,Chiclana de la Frontera,36.442686,-6.120368,2026-08-28
TRANS-PAR-0073,transporte,parada_autobus,Camino Lagunetas V,"Parada de autobús: Camino Lagunetas V (Chiclana de la Frontera). WGS84: 36.442701, -6.120468.",Red de Consorcios de Transporte de Andalucía (GTFS),https://api.ctan.es/v1/datos/UNIFICADO/gtfs.zip,alta,Cádiz,Chiclana de la Frontera,36.442701,-6.120468,2026-08-28
TRANS-PAR-0074,transporte,parada_autobus,Campamento Centro,"Parada de autobús: Campamento Centro (San Roque). WGS84: 36.178164, -5.377925.",Red de Consorcios de Transporte de Andalucía (GTFS),https://api.ctan.es/v1/datos/UNIFICADO/gtfs.zip,alta,Cádiz,San Roque,36.178164,-5.377925,2026-08-28
TRANS-PAR-0075,transporte,parada_autobus,Campamento Centro V,"Parada de autobús: Campamento Centro V (San Roque). WGS84: 36.178081, -5.377572.",Red de Consorcios de Transporte de Andalucía (GTFS),https://api.ctan.es/v1/datos/UNIFICADO/gtfs.zip,alta,Cádiz,San Roque,36.178081,-5.377572,2026-08-28
TRANS-PAR-0076,transporte,parada_autobus,Campamento La Guita,"Parada de autobús: Campamento La Guita (San Roque). WGS84: 36.172356, -5.372075.",Red de Consorcios de Transporte de Andalucía (GTFS),https://api.ctan.es/v1/datos/UNIFICADO/gtfs.zip,alta,Cádiz,San Roque,36.172356,-5.372075,2026-08-28
TRANS-PAR-0077,transporte,parada_autobus,Campamento La Guita V,"Parada de autobús: Campamento La Guita V (San Roque). WGS84: 36.172208, -5.371728.",Red de Consorcios de Transporte de Andalucía (GTFS),https://api.ctan.es/v1/datos/UNIFICADO/gtfs.zip,alta,Cádiz,San Roque,36.172208,-5.371728,2026-08-28
TRANS-PAR-0078,transporte,parada_autobus,Campo De Fútbol,"Parada de autobús: Campo De Fútbol (Puerto Real). WGS84: 36.486832, -6.116635.",Red de Consorcios de Transporte de Andalucía (GTFS),https://api.ctan.es/v1/datos/UNIFICADO/gtfs.zip,alta,Cádiz,Puerto Real,36.486832,-6.116635,2026-08-28
TRANS-PAR-0079,transporte,parada_autobus,Campo De Fútbol Pto. Real,"Parada de autobús: Campo De Fútbol Pto. Real (Puerto Real). WGS84: 36.531574, -6.193957.",Red de Consorcios de Transporte de Andalucía (GTFS),https://api.ctan.es/v1/datos/UNIFICADO/gtfs.zip,alta,Cádiz,Puerto Real,36.531574,-6.193957,2026-08-28
TRANS-PAR-0080,transporte,parada_autobus,Campo De Fútbol V,"Parada de autobús: Campo De Fútbol V (Puerto Real). WGS84: 36.486799, -6.11674.",Red de Consorcios de Transporte de Andalucía (GTFS),https://api.ctan.es/v1/datos/UNIFICADO/gtfs.zip,alta,Cádiz,Puerto Real,36.486799,-6.11674,2026-08-28
TRANS-PAR-0081,transporte,parada_autobus,Campus De Jerez,"Parada de autobús: Campus De Jerez (Jerez de la Frontera). WGS84: 36.686249, -6.119375.",Red de Consorcios de Transporte de Andalucía (GTFS),https://api.ctan.es/v1/datos/UNIFICADO/gtfs.zip,alta,Cádiz,Jerez de la Frontera,36.686249,-6.119375,2026-08-28
TRANS-PAR-0082,transporte,parada_autobus,Campus De Jerez V,"Parada de autobús: Campus De Jerez V (Jerez de la Frontera). WGS84: 36.686025, -6.119362.",Red de Consorcios de Transporte de Andalucía (GTFS),https://api.ctan.es/v1/datos/UNIFICADO/gtfs.zip,alta,Cádiz,Jerez de la Frontera,36.686025,-6.119362,2026-08-28
TRANS-PAR-0083,transporte,parada_autobus,Campus-C. Educación,"Parada de autobús: Campus-C. Educación (Puerto Real). WGS84: 36.527558, -6.213559.",Red de Consorcios de Transporte de Andalucía (GTFS),https://api.ctan.es/v1/datos/UNIFICADO/gtfs.zip,alta,Cádiz,Puerto Real,36.527558,-6.213559,2026-08-28
TRANS-PAR-0084,transporte,parada_autobus,Campus-C. Educación V,"Parada de autobús: Campus-C. Educación V (Puerto Real). WGS84: 36.527449, -6.213339.",Red de Consorcios de Transporte de Andalucía (GTFS),https://api.ctan.es/v1/datos/UNIFICADO/gtfs.zip,alta,Cádiz,Puerto Real,36.527449,-6.213339,2026-08-28
TRANS-PAR-0085,transporte,parada_autobus,Campus-Ciencias,"Parada de autobús: Campus-Ciencias (Puerto Real). WGS84: 36.530918, -6.210391.",Red de Consorcios de Transporte de Andalucía (GTFS),https://api.ctan.es/v1/datos/UNIFICADO/gtfs.zip,alta,Cádiz,Puerto Real,36.530918,-6.210391,2026-08-28
TRANS-PAR-0086,transporte,parada_autobus,Campus-Ciencias V,"Parada de autobús: Campus-Ciencias V (Puerto Real). WGS84: 36.530915, -6.210186.",Red de Consorcios de Transporte de Andalucía (GTFS),https://api.ctan.es/v1/datos/UNIFICADO/gtfs.zip,alta,Cádiz,Puerto Real,36.530915,-6.210186,2026-08-28
TRANS-PAR-0087,transporte,parada_autobus,Cantabria,"Parada de autobús: Cantabria (San Fernando). WGS84: 36.47501, -6.188055.",Red de Consorcios de Transporte de Andalucía (GTFS),https://api.ctan.es/v1/datos/UNIFICADO/gtfs.zip,alta,Cádiz,San Fernando,36.47501,-6.188055,2026-08-28
TRANS-PAR-0088,transporte,parada_autobus,Carretera De Jerez,"Parada de autobús: Carretera De Jerez (Sanlúcar de Barrameda). WGS84: 36.764828, -6.342551.",Red de Consorcios de Transporte de Andalucía (GTFS),https://api.ctan.es/v1/datos/UNIFICADO/gtfs.zip,alta,Cádiz,Sanlúcar de Barrameda,36.764828,-6.342551,2026-08-28
TRANS-PAR-0089,transporte,parada_autobus,Carretera De Jerez V,"Parada de autobús: Carretera De Jerez V (Sanlúcar de Barrameda). WGS84: 36.764888, -6.342342.",Red de Consorcios de Transporte de Andalucía (GTFS),https://api.ctan.es/v1/datos/UNIFICADO/gtfs.zip,alta,Cádiz,Sanlúcar de Barrameda,36.764888,-6.342342,2026-08-28
TRANS-PAR-0090,transporte,parada_autobus,Casa De Postas,"Parada de autobús: Casa De Postas (Conil de la Frontera). WGS84: 36.295077, -6.074074.",Red de Consorcios de Transporte de Andalucía (GTFS),https://api.ctan.es/v1/datos/UNIFICADO/gtfs.zip,alta,Cádiz,Conil de la Frontera,36.295077,-6.074074,2026-08-28
TRANS-PAR-0091,transporte,parada_autobus,Casa De Postas V,"Parada de autobús: Casa De Postas V (Conil de la Frontera). WGS84: 36.294476, -6.073216.",Red de Consorcios de Transporte de Andalucía (GTFS),https://api.ctan.es/v1/datos/UNIFICADO/gtfs.zip,alta,Cádiz,Conil de la Frontera,36.294476,-6.073216,2026-08-28
TRANS-PAR-0092,transporte,parada_autobus,Casines,"Parada de autobús: Casines (Puerto Real). WGS84: 36.522057, -6.170788.",Red de Consorcios de Transporte de Andalucía (GTFS),https://api.ctan.es/v1/datos/UNIFICADO/gtfs.zip,alta,Cádiz,Puerto Real,36.522057,-6.170788,2026-08-28
TRANS-PAR-0093,transporte,parada_autobus,Casines V,"Parada de autobús: Casines V (Puerto Real). WGS84: 36.521961, -6.170779.",Red de Consorcios de Transporte de Andalucía (GTFS),https://api.ctan.es/v1/datos/UNIFICADO/gtfs.zip,alta,Cádiz,Puerto Real,36.521961,-6.170779,2026-08-28
TRANS-PAR-0094,transporte,parada_autobus,Casino San Roque,"Parada de autobús: Casino San Roque. WGS84: 36.230731, -5.354178.",Red de Consorcios de Transporte de Andalucía (GTFS),https://api.ctan.es/v1/datos/UNIFICADO/gtfs.zip,alta,Cádiz,San Roque,36.230731,-5.354178,2026-08-28
TRANS-PAR-0095,transporte,parada_autobus,Casino San Roque V,"Parada de autobús: Casino San Roque V. WGS84: 36.230547, -5.354847.",Red de Consorcios de Transporte de Andalucía (GTFS),https://api.ctan.es/v1/datos/UNIFICADO/gtfs.zip,alta,Cádiz,San Roque,36.230547,-5.354847,2026-08-28
TRANS-PAR-0096,transporte,parada_autobus,Castellar Avda. Adelfas,"Parada de autobús: Castellar Avda. Adelfas (Castellar de la Frontera). WGS84: 36.285989, -5.418286.",Red de Consorcios de Transporte de Andalucía (GTFS),https://api.ctan.es/v1/datos/UNIFICADO/gtfs.zip,alta,Cádiz,Castellar de la Frontera,36.285989,-5.418286,2026-08-28
TRANS-PAR-0097,transporte,parada_autobus,Castellar Avda. Adelfas V,"Parada de autobús: Castellar Avda. Adelfas V (Castellar de la Frontera). WGS84: 36.285708, -5.4184.",Red de Consorcios de Transporte de Andalucía (GTFS),https://api.ctan.es/v1/datos/UNIFICADO/gtfs.zip,alta,Cádiz,Castellar de la Frontera,36.285708,-5.4184,2026-08-28
TRANS-PAR-0098,transporte,parada_autobus,Castellar Avda. Las Rosas,"Parada de autobús: Castellar Avda. Las Rosas (Castellar de la Frontera). WGS84: 36.284489, -5.422025.",Red de Consorcios de Transporte de Andalucía (GTFS),https://api.ctan.es/v1/datos/UNIFICADO/gtfs.zip,alta,Cádiz,Castellar de la Frontera,36.284489,-5.422025,2026-08-28
TRANS-PAR-0099,transporte,parada_autobus,Cañada De Los Barrancos,"Parada de autobús: Cañada De Los Barrancos (Chiclana de la Frontera). WGS84: 36.432902, -6.13138.",Red de Consorcios de Transporte de Andalucía (GTFS),https://api.ctan.es/v1/datos/UNIFICADO/gtfs.zip,alta,Cádiz,Chiclana de la Frontera,36.432902,-6.13138,2026-08-28
TRANS-PAR-0100,transporte,parada_autobus,Cañada De Los Barrancos V,"Parada de autobús: Cañada De Los Barrancos V (Chiclana de la Frontera). WGS84: 36.432967, -6.131388.",Red de Consorcios de Transporte de Andalucía (GTFS),https://api.ctan.es/v1/datos/UNIFICADO/gtfs.zip,alta,Cádiz,Chiclana de la Frontera,36.432967,-6.131388,2026-08-28
TRANS-PAR-0101,transporte,parada_autobus,Cañada De Los Barrancos-Los Cazadores,"Parada de autobús: Cañada De Los Barrancos-Los Cazadores (Chiclana de la Frontera). WGS84: 36.421861, -6.124803.",Red de Consorcios de Transporte de Andalucía (GTFS),https://api.ctan.es/v1/datos/UNIFICADO/gtfs.zip,alta,Cádiz,Chiclana de la Frontera,36.421861,-6.124803,2026-08-28
TRANS-PAR-0102,transporte,parada_autobus,Cañada De Los Barrancos-Los Cazadores V,"Parada de autobús: Cañada De Los Barrancos-Los Cazadores V (Chiclana de la Frontera). WGS84: 36.42208, -6.124806.",Red de Consorcios de Transporte de Andalucía (GTFS),https://api.ctan.es/v1/datos/UNIFICADO/gtfs.zip,alta,Cádiz,Chiclana de la Frontera,36.42208,-6.124806,2026-08-28
TRANS-PAR-0103,transporte,parada_autobus,Cementerio,"Parada de autobús: Cementerio (Rota). WGS84: 36.659012, -6.370426.",Red de Consorcios de Transporte de Andalucía (GTFS),https://api.ctan.es/v1/datos/UNIFICADO/gtfs.zip,alta,Cádiz,Rota,36.659012,-6.370426,2026-08-28
TRANS-PAR-0104,transporte,parada_autobus,Cementerio Mancomunado,"Parada de autobús: Cementerio Mancomunado (Chiclana de la Frontera). WGS84: 36.421534, -6.093551.",Red de Consorcios de Transporte de Andalucía (GTFS),https://api.ctan.es/v1/datos/UNIFICADO/gtfs.zip,alta,Cádiz,Chiclana de la Frontera,36.421534,-6.093551,2026-08-28
TRANS-PAR-0105,transporte,parada_autobus,Cementerio V,"Parada de autobús: Cementerio V (Rota). WGS84: 36.659056, -6.3708.",Red de Consorcios de Transporte de Andalucía (GTFS),https://api.ctan.es/v1/datos/UNIFICADO/gtfs.zip,alta,Cádiz,Rota,36.659056,-6.3708,2026-08-28
TRANS-PAR-0106,transporte,parada_autobus,Centro P. Puerto I Y Ii,"Parada de autobús: Centro P. Puerto I Y Ii (El Puerto de Santa María). WGS84: 36.6634, -6.246123.",Red de Consorcios de Transporte de Andalucía (GTFS),https://api.ctan.es/v1/datos/UNIFICADO/gtfs.zip,alta,Cádiz,El Puerto de Santa María,36.6634,-6.246123,2026-08-28
TRANS-PAR-0107,transporte,parada_autobus,Centro P. Puerto Iii,"Parada de autobús: Centro P. Puerto Iii (El Puerto de Santa María). WGS84: 36.664249, -6.256196.",Red de Consorcios de Transporte de Andalucía (GTFS),https://api.ctan.es/v1/datos/UNIFICADO/gtfs.zip,alta,Cádiz,El Puerto de Santa María,36.664249,-6.256196,2026-08-28
TRANS-PAR-0108,transporte,parada_autobus,Centro Salud,"Parada de autobús: Centro Salud (Tarifa). WGS84: 36.018189, -5.600561.",Red de Consorcios de Transporte de Andalucía (GTFS),https://api.ctan.es/v1/datos/UNIFICADO/gtfs.zip,alta,Cádiz,Tarifa,36.018189,-5.600561,2026-08-28
TRANS-PAR-0109,transporte,parada_autobus,Centro Salud V,"Parada de autobús: Centro Salud V (Tarifa). WGS84: 36.017883, -5.600583.",Red de Consorcios de Transporte de Andalucía (GTFS),https://api.ctan.es/v1/datos/UNIFICADO/gtfs.zip,alta,Cádiz,Tarifa,36.017883,-5.600583,2026-08-28
TRANS-PAR-0110,transporte,parada_autobus,Chinarejos,"Parada de autobús: Chinarejos (Conil de la Frontera). WGS84: 36.321138, -6.088644.",Red de Consorcios de Transporte de Andalucía (GTFS),https://api.ctan.es/v1/datos/UNIFICADO/gtfs.zip,alta,Cádiz,Conil de la Frontera,36.321138,-6.088644,2026-08-28
TRANS-PAR-0111,transporte,parada_autobus,Chinarejos V,"Parada de autobús: Chinarejos V (Conil de la Frontera). WGS84: 36.322507, -6.088798.",Red de Consorcios de Transporte de Andalucía (GTFS),https://api.ctan.es/v1/datos/UNIFICADO/gtfs.zip,alta,Cádiz,Conil de la Frontera,36.322507,-6.088798,2026-08-28
TRANS-PAR-0112,transporte,parada_autobus,Ciudad Jardín,"Parada de autobús: Ciudad Jardín (Puerto Real). WGS84: 36.523163, -6.175191.",Red de Consorcios de Transporte de Andalucía (GTFS),https://api.ctan.es/v1/datos/UNIFICADO/gtfs.zip,alta,Cádiz,Puerto Real,36.523163,-6.175191,2026-08-28
TRANS-PAR-0113,transporte,parada_autobus,Ciudad Jardín V,"Parada de autobús: Ciudad Jardín V (Puerto Real). WGS84: 36.523071, -6.175255.",Red de Consorcios de Transporte de Andalucía (GTFS),https://api.ctan.es/v1/datos/UNIFICADO/gtfs.zip,alta,Cádiz,Puerto Real,36.523071,-6.175255,2026-08-28
TRANS-PAR-0114,transporte,parada_autobus,Cl. Valdés-Hospital,"Parada de autobús: Cl. Valdés-Hospital (El Puerto de Santa María). WGS84: 36.59845, -6.236959.",Red de Consorcios de Transporte de Andalucía (GTFS),https://api.ctan.es/v1/datos/UNIFICADO/gtfs.zip,alta,Cádiz,El Puerto de Santa María,36.59845,-6.236959,2026-08-28
TRANS-PAR-0115,transporte,parada_autobus,Cl. Valdés-Hospital V,"Parada de autobús: Cl. Valdés-Hospital V (El Puerto de Santa María). WGS84: 36.598339, -6.237023.",Red de Consorcios de Transporte de Andalucía (GTFS),https://api.ctan.es/v1/datos/UNIFICADO/gtfs.zip,alta,Cádiz,El Puerto de Santa María,36.598339,-6.237023,2026-08-28
TRANS-PAR-0116,transporte,parada_autobus,Club Hípico,"Parada de autobús: Club Hípico (Puerto Real). WGS84: 36.496177, -6.133945.",Red de Consorcios de Transporte de Andalucía (GTFS),https://api.ctan.es/v1/datos/UNIFICADO/gtfs.zip,alta,Cádiz,Puerto Real,36.496177,-6.133945,2026-08-28
TRANS-PAR-0117,transporte,parada_autobus,Club Hípico V,"Parada de autobús: Club Hípico V (Puerto Real). WGS84: 36.496057, -6.134278.",Red de Consorcios de Transporte de Andalucía (GTFS),https://api.ctan.es/v1/datos/UNIFICADO/gtfs.zip,alta,Cádiz,Puerto Real,36.496057,-6.134278,2026-08-28
TRANS-PAR-0118,transporte,parada_autobus,Comisaría,"Parada de autobús: Comisaría (Cádiz). WGS84: 36.521808, -6.285879.",Red de Consorcios de Transporte de Andalucía (GTFS),https://api.ctan.es/v1/datos/UNIFICADO/gtfs.zip,alta,Cádiz,Cádiz,36.521808,-6.285879,2026-08-28
TRANS-PAR-0119,transporte,parada_autobus,Comisaría V,"Parada de autobús: Comisaría V (Cádiz). WGS84: 36.521701, -6.285631.",Red de Consorcios de Transporte de Andalucía (GTFS),https://api.ctan.es/v1/datos/UNIFICADO/gtfs.zip,alta,Cádiz,Cádiz,36.521701,-6.285631,2026-08-28
TRANS-PAR-0120,transporte,parada_autobus,Complejo Deportivo,"Parada de autobús: Complejo Deportivo (Cádiz). WGS84: 36.49696, -6.271749.",Red de Consorcios de Transporte de Andalucía (GTFS),https://api.ctan.es/v1/datos/UNIFICADO/gtfs.zip,alta,Cádiz,Cádiz,36.49696,-6.271749,2026-08-28
TRANS-PAR-0121,transporte,parada_autobus,Complejo Deportivo V,"Parada de autobús: Complejo Deportivo V (Cádiz). WGS84: 36.497819, -6.271917.",Red de Consorcios de Transporte de Andalucía (GTFS),https://api.ctan.es/v1/datos/UNIFICADO/gtfs.zip,alta,Cádiz,Cádiz,36.497819,-6.271917,2026-08-28
TRANS-PAR-0122,transporte,parada_autobus,Corpus Christi,"Parada de autobús: Corpus Christi (Algeciras). WGS84: 36.139333, -5.450764.",Red de Consorcios de Transporte de Andalucía (GTFS),https://api.ctan.es/v1/datos/UNIFICADO/gtfs.zip,alta,Cádiz,Algeciras,36.139333,-5.450764,2026-08-28
TRANS-PAR-0123,transporte,parada_autobus,Corpus Christi V,"Parada de autobús: Corpus Christi V (Algeciras). WGS84: 36.139389, -5.450422.",Red de Consorcios de Transporte de Andalucía (GTFS),https://api.ctan.es/v1/datos/UNIFICADO/gtfs.zip,alta,Cádiz,Algeciras,36.139389,-5.450422,2026-08-28
TRANS-PAR-0124,transporte,parada_autobus,Cruce Carrefour,"Parada de autobús: Cruce Carrefour (Los Barrios). WGS84: 36.183452, -5.442816.",Red de Consorcios de Transporte de Andalucía (GTFS),https://api.ctan.es/v1/datos/UNIFICADO/gtfs.zip,alta,Cádiz,Los Barrios,36.183452,-5.442816,2026-08-28
TRANS-PAR-0125,transporte,parada_autobus,Cruce Carrefour V,"Parada de autobús: Cruce Carrefour V (Los Barrios). WGS84: 36.181675, -5.443028.",Red de Consorcios de Transporte de Andalucía (GTFS),https://api.ctan.es/v1/datos/UNIFICADO/gtfs.zip,alta,Cádiz,Los Barrios,36.181675,-5.443028,2026-08-28
TRANS-PAR-0126,transporte,parada_autobus,Cruce El Toril,"Parada de autobús: Cruce El Toril (San Roque). WGS84: 36.206169, -5.385914.",Red de Consorcios de Transporte de Andalucía (GTFS),https://api.ctan.es/v1/datos/UNIFICADO/gtfs.zip,alta,Cádiz,San Roque,36.206169,-5.385914,2026-08-28
TRANS-PAR-0127,transporte,parada_autobus,Cruce El Toril V,"Parada de autobús: Cruce El Toril V (San Roque). WGS84: 36.207583, -5.386498.",Red de Consorcios de Transporte de Andalucía (GTFS),https://api.ctan.es/v1/datos/UNIFICADO/gtfs.zip,alta,Cádiz,San Roque,36.207583,-5.386498,2026-08-28
TRANS-PAR-0128,transporte,parada_autobus,Cruce Guadiaro,"Parada de autobús: Cruce Guadiaro (San Roque). WGS84: 36.310486, -5.2991.",Red de Consorcios de Transporte de Andalucía (GTFS),https://api.ctan.es/v1/datos/UNIFICADO/gtfs.zip,alta,Cádiz,San Roque,36.310486,-5.2991,2026-08-28
TRANS-PAR-0129,transporte,parada_autobus,Cruce Pte. Mayorga,"Parada de autobús: Cruce Pte. Mayorga (San Roque). WGS84: 36.181329, -5.380511.",Red de Consorcios de Transporte de Andalucía (GTFS),https://api.ctan.es/v1/datos/UNIFICADO/gtfs.zip,alta,Cádiz,San Roque,36.181329,-5.380511,2026-08-28
TRANS-PAR-0130,transporte,parada_autobus,Cruce Rinconcillo,"Parada de autobús: Cruce Rinconcillo (Algeciras). WGS84: 36.155416, -5.454559.",Red de Consorcios de Transporte de Andalucía (GTFS),https://api.ctan.es/v1/datos/UNIFICADO/gtfs.zip,alta,Cádiz,Algeciras,36.155416,-5.454559,2026-08-28
TRANS-PAR-0131,transporte,parada_autobus,Cruce Taraguillas,"Parada de autobús: Cruce Taraguillas (San Roque). WGS84: 36.203836, -5.422344.",Red de Consorcios de Transporte de Andalucía (GTFS),https://api.ctan.es/v1/datos/UNIFICADO/gtfs.zip,alta,Cádiz,San Roque,36.203836,-5.422344,2026-08-28
TRANS-PAR-0132,transporte,parada_autobus,Cuartel,"Parada de autobús: Cuartel (Puerto Real). WGS84: 36.49389, -6.115483.",Red de Consorcios de Transporte de Andalucía (GTFS),https://api.ctan.es/v1/datos/UNIFICADO/gtfs.zip,alta,Cádiz,Puerto Real,36.49389,-6.115483,2026-08-28
TRANS-PAR-0133,transporte,parada_autobus,Cuartel Militar,"Parada de autobús: Cuartel Militar (Algeciras). WGS84: 36.150173, -5.454623.",Red de Consorcios de Transporte de Andalucía (GTFS),https://api.ctan.es/v1/datos/UNIFICADO/gtfs.zip,alta,Cádiz,Algeciras,36.150173,-5.454623,2026-08-28
TRANS-PAR-0134,transporte,parada_autobus,Cuartel V,"Parada de autobús: Cuartel V (Puerto Real). WGS84: 36.493934, -6.115563.",Red de Consorcios de Transporte de Andalucía (GTFS),https://api.ctan.es/v1/datos/UNIFICADO/gtfs.zip,alta,Cádiz,Puerto Real,36.493934,-6.115563,2026-08-28
TRANS-PAR-0135,transporte,parada_autobus,Cuatro Caminos,"Parada de autobús: Cuatro Caminos (Jerez de la Frontera). WGS84: 36.677662, -6.14502.",Red de Consorcios de Transporte de Andalucía (GTFS),https://api.ctan.es/v1/datos/UNIFICADO/gtfs.zip,alta,Cádiz,Jerez de la Frontera,36.677662,-6.14502,2026-08-28
TRANS-PAR-0136,transporte,parada_autobus,Cuatro Caminos V,"Parada de autobús: Cuatro Caminos V (Jerez de la Frontera). WGS84: 36.677576, -6.144948.",Red de Consorcios de Transporte de Andalucía (GTFS),https://api.ctan.es/v1/datos/UNIFICADO/gtfs.zip,alta,Cádiz,Jerez de la Frontera,36.677576,-6.144948,2026-08-28
TRANS-PAR-0137,transporte,parada_autobus,Cuatro Vientos,"Parada de autobús: Cuatro Vientos (San Roque). WGS84: 36.212892, -5.381778.",Red de Consorcios de Transporte de Andalucía (GTFS),https://api.ctan.es/v1/datos/UNIFICADO/gtfs.zip,alta,Cádiz,San Roque,36.212892,-5.381778,2026-08-28
TRANS-PAR-0138,transporte,parada_autobus,Delegación Hacienda,"Parada de autobús: Delegación Hacienda (Algeciras). WGS84: 36.140862, -5.455248.",Red de Consorcios de Transporte de Andalucía (GTFS),https://api.ctan.es/v1/datos/UNIFICADO/gtfs.zip,alta,Cádiz,Algeciras,36.140862,-5.455248,2026-08-28
TRANS-PAR-0139,transporte,parada_autobus,Delegación Hacienda V,"Parada de autobús: Delegación Hacienda V (Algeciras). WGS84: 36.141024, -5.4549.",Red de Consorcios de Transporte de Andalucía (GTFS),https://api.ctan.es/v1/datos/UNIFICADO/gtfs.zip,alta,Cádiz,Algeciras,36.141024,-5.4549,2026-08-28
TRANS-PAR-0140,transporte,parada_autobus,El Berrueco,"Parada de autobús: El Berrueco (Medina Sidonia). WGS84: 36.438228, -6.021544.",Red de Consorcios de Transporte de Andalucía (GTFS),https://api.ctan.es/v1/datos/UNIFICADO/gtfs.zip,alta,Cádiz,Medina Sidonia,36.438228,-6.021544,2026-08-28
TRANS-PAR-0141,transporte,parada_autobus,El Berrueco V,"Parada de autobús: El Berrueco V (Medina Sidonia). WGS84: 36.43828, -6.02193.",Red de Consorcios de Transporte de Andalucía (GTFS),https://api.ctan.es/v1/datos/UNIFICADO/gtfs.zip,alta,Cádiz,Medina Sidonia,36.43828,-6.02193,2026-08-28
TRANS-PAR-0142,transporte,parada_autobus,El Canario V,"Parada de autobús: El Canario V (Conil de la Frontera). WGS84: 36.311537, -6.082892.",Red de Consorcios de Transporte de Andalucía (GTFS),https://api.ctan.es/v1/datos/UNIFICADO/gtfs.zip,alta,Cádiz,Conil de la Frontera,36.311537,-6.082892,2026-08-28
TRANS-PAR-0143,transporte,parada_autobus,El Cartabón,"Parada de autobús: El Cartabón (Puerto Real). WGS84: 36.526036, -6.182332.",Red de Consorcios de Transporte de Andalucía (GTFS),https://api.ctan.es/v1/datos/UNIFICADO/gtfs.zip,alta,Cádiz,Puerto Real,36.526036,-6.182332,2026-08-28
TRANS-PAR-0144,transporte,parada_autobus,El Cartabón V,"Parada de autobús: El Cartabón V (Puerto Real). WGS84: 36.526808, -6.183799.",Red de Consorcios de Transporte de Andalucía (GTFS),https://api.ctan.es/v1/datos/UNIFICADO/gtfs.zip,alta,Cádiz,Puerto Real,36.526808,-6.183799,2026-08-28
TRANS-PAR-0145,transporte,parada_autobus,El Colorado-1,"Parada de autobús: El Colorado-1 (Conil de la Frontera). WGS84: 36.331821, -6.090564.",Red de Consorcios de Transporte de Andalucía (GTFS),https://api.ctan.es/v1/datos/UNIFICADO/gtfs.zip,alta,Cádiz,Conil de la Frontera,36.331821,-6.090564,2026-08-28
TRANS-PAR-0146,transporte,parada_autobus,El Colorado-2 V,"Parada de autobús: El Colorado-2 V (Conil de la Frontera). WGS84: 36.334984, -6.091636.",Red de Consorcios de Transporte de Andalucía (GTFS),https://api.ctan.es/v1/datos/UNIFICADO/gtfs.zip,alta,Cádiz,Conil de la Frontera,36.334984,-6.091636,2026-08-28
TRANS-PAR-0147,transporte,parada_autobus,El Corte Ingles,"Parada de autobús: El Corte Ingles (Algeciras). WGS84: 36.138037, -5.448723.",Red de Consorcios de Transporte de Andalucía (GTFS),https://api.ctan.es/v1/datos/UNIFICADO/gtfs.zip,alta,Cádiz,Algeciras,36.138037,-5.448723,2026-08-28
TRANS-PAR-0148,transporte,parada_autobus,El Marquesado-Venta Nicolás,"Parada de autobús: El Marquesado-Venta Nicolás (Puerto Real). WGS84: 36.469496, -6.118366.",Red de Consorcios de Transporte de Andalucía (GTFS),https://api.ctan.es/v1/datos/UNIFICADO/gtfs.zip,alta,Cádiz,Puerto Real,36.469496,-6.118366,2026-08-28
TRANS-PAR-0149,transporte,parada_autobus,El Marquesado-Venta Nicolás V,"Parada de autobús: El Marquesado-Venta Nicolás V (Puerto Real). WGS84: 36.469479, -6.118493.",Red de Consorcios de Transporte de Andalucía (GTFS),https://api.ctan.es/v1/datos/UNIFICADO/gtfs.zip,alta,Cádiz,Puerto Real,36.469479,-6.118493,2026-08-28
TRANS-PAR-0150,transporte,parada_autobus,El Mesón,"Parada de autobús: El Mesón (Tarifa). WGS84: 36.068486, -5.5308.",Red de Consorcios de Transporte de Andalucía (GTFS),https://api.ctan.es/v1/datos/UNIFICADO/gtfs.zip,alta,Cádiz,Tarifa,36.068486,-5.5308,2026-08-28
TRANS-PAR-0151,transporte,parada_autobus,El Mesón V,"Parada de autobús: El Mesón V (Tarifa). WGS84: 36.068247, -5.530672.",Red de Consorcios de Transporte de Andalucía (GTFS),https://api.ctan.es/v1/datos/UNIFICADO/gtfs.zip,alta,Cádiz,Tarifa,36.068247,-5.530672,2026-08-28
TRANS-PAR-0152,transporte,parada_autobus,El Mojo,"Parada de autobús: El Mojo (Jerez de la Frontera). WGS84: 36.580883, -6.016463.",Red de Consorcios de Transporte de Andalucía (GTFS),https://api.ctan.es/v1/datos/UNIFICADO/gtfs.zip,alta,Cádiz,Jerez de la Frontera,36.580883,-6.016463,2026-08-28
TRANS-PAR-0153,transporte,parada_autobus,Enlace A-381-Ctra. Paterna-V. El Pedroso,"Parada de autobús: Enlace A-381-Ctra. Paterna-V. El Pedroso (Jerez de la Frontera). WGS84: 36.52513, -5.982413.",Red de Consorcios de Transporte de Andalucía (GTFS),https://api.ctan.es/v1/datos/UNIFICADO/gtfs.zip,alta,Cádiz,Jerez de la Frontera,36.52513,-5.982413,2026-08-28
TRANS-PAR-0154,transporte,parada_autobus,Enlace A-381-Ctra. Paterna-V. El Pedroso V,"Parada de autobús: Enlace A-381-Ctra. Paterna-V. El Pedroso V (Jerez de la Frontera). WGS84: 36.525248, -5.98246.",Red de Consorcios de Transporte de Andalucía (GTFS),https://api.ctan.es/v1/datos/UNIFICADO/gtfs.zip,alta,Cádiz,Jerez de la Frontera,36.525248,-5.98246,2026-08-28
TRANS-PAR-0155,transporte,parada_autobus,Escuela Hostelería,"Parada de autobús: Escuela Hostelería (San Roque). WGS84: 36.205264, -5.384258.",Red de Consorcios de Transporte de Andalucía (GTFS),https://api.ctan.es/v1/datos/UNIFICADO/gtfs.zip,alta,Cádiz,San Roque,36.205264,-5.384258,2026-08-28
TRANS-PAR-0156,transporte,parada_autobus,Escuela Ingeniería,"Parada de autobús: Escuela Ingeniería (Puerto Real). WGS84: 36.536875, -6.200978.",Red de Consorcios de Transporte de Andalucía (GTFS),https://api.ctan.es/v1/datos/UNIFICADO/gtfs.zip,alta,Cádiz,Puerto Real,36.536875,-6.200978,2026-08-28
TRANS-PAR-0157,transporte,parada_autobus,Escuela Ingeniería (Interior),"Parada de autobús: Escuela Ingeniería (Interior) (Puerto Real). WGS84: 36.536704, -6.201879.",Red de Consorcios de Transporte de Andalucía (GTFS),https://api.ctan.es/v1/datos/UNIFICADO/gtfs.zip,alta,Cádiz,Puerto Real,36.536704,-6.201879,2026-08-28
TRANS-PAR-0158,transporte,parada_autobus,Escuela Ingeniería V,"Parada de autobús: Escuela Ingeniería V (Puerto Real). WGS84: 36.536836, -6.200854.",Red de Consorcios de Transporte de Andalucía (GTFS),https://api.ctan.es/v1/datos/UNIFICADO/gtfs.zip,alta,Cádiz,Puerto Real,36.536836,-6.200854,2026-08-28
TRANS-PAR-0159,transporte,parada_autobus,Estación De Autobuses Arcos,"Parada de autobús: Estación De Autobuses Arcos (Arcos de la Frontera). WGS84: 36.749337, -5.818322.",Red de Consorcios de Transporte de Andalucía (GTFS),https://api.ctan.es/v1/datos/UNIFICADO/gtfs.zip,alta,Cádiz,Arcos de la Frontera,36.749337,-5.818322,2026-08-28
TRANS-PAR-0160,transporte,parada_autobus,Estación De Autobuses Chipiona,"Parada de autobús: Estación De Autobuses Chipiona. WGS84: 36.736829, -6.428472.",Red de Consorcios de Transporte de Andalucía (GTFS),https://api.ctan.es/v1/datos/UNIFICADO/gtfs.zip,alta,Cádiz,Chipiona,36.736829,-6.428472,2026-08-28
TRANS-PAR-0161,transporte,parada_autobus,Estación De Autobuses Cádiz,"Parada de autobús: Estación De Autobuses Cádiz. WGS84: 36.527224, -6.285389.",Red de Consorcios de Transporte de Andalucía (GTFS),https://api.ctan.es/v1/datos/UNIFICADO/gtfs.zip,alta,Cádiz,Cádiz,36.527224,-6.285389,2026-08-28
TRANS-PAR-0162,transporte,parada_autobus,Estación De Autobuses Jerez,"Parada de autobús: Estación De Autobuses Jerez (Jerez de la Frontera). WGS84: 36.679414, -6.126668.",Red de Consorcios de Transporte de Andalucía (GTFS),https://api.ctan.es/v1/datos/UNIFICADO/gtfs.zip,alta,Cádiz,Jerez de la Frontera,36.679414,-6.126668,2026-08-28
TRANS-PAR-0163,transporte,parada_autobus,Estación De Autobuses Medina,"Parada de autobús: Estación De Autobuses Medina (Medina Sidonia). WGS84: 36.462408, -5.930291.",Red de Consorcios de Transporte de Andalucía (GTFS),https://api.ctan.es/v1/datos/UNIFICADO/gtfs.zip,alta,Cádiz,Medina Sidonia,36.462408,-5.930291,2026-08-28
TRANS-PAR-0164,transporte,parada_autobus,Estación De Autobuses Rota,"Parada de autobús: Estación De Autobuses Rota. WGS84: 36.627986, -6.355891.",Red de Consorcios de Transporte de Andalucía (GTFS),https://api.ctan.es/v1/datos/UNIFICADO/gtfs.zip,alta,Cádiz,Rota,36.627986,-6.355891,2026-08-28
TRANS-PAR-0165,transporte,parada_autobus,Estación De Autobuses Sanlúcar,"Parada de autobús: Estación De Autobuses Sanlúcar (Sanlúcar de Barrameda). WGS84: 36.781579, -6.358452.",Red de Consorcios de Transporte de Andalucía (GTFS),https://api.ctan.es/v1/datos/UNIFICADO/gtfs.zip,alta,Cádiz,Sanlúcar de Barrameda,36.781579,-6.358452,2026-08-28
TRANS-PAR-0166,transporte,parada_autobus,Estación De San Roque,"Parada de autobús: Estación De San Roque. WGS84: 36.214681, -5.432531.",Red de Consorcios de Transporte de Andalucía (GTFS),https://api.ctan.es/v1/datos/UNIFICADO/gtfs.zip,alta,Cádiz,San Roque,36.214681,-5.432531,2026-08-28
TRANS-PAR-0167,transporte,parada_autobus,Estación De San Roque V,"Parada de autobús: Estación De San Roque V. WGS84: 36.213886, -5.432217.",Red de Consorcios de Transporte de Andalucía (GTFS),https://api.ctan.es/v1/datos/UNIFICADO/gtfs.zip,alta,Cádiz,San Roque,36.213886,-5.432217,2026-08-28
TRANS-PAR-0168,transporte,parada_autobus,Estación Fc El Pto. De Sta. María,"Parada de autobús: Estación Fc El Pto. De Sta. María (El Puerto de Santa María). WGS84: 36.604761, -6.218873.",Red de Consorcios de Transporte de Andalucía (GTFS),https://api.ctan.es/v1/datos/UNIFICADO/gtfs.zip,alta,Cádiz,El Puerto de Santa María,36.604761,-6.218873,2026-08-28
TRANS-PAR-0169,transporte,parada_autobus,Estación Fc El Pto. De Sta. María V,"Parada de autobús: Estación Fc El Pto. De Sta. María V (El Puerto de Santa María). WGS84: 36.604685, -6.21863.",Red de Consorcios de Transporte de Andalucía (GTFS),https://api.ctan.es/v1/datos/UNIFICADO/gtfs.zip,alta,Cádiz,El Puerto de Santa María,36.604685,-6.21863,2026-08-28
TRANS-PAR-0170,transporte,parada_autobus,Estación Fc Puerto Real,"Parada de autobús: Estación Fc Puerto Real. WGS84: 36.530555, -6.185302.",Red de Consorcios de Transporte de Andalucía (GTFS),https://api.ctan.es/v1/datos/UNIFICADO/gtfs.zip,alta,Cádiz,Puerto Real,36.530555,-6.185302,2026-08-28
TRANS-PAR-0171,transporte,parada_autobus,Estación Fc Puerto Real V,"Parada de autobús: Estación Fc Puerto Real V. WGS84: 36.530454, -6.185305.",Red de Consorcios de Transporte de Andalucía (GTFS),https://api.ctan.es/v1/datos/UNIFICADO/gtfs.zip,alta,Cádiz,Puerto Real,36.530454,-6.185305,2026-08-28
TRANS-PAR-0172,transporte,parada_autobus,Estación Fc-Bahía Sur,"Parada de autobús: Estación Fc-Bahía Sur (San Fernando). WGS84: 36.469242, -6.206721.",Red de Consorcios de Transporte de Andalucía (GTFS),https://api.ctan.es/v1/datos/UNIFICADO/gtfs.zip,alta,Cádiz,San Fernando,36.469242,-6.206721,2026-08-28
TRANS-PAR-0173,transporte,parada_autobus,Estación Fc-Bahía Sur V,"Parada de autobús: Estación Fc-Bahía Sur V (San Fernando). WGS84: 36.46905, -6.206614.",Red de Consorcios de Transporte de Andalucía (GTFS),https://api.ctan.es/v1/datos/UNIFICADO/gtfs.zip,alta,Cádiz,San Fernando,36.46905,-6.206614,2026-08-28
TRANS-PAR-0174,transporte,parada_autobus,Estación Jimena,"Parada de autobús: Estación Jimena (Jimena de la Frontera). WGS84: 36.421847, -5.435372.",Red de Consorcios de Transporte de Andalucía (GTFS),https://api.ctan.es/v1/datos/UNIFICADO/gtfs.zip,alta,Cádiz,Jimena de la Frontera,36.421847,-5.435372,2026-08-28
TRANS-PAR-0175,transporte,parada_autobus,Estación Jimena V,"Parada de autobús: Estación Jimena V (Jimena de la Frontera). WGS84: 36.423003, -5.434694.",Red de Consorcios de Transporte de Andalucía (GTFS),https://api.ctan.es/v1/datos/UNIFICADO/gtfs.zip,alta,Cádiz,Jimena de la Frontera,36.423003,-5.434694,2026-08-28
TRANS-PAR-0176,transporte,parada_autobus,Estación La Línea,"Parada de autobús: Estación La Línea (La Línea de la Concepción). WGS84: 36.158217, -5.349925.",Red de Consorcios de Transporte de Andalucía (GTFS),https://api.ctan.es/v1/datos/UNIFICADO/gtfs.zip,alta,Cádiz,La Línea de la Concepción,36.158217,-5.349925,2026-08-28
TRANS-PAR-0177,transporte,parada_autobus,Estación San Bernardo,"Parada de autobús: Estación San Bernardo (Algeciras). WGS84: 36.125921, -5.447542.",Red de Consorcios de Transporte de Andalucía (GTFS),https://api.ctan.es/v1/datos/UNIFICADO/gtfs.zip,alta,Cádiz,Algeciras,36.125921,-5.447542,2026-08-28
TRANS-PAR-0178,transporte,parada_autobus,Facinas,"Parada de autobús: Facinas (Tarifa). WGS84: 36.141414, -5.699214.",Red de Consorcios de Transporte de Andalucía (GTFS),https://api.ctan.es/v1/datos/UNIFICADO/gtfs.zip,alta,Cádiz,Tarifa,36.141414,-5.699214,2026-08-28
TRANS-PAR-0179,transporte,parada_autobus,Finca Villanueva Y Rosal,"Parada de autobús: Finca Villanueva Y Rosal (Puerto Real). WGS84: 36.496047, -6.130434.",Red de Consorcios de Transporte de Andalucía (GTFS),https://api.ctan.es/v1/datos/UNIFICADO/gtfs.zip,alta,Cádiz,Puerto Real,36.496047,-6.130434,2026-08-28
TRANS-PAR-0180,transporte,parada_autobus,Finca Villanueva Y Rosal V,"Parada de autobús: Finca Villanueva Y Rosal V (Puerto Real). WGS84: 36.495915, -6.130379.",Red de Consorcios de Transporte de Andalucía (GTFS),https://api.ctan.es/v1/datos/UNIFICADO/gtfs.zip,alta,Cádiz,Puerto Real,36.495915,-6.130379,2026-08-28
TRANS-PAR-0181,transporte,parada_autobus,Fuenterrabía,"Parada de autobús: Fuenterrabía (El Puerto de Santa María). WGS84: 36.609399, -6.278401.",Red de Consorcios de Transporte de Andalucía (GTFS),https://api.ctan.es/v1/datos/UNIFICADO/gtfs.zip,alta,Cádiz,El Puerto de Santa María,36.609399,-6.278401,2026-08-28
TRANS-PAR-0182,transporte,parada_autobus,Fuenterrabía V,"Parada de autobús: Fuenterrabía V (El Puerto de Santa María). WGS84: 36.609376, -6.278192.",Red de Consorcios de Transporte de Andalucía (GTFS),https://api.ctan.es/v1/datos/UNIFICADO/gtfs.zip,alta,Cádiz,El Puerto de Santa María,36.609376,-6.278192,2026-08-28
TRANS-PAR-0183,transporte,parada_autobus,General Lobo,"Parada de autobús: General Lobo (San Fernando). WGS84: 36.474772, -6.195008.",Red de Consorcios de Transporte de Andalucía (GTFS),https://api.ctan.es/v1/datos/UNIFICADO/gtfs.zip,alta,Cádiz,San Fernando,36.474772,-6.195008,2026-08-28
TRANS-PAR-0184,transporte,parada_autobus,General Lobo V,"Parada de autobús: General Lobo V (San Fernando). WGS84: 36.474906, -6.194472.",Red de Consorcios de Transporte de Andalucía (GTFS),https://api.ctan.es/v1/datos/UNIFICADO/gtfs.zip,alta,Cádiz,San Fernando,36.474906,-6.194472,2026-08-28
TRANS-PAR-0185,transporte,parada_autobus,Guadiaro,"Parada de autobús: Guadiaro (San Roque). WGS84: 36.300711, -5.303014.",Red de Consorcios de Transporte de Andalucía (GTFS),https://api.ctan.es/v1/datos/UNIFICADO/gtfs.zip,alta,Cádiz,San Roque,36.300711,-5.303014,2026-08-28
TRANS-PAR-0186,transporte,parada_autobus,Guadiaro V,"Parada de autobús: Guadiaro V (San Roque). WGS84: 36.300728, -5.302719.",Red de Consorcios de Transporte de Andalucía (GTFS),https://api.ctan.es/v1/datos/UNIFICADO/gtfs.zip,alta,Cádiz,San Roque,36.300728,-5.302719,2026-08-28
TRANS-PAR-0187,transporte,parada_autobus,Hospital De Jerez-Carretera A-2000,"Parada de autobús: Hospital De Jerez-Carretera A-2000 (Jerez de la Frontera). WGS84: 36.699575, -6.14593.",Red de Consorcios de Transporte de Andalucía (GTFS),https://api.ctan.es/v1/datos/UNIFICADO/gtfs.zip,alta,Cádiz,Jerez de la Frontera,36.699575,-6.14593,2026-08-28
TRANS-PAR-0188,transporte,parada_autobus,Hospital De Jerez-Carretera A-2000 V,"Parada de autobús: Hospital De Jerez-Carretera A-2000 V (Jerez de la Frontera). WGS84: 36.700154, -6.146432.",Red de Consorcios de Transporte de Andalucía (GTFS),https://api.ctan.es/v1/datos/UNIFICADO/gtfs.zip,alta,Cádiz,Jerez de la Frontera,36.700154,-6.146432,2026-08-28
TRANS-PAR-0189,transporte,parada_autobus,Hospital De Puerto Real,"Parada de autobús: Hospital De Puerto Real. WGS84: 36.51929, -6.152954.",Red de Consorcios de Transporte de Andalucía (GTFS),https://api.ctan.es/v1/datos/UNIFICADO/gtfs.zip,alta,Cádiz,Puerto Real,36.51929,-6.152954,2026-08-28
TRANS-PAR-0190,transporte,parada_autobus,Hospital De Puerto Real,"Parada de autobús: Hospital De Puerto Real. WGS84: 36.519346, -6.15175.",Red de Consorcios de Transporte de Andalucía (GTFS),https://api.ctan.es/v1/datos/UNIFICADO/gtfs.zip,alta,Cádiz,Puerto Real,36.519346,-6.15175,2026-08-28
TRANS-PAR-0191,transporte,parada_autobus,Hospital La Línea,"Parada de autobús: Hospital La Línea (La Línea de la Concepción). WGS84: 36.17482, -5.355031.",Red de Consorcios de Transporte de Andalucía (GTFS),https://api.ctan.es/v1/datos/UNIFICADO/gtfs.zip,alta,Cádiz,La Línea de la Concepción,36.17482,-5.355031,2026-08-28
TRANS-PAR-0192,transporte,parada_autobus,Hospital Puerta Del Mar,"Parada de autobús: Hospital Puerta Del Mar (Cádiz). WGS84: 36.509031, -6.278618.",Red de Consorcios de Transporte de Andalucía (GTFS),https://api.ctan.es/v1/datos/UNIFICADO/gtfs.zip,alta,Cádiz,Cádiz,36.509031,-6.278618,2026-08-28
TRANS-PAR-0193,transporte,parada_autobus,Hospital Puerta Del Mar,"Parada de autobús: Hospital Puerta Del Mar (Cádiz). WGS84: 36.508532, -6.278445.",Red de Consorcios de Transporte de Andalucía (GTFS),https://api.ctan.es/v1/datos/UNIFICADO/gtfs.zip,alta,Cádiz,Cádiz,36.508532,-6.278445,2026-08-28
TRANS-PAR-0194,transporte,parada_autobus,Hospital Puerta Del Mar,"Parada de autobús: Hospital Puerta Del Mar (Cádiz). WGS84: 36.508582, -6.278335.",Red de Consorcios de Transporte de Andalucía (GTFS),https://api.ctan.es/v1/datos/UNIFICADO/gtfs.zip,alta,Cádiz,Cádiz,36.508582,-6.278335,2026-08-28
TRANS-PAR-0195,transporte,parada_autobus,Hospital Puerta Del Mar,"Parada de autobús: Hospital Puerta Del Mar (Cádiz). WGS84: 36.509464, -6.278803.",Red de Consorcios de Transporte de Andalucía (GTFS),https://api.ctan.es/v1/datos/UNIFICADO/gtfs.zip,alta,Cádiz,Cádiz,36.509464,-6.278803,2026-08-28
TRANS-PAR-0196,transporte,parada_autobus,Hospital Puerta Del Mar,"Parada de autobús: Hospital Puerta Del Mar (Cádiz). WGS84: 36.509606, -6.278906.",Red de Consorcios de Transporte de Andalucía (GTFS),https://api.ctan.es/v1/datos/UNIFICADO/gtfs.zip,alta,Cádiz,Cádiz,36.509606,-6.278906,2026-08-28
TRANS-PAR-0197,transporte,parada_autobus,Hospital Puerta Del Mar V,"Parada de autobús: Hospital Puerta Del Mar V (Cádiz). WGS84: 36.508758, -6.27826.",Red de Consorcios de Transporte de Andalucía (GTFS),https://api.ctan.es/v1/datos/UNIFICADO/gtfs.zip,alta,Cádiz,Cádiz,36.508758,-6.27826,2026-08-28
TRANS-PAR-0198,transporte,parada_autobus,Hospital S. Carlos,"Parada de autobús: Hospital S. Carlos (San Fernando). WGS84: 36.47931, -6.19535.",Red de Consorcios de Transporte de Andalucía (GTFS),https://api.ctan.es/v1/datos/UNIFICADO/gtfs.zip,alta,Cádiz,San Fernando,36.47931,-6.19535,2026-08-28
TRANS-PAR-0199,transporte,parada_autobus,Hospital S. Carlos V,"Parada de autobús: Hospital S. Carlos V (San Fernando). WGS84: 36.479534, -6.194936.",Red de Consorcios de Transporte de Andalucía (GTFS),https://api.ctan.es/v1/datos/UNIFICADO/gtfs.zip,alta,Cádiz,San Fernando,36.479534,-6.194936,2026-08-28
TRANS-PAR-0200,transporte,parada_autobus,Hospital Universitario De Jerez,"Parada de autobús: Hospital Universitario De Jerez (Jerez de la Frontera). WGS84: 36.69929, -6.148633.",Red de Consorcios de Transporte de Andalucía (GTFS),https://api.ctan.es/v1/datos/UNIFICADO/gtfs.zip,alta,Cádiz,Jerez de la Frontera,36.69929,-6.148633,2026-08-28
TRANS-PAR-0201,transporte,parada_autobus,Hospital Virgen Del Camino,"Parada de autobús: Hospital Virgen Del Camino (Sanlúcar de Barrameda). WGS84: 36.768143, -6.358661.",Red de Consorcios de Transporte de Andalucía (GTFS),https://api.ctan.es/v1/datos/UNIFICADO/gtfs.zip,alta,Cádiz,Sanlúcar de Barrameda,36.768143,-6.358661,2026-08-28
TRANS-PAR-0202,transporte,parada_autobus,Hospital Virgen Del Camino V,"Parada de autobús: Hospital Virgen Del Camino V (Sanlúcar de Barrameda). WGS84: 36.768106, -6.358389.",Red de Consorcios de Transporte de Andalucía (GTFS),https://api.ctan.es/v1/datos/UNIFICADO/gtfs.zip,alta,Cádiz,Sanlúcar de Barrameda,36.768106,-6.358389,2026-08-28
TRANS-PAR-0203,transporte,parada_autobus,Hotel Alborán,"Parada de autobús: Hotel Alborán (Algeciras). WGS84: 36.155353, -5.455144.",Red de Consorcios de Transporte de Andalucía (GTFS),https://api.ctan.es/v1/datos/UNIFICADO/gtfs.zip,alta,Cádiz,Algeciras,36.155353,-5.455144,2026-08-28
TRANS-PAR-0204,transporte,parada_autobus,Hotel Guadacorte,"Parada de autobús: Hotel Guadacorte (Los Barrios). WGS84: 36.1958, -5.429367.",Red de Consorcios de Transporte de Andalucía (GTFS),https://api.ctan.es/v1/datos/UNIFICADO/gtfs.zip,alta,Cádiz,Los Barrios,36.1958,-5.429367,2026-08-28
TRANS-PAR-0205,transporte,parada_autobus,Hoyo Los Caballos,"Parada de autobús: Hoyo Los Caballos (Algeciras). WGS84: 36.144742, -5.4543.",Red de Consorcios de Transporte de Andalucía (GTFS),https://api.ctan.es/v1/datos/UNIFICADO/gtfs.zip,alta,Cádiz,Algeciras,36.144742,-5.4543,2026-08-28
TRANS-PAR-0206,transporte,parada_autobus,Huerta Pley,"Parada de autobús: Huerta Pley (Puerto Real). WGS84: 36.528564, -6.18511.",Red de Consorcios de Transporte de Andalucía (GTFS),https://api.ctan.es/v1/datos/UNIFICADO/gtfs.zip,alta,Cádiz,Puerto Real,36.528564,-6.18511,2026-08-28
TRANS-PAR-0207,transporte,parada_autobus,Ingeniero La Cierva,"Parada de autobús: Ingeniero La Cierva (Cádiz). WGS84: 36.506289, -6.277057.",Red de Consorcios de Transporte de Andalucía (GTFS),https://api.ctan.es/v1/datos/UNIFICADO/gtfs.zip,alta,Cádiz,Cádiz,36.506289,-6.277057,2026-08-28
TRANS-PAR-0208,transporte,parada_autobus,Ingeniero La Cierva V,"Parada de autobús: Ingeniero La Cierva V (Cádiz). WGS84: 36.506274, -6.276833.",Red de Consorcios de Transporte de Andalucía (GTFS),https://api.ctan.es/v1/datos/UNIFICADO/gtfs.zip,alta,Cádiz,Cádiz,36.506274,-6.276833,2026-08-28
TRANS-PAR-0209,transporte,parada_autobus,Intercambiador De Transporte,"Parada de autobús: Intercambiador De Transporte (El Puerto de Santa María). WGS84: 36.604401, -6.217193.",Red de Consorcios de Transporte de Andalucía (GTFS),https://api.ctan.es/v1/datos/UNIFICADO/gtfs.zip,alta,Cádiz,El Puerto de Santa María,36.604401,-6.217193,2026-08-28
TRANS-PAR-0210,transporte,parada_autobus,Jardines Del Marquesado,"Parada de autobús: Jardines Del Marquesado (Chiclana de la Frontera). WGS84: 36.43007, -6.140354.",Red de Consorcios de Transporte de Andalucía (GTFS),https://api.ctan.es/v1/datos/UNIFICADO/gtfs.zip,alta,Cádiz,Chiclana de la Frontera,36.43007,-6.140354,2026-08-28
TRANS-PAR-0211,transporte,parada_autobus,Jardines Del Marquesado V,"Parada de autobús: Jardines Del Marquesado V (Chiclana de la Frontera). WGS84: 36.4302, -6.140269.",Red de Consorcios de Transporte de Andalucía (GTFS),https://api.ctan.es/v1/datos/UNIFICADO/gtfs.zip,alta,Cádiz,Chiclana de la Frontera,36.4302,-6.140269,2026-08-28
TRANS-PAR-0212,transporte,parada_autobus,Jimena,"Parada de autobús: Jimena (Jimena de la Frontera). WGS84: 36.432944, -5.449722.",Red de Consorcios de Transporte de Andalucía (GTFS),https://api.ctan.es/v1/datos/UNIFICADO/gtfs.zip,alta,Cádiz,Jimena de la Frontera,36.432944,-5.449722,2026-08-28
TRANS-PAR-0213,transporte,parada_autobus,Jédula,"Parada de autobús: Jédula (Arcos de la Frontera). WGS84: 36.724754, -5.92982.",Red de Consorcios de Transporte de Andalucía (GTFS),https://api.ctan.es/v1/datos/UNIFICADO/gtfs.zip,alta,Cádiz,Arcos de la Frontera,36.724754,-5.92982,2026-08-28
TRANS-PAR-0214,transporte,parada_autobus,Jédula V,"Parada de autobús: Jédula V (Arcos de la Frontera). WGS84: 36.725011, -5.929644.",Red de Consorcios de Transporte de Andalucía (GTFS),https://api.ctan.es/v1/datos/UNIFICADO/gtfs.zip,alta,Cádiz,Arcos de la Frontera,36.725011,-5.929644,2026-08-28
TRANS-PAR-0215,transporte,parada_autobus,La Almoraima,"Parada de autobús: La Almoraima (Castellar de la Frontera). WGS84: 36.276242, -5.429244.",Red de Consorcios de Transporte de Andalucía (GTFS),https://api.ctan.es/v1/datos/UNIFICADO/gtfs.zip,alta,Cádiz,Castellar de la Frontera,36.276242,-5.429244,2026-08-28
TRANS-PAR-0216,transporte,parada_autobus,La Almoraima V,"Parada de autobús: La Almoraima V (Castellar de la Frontera). WGS84: 36.277656, -5.429256.",Red de Consorcios de Transporte de Andalucía (GTFS),https://api.ctan.es/v1/datos/UNIFICADO/gtfs.zip,alta,Cádiz,Castellar de la Frontera,36.277656,-5.429256,2026-08-28
TRANS-PAR-0217,transporte,parada_autobus,La Ardila,"Parada de autobús: La Ardila (San Fernando). WGS84: 36.455873, -6.21465.",Red de Consorcios de Transporte de Andalucía (GTFS),https://api.ctan.es/v1/datos/UNIFICADO/gtfs.zip,alta,Cádiz,San Fernando,36.455873,-6.21465,2026-08-28
TRANS-PAR-0218,transporte,parada_autobus,La Charca,"Parada de autobús: La Charca (Algeciras). WGS84: 36.137387, -5.456099.",Red de Consorcios de Transporte de Andalucía (GTFS),https://api.ctan.es/v1/datos/UNIFICADO/gtfs.zip,alta,Cádiz,Algeciras,36.137387,-5.456099,2026-08-28
TRANS-PAR-0219,transporte,parada_autobus,La Charca V,"Parada de autobús: La Charca V (Algeciras). WGS84: 36.136971, -5.456053.",Red de Consorcios de Transporte de Andalucía (GTFS),https://api.ctan.es/v1/datos/UNIFICADO/gtfs.zip,alta,Cádiz,Algeciras,36.136971,-5.456053,2026-08-28
TRANS-PAR-0220,transporte,parada_autobus,La Colonia,"Parada de autobús: La Colonia (La Línea de la Concepción). WGS84: 36.167556, -5.365717.",Red de Consorcios de Transporte de Andalucía (GTFS),https://api.ctan.es/v1/datos/UNIFICADO/gtfs.zip,alta,Cádiz,La Línea de la Concepción,36.167556,-5.365717,2026-08-28
TRANS-PAR-0221,transporte,parada_autobus,La Colonia V,"Parada de autobús: La Colonia V (La Línea de la Concepción). WGS84: 36.16755, -5.366533.",Red de Consorcios de Transporte de Andalucía (GTFS),https://api.ctan.es/v1/datos/UNIFICADO/gtfs.zip,alta,Cádiz,La Línea de la Concepción,36.16755,-5.366533,2026-08-28
TRANS-PAR-0222,transporte,parada_autobus,La Granja N-340,"Parada de autobús: La Granja N-340 (Algeciras). WGS84: 36.147694, -5.454583.",Red de Consorcios de Transporte de Andalucía (GTFS),https://api.ctan.es/v1/datos/UNIFICADO/gtfs.zip,alta,Cádiz,Algeciras,36.147694,-5.454583,2026-08-28
TRANS-PAR-0223,transporte,parada_autobus,La Granja-Hogar Del Pensionista,"Parada de autobús: La Granja-Hogar Del Pensionista (Jerez de la Frontera). WGS84: 36.693225, -6.103654.",Red de Consorcios de Transporte de Andalucía (GTFS),https://api.ctan.es/v1/datos/UNIFICADO/gtfs.zip,alta,Cádiz,Jerez de la Frontera,36.693225,-6.103654,2026-08-28
TRANS-PAR-0224,transporte,parada_autobus,La Granja-Hogar Del Pensionista V,"Parada de autobús: La Granja-Hogar Del Pensionista V (Jerez de la Frontera). WGS84: 36.693076, -6.103569.",Red de Consorcios de Transporte de Andalucía (GTFS),https://api.ctan.es/v1/datos/UNIFICADO/gtfs.zip,alta,Cádiz,Jerez de la Frontera,36.693076,-6.103569,2026-08-28
TRANS-PAR-0225,transporte,parada_autobus,La Laguna,"Parada de autobús: La Laguna (Chipiona). WGS84: 36.723991, -6.435413.",Red de Consorcios de Transporte de Andalucía (GTFS),https://api.ctan.es/v1/datos/UNIFICADO/gtfs.zip,alta,Cádiz,Chipiona,36.723991,-6.435413,2026-08-28
TRANS-PAR-0226,transporte,parada_autobus,La Romera-Venta Rosario,"Parada de autobús: La Romera-Venta Rosario (Puerto Real). WGS84: 36.517358, -6.04446.",Red de Consorcios de Transporte de Andalucía (GTFS),https://api.ctan.es/v1/datos/UNIFICADO/gtfs.zip,alta,Cádiz,Puerto Real,36.517358,-6.04446,2026-08-28
TRANS-PAR-0227,transporte,parada_autobus,La Romera-Venta Rosario V,"Parada de autobús: La Romera-Venta Rosario V (Puerto Real). WGS84: 36.517486, -6.044727.",Red de Consorcios de Transporte de Andalucía (GTFS),https://api.ctan.es/v1/datos/UNIFICADO/gtfs.zip,alta,Cádiz,Puerto Real,36.517486,-6.044727,2026-08-28
TRANS-PAR-0228,transporte,parada_autobus,Las Aletas,"Parada de autobús: Las Aletas (Puerto Real). WGS84: 36.544566, -6.199143.",Red de Consorcios de Transporte de Andalucía (GTFS),https://api.ctan.es/v1/datos/UNIFICADO/gtfs.zip,alta,Cádiz,Puerto Real,36.544566,-6.199143,2026-08-28
TRANS-PAR-0229,transporte,parada_autobus,Las Camelias,"Parada de autobús: Las Camelias (San Roque). WGS84: 36.296706, -5.274058.",Red de Consorcios de Transporte de Andalucía (GTFS),https://api.ctan.es/v1/datos/UNIFICADO/gtfs.zip,alta,Cádiz,San Roque,36.296706,-5.274058,2026-08-28
TRANS-PAR-0230,transporte,parada_autobus,Las Camelias V,"Parada de autobús: Las Camelias V (San Roque). WGS84: 36.296789, -5.274417.",Red de Consorcios de Transporte de Andalucía (GTFS),https://api.ctan.es/v1/datos/UNIFICADO/gtfs.zip,alta,Cádiz,San Roque,36.296789,-5.274417,2026-08-28
TRANS-PAR-0231,transporte,parada_autobus,Las Piedras,"Parada de autobús: Las Piedras (Algeciras). WGS84: 36.082487, -5.503666.",Red de Consorcios de Transporte de Andalucía (GTFS),https://api.ctan.es/v1/datos/UNIFICADO/gtfs.zip,alta,Cádiz,Algeciras,36.082487,-5.503666,2026-08-28
TRANS-PAR-0232,transporte,parada_autobus,Las Piedras V,"Parada de autobús: Las Piedras V (Algeciras). WGS84: 36.082237, -5.503512.",Red de Consorcios de Transporte de Andalucía (GTFS),https://api.ctan.es/v1/datos/UNIFICADO/gtfs.zip,alta,Cádiz,Algeciras,36.082237,-5.503512,2026-08-28
TRANS-PAR-0233,transporte,parada_autobus,Las Presas Sentido Los Barrios,"Parada de autobús: Las Presas Sentido Los Barrios. WGS84: 36.178023, -5.475328.",Red de Consorcios de Transporte de Andalucía (GTFS),https://api.ctan.es/v1/datos/UNIFICADO/gtfs.zip,alta,Cádiz,Los Barrios,36.178023,-5.475328,2026-08-28
TRANS-PAR-0234,transporte,parada_autobus,Las Presas Sentido Palmones V,"Parada de autobús: Las Presas Sentido Palmones V (Los Barrios). WGS84: 36.177928, -5.47534.",Red de Consorcios de Transporte de Andalucía (GTFS),https://api.ctan.es/v1/datos/UNIFICADO/gtfs.zip,alta,Cádiz,Los Barrios,36.177928,-5.47534,2026-08-28
TRANS-PAR-0235,transporte,parada_autobus,Las Redes/Los Esteros,"Parada de autobús: Las Redes/Los Esteros (Chiclana de la Frontera). WGS84: 36.429696, -6.144151.",Red de Consorcios de Transporte de Andalucía (GTFS),https://api.ctan.es/v1/datos/UNIFICADO/gtfs.zip,alta,Cádiz,Chiclana de la Frontera,36.429696,-6.144151,2026-08-28
TRANS-PAR-0236,transporte,parada_autobus,Las Tórtolas,"Parada de autobús: Las Tórtolas (El Puerto de Santa María). WGS84: 36.617615, -6.277921.",Red de Consorcios de Transporte de Andalucía (GTFS),https://api.ctan.es/v1/datos/UNIFICADO/gtfs.zip,alta,Cádiz,El Puerto de Santa María,36.617615,-6.277921,2026-08-28
TRANS-PAR-0237,transporte,parada_autobus,Las Tórtolas V,"Parada de autobús: Las Tórtolas V (El Puerto de Santa María). WGS84: 36.616435, -6.276822.",Red de Consorcios de Transporte de Andalucía (GTFS),https://api.ctan.es/v1/datos/UNIFICADO/gtfs.zip,alta,Cádiz,El Puerto de Santa María,36.616435,-6.276822,2026-08-28
TRANS-PAR-0238,transporte,parada_autobus,Los Canarios,"Parada de autobús: Los Canarios (Los Barrios). WGS84: 36.17605, -5.467428.",Red de Consorcios de Transporte de Andalucía (GTFS),https://api.ctan.es/v1/datos/UNIFICADO/gtfs.zip,alta,Cádiz,Los Barrios,36.17605,-5.467428,2026-08-28
TRANS-PAR-0239,transporte,parada_autobus,Los Canarios V,"Parada de autobús: Los Canarios V (Los Barrios). WGS84: 36.176189, -5.467297.",Red de Consorcios de Transporte de Andalucía (GTFS),https://api.ctan.es/v1/datos/UNIFICADO/gtfs.zip,alta,Cádiz,Los Barrios,36.176189,-5.467297,2026-08-28
TRANS-PAR-0240,transporte,parada_autobus,Los Cortijillos,"Parada de autobús: Los Cortijillos (Los Barrios). WGS84: 36.185823, -5.438447.",Red de Consorcios de Transporte de Andalucía (GTFS),https://api.ctan.es/v1/datos/UNIFICADO/gtfs.zip,alta,Cádiz,Los Barrios,36.185823,-5.438447,2026-08-28
TRANS-PAR-0241,transporte,parada_autobus,Los Cortijillos V,"Parada de autobús: Los Cortijillos V (Los Barrios). WGS84: 36.187049, -5.436586.",Red de Consorcios de Transporte de Andalucía (GTFS),https://api.ctan.es/v1/datos/UNIFICADO/gtfs.zip,alta,Cádiz,Los Barrios,36.187049,-5.436586,2026-08-28
TRANS-PAR-0242,transporte,parada_autobus,Los Esteros V,"Parada de autobús: Los Esteros V (Chiclana de la Frontera). WGS84: 36.429924, -6.144657.",Red de Consorcios de Transporte de Andalucía (GTFS),https://api.ctan.es/v1/datos/UNIFICADO/gtfs.zip,alta,Cádiz,Chiclana de la Frontera,36.429924,-6.144657,2026-08-28
TRANS-PAR-0243,transporte,parada_autobus,Los Navegantes,"Parada de autobús: Los Navegantes (La Línea de la Concepción). WGS84: 36.161403, -5.353606.",Red de Consorcios de Transporte de Andalucía (GTFS),https://api.ctan.es/v1/datos/UNIFICADO/gtfs.zip,alta,Cádiz,La Línea de la Concepción,36.161403,-5.353606,2026-08-28
TRANS-PAR-0244,transporte,parada_autobus,Los Navegantes V,"Parada de autobús: Los Navegantes V (La Línea de la Concepción). WGS84: 36.161536, -5.353706.",Red de Consorcios de Transporte de Andalucía (GTFS),https://api.ctan.es/v1/datos/UNIFICADO/gtfs.zip,alta,Cádiz,La Línea de la Concepción,36.161536,-5.353706,2026-08-28
TRANS-PAR-0245,transporte,parada_autobus,Los Pastores,"Parada de autobús: Los Pastores (Algeciras). WGS84: 36.110869, -5.457825.",Red de Consorcios de Transporte de Andalucía (GTFS),https://api.ctan.es/v1/datos/UNIFICADO/gtfs.zip,alta,Cádiz,Algeciras,36.110869,-5.457825,2026-08-28
TRANS-PAR-0246,transporte,parada_autobus,Los Pastores V,"Parada de autobús: Los Pastores V (Algeciras). WGS84: 36.110806, -5.457646.",Red de Consorcios de Transporte de Andalucía (GTFS),https://api.ctan.es/v1/datos/UNIFICADO/gtfs.zip,alta,Cádiz,Algeciras,36.110806,-5.457646,2026-08-28
TRANS-PAR-0247,transporte,parada_autobus,Los Toruños,"Parada de autobús: Los Toruños (El Puerto de Santa María). WGS84: 36.579234, -6.214029.",Red de Consorcios de Transporte de Andalucía (GTFS),https://api.ctan.es/v1/datos/UNIFICADO/gtfs.zip,alta,Cádiz,El Puerto de Santa María,36.579234,-6.214029,2026-08-28
TRANS-PAR-0248,transporte,parada_autobus,Los Toruños V,"Parada de autobús: Los Toruños V (El Puerto de Santa María). WGS84: 36.579645, -6.214024.",Red de Consorcios de Transporte de Andalucía (GTFS),https://api.ctan.es/v1/datos/UNIFICADO/gtfs.zip,alta,Cádiz,El Puerto de Santa María,36.579645,-6.214024,2026-08-28
TRANS-PAR-0249,transporte,parada_autobus,Mancomunidad,"Parada de autobús: Mancomunidad (Los Barrios). WGS84: 36.191973, -5.433989.",Red de Consorcios de Transporte de Andalucía (GTFS),https://api.ctan.es/v1/datos/UNIFICADO/gtfs.zip,alta,Cádiz,Los Barrios,36.191973,-5.433989,2026-08-28
TRANS-PAR-0250,transporte,parada_autobus,Manuel Aragón,"Parada de autobús: Manuel Aragón (Chiclana de la Frontera). WGS84: 36.451805, -6.118891.",Red de Consorcios de Transporte de Andalucía (GTFS),https://api.ctan.es/v1/datos/UNIFICADO/gtfs.zip,alta,Cádiz,Chiclana de la Frontera,36.451805,-6.118891,2026-08-28
TRANS-PAR-0251,transporte,parada_autobus,Manuel Aragón V,"Parada de autobús: Manuel Aragón V (Chiclana de la Frontera). WGS84: 36.452707, -6.1191.",Red de Consorcios de Transporte de Andalucía (GTFS),https://api.ctan.es/v1/datos/UNIFICADO/gtfs.zip,alta,Cádiz,Chiclana de la Frontera,36.452707,-6.1191,2026-08-28
TRANS-PAR-0252,transporte,parada_autobus,Manuel De Falla,"Parada de autobús: Manuel De Falla (San Fernando). WGS84: 36.457785, -6.198996.",Red de Consorcios de Transporte de Andalucía (GTFS),https://api.ctan.es/v1/datos/UNIFICADO/gtfs.zip,alta,Cádiz,San Fernando,36.457785,-6.198996,2026-08-28
TRANS-PAR-0253,transporte,parada_autobus,Manuel De Falla V,"Parada de autobús: Manuel De Falla V (San Fernando). WGS84: 36.457479, -6.19901.",Red de Consorcios de Transporte de Andalucía (GTFS),https://api.ctan.es/v1/datos/UNIFICADO/gtfs.zip,alta,Cádiz,San Fernando,36.457479,-6.19901,2026-08-28
TRANS-PAR-0254,transporte,parada_autobus,Marina De La Bahía,"Parada de autobús: Marina De La Bahía (Puerto Real). WGS84: 36.530703, -6.199554.",Red de Consorcios de Transporte de Andalucía (GTFS),https://api.ctan.es/v1/datos/UNIFICADO/gtfs.zip,alta,Cádiz,Puerto Real,36.530703,-6.199554,2026-08-28
TRANS-PAR-0255,transporte,parada_autobus,Marina De La Bahía V,"Parada de autobús: Marina De La Bahía V (Puerto Real). WGS84: 36.530667, -6.199933.",Red de Consorcios de Transporte de Andalucía (GTFS),https://api.ctan.es/v1/datos/UNIFICADO/gtfs.zip,alta,Cádiz,Puerto Real,36.530667,-6.199933,2026-08-28
TRANS-PAR-0256,transporte,parada_autobus,Matadero,"Parada de autobús: Matadero (Puerto Real). WGS84: 36.480557, -6.11695.",Red de Consorcios de Transporte de Andalucía (GTFS),https://api.ctan.es/v1/datos/UNIFICADO/gtfs.zip,alta,Cádiz,Puerto Real,36.480557,-6.11695,2026-08-28
TRANS-PAR-0257,transporte,parada_autobus,Matadero V,"Parada de autobús: Matadero V (Puerto Real). WGS84: 36.480496, -6.117084.",Red de Consorcios de Transporte de Andalucía (GTFS),https://api.ctan.es/v1/datos/UNIFICADO/gtfs.zip,alta,Cádiz,Puerto Real,36.480496,-6.117084,2026-08-28
TRANS-PAR-0258,transporte,parada_autobus,Mirador De Tarifa,"Parada de autobús: Mirador De Tarifa. WGS84: 36.054216, -5.550299.",Red de Consorcios de Transporte de Andalucía (GTFS),https://api.ctan.es/v1/datos/UNIFICADO/gtfs.zip,alta,Cádiz,Tarifa,36.054216,-5.550299,2026-08-28
TRANS-PAR-0259,transporte,parada_autobus,Miraflores,"Parada de autobús: Miraflores (San Roque). WGS84: 36.206655, -5.41479.",Red de Consorcios de Transporte de Andalucía (GTFS),https://api.ctan.es/v1/datos/UNIFICADO/gtfs.zip,alta,Cádiz,San Roque,36.206655,-5.41479,2026-08-28
TRANS-PAR-0260,transporte,parada_autobus,Miraflores V,"Parada de autobús: Miraflores V (San Roque). WGS84: 36.205656, -5.413344.",Red de Consorcios de Transporte de Andalucía (GTFS),https://api.ctan.es/v1/datos/UNIFICADO/gtfs.zip,alta,Cádiz,San Roque,36.205656,-5.413344,2026-08-28
TRANS-PAR-0261,transporte,parada_autobus,Mirlo,"Parada de autobús: Mirlo (Puerto Real). WGS84: 36.476511, -6.11725.",Red de Consorcios de Transporte de Andalucía (GTFS),https://api.ctan.es/v1/datos/UNIFICADO/gtfs.zip,alta,Cádiz,Puerto Real,36.476511,-6.11725,2026-08-28
TRANS-PAR-0262,transporte,parada_autobus,Mirlo V,"Parada de autobús: Mirlo V (Puerto Real). WGS84: 36.476513, -6.117374.",Red de Consorcios de Transporte de Andalucía (GTFS),https://api.ctan.es/v1/datos/UNIFICADO/gtfs.zip,alta,Cádiz,Puerto Real,36.476513,-6.117374,2026-08-28
TRANS-PAR-0263,transporte,parada_autobus,Mondéjar,"Parada de autobús: Mondéjar (La Línea de la Concepción). WGS84: 36.163747, -5.359064.",Red de Consorcios de Transporte de Andalucía (GTFS),https://api.ctan.es/v1/datos/UNIFICADO/gtfs.zip,alta,Cádiz,La Línea de la Concepción,36.163747,-5.359064,2026-08-28
TRANS-PAR-0264,transporte,parada_autobus,Mondéjar V,"Parada de autobús: Mondéjar V (La Línea de la Concepción). WGS84: 36.165094, -5.3606.",Red de Consorcios de Transporte de Andalucía (GTFS),https://api.ctan.es/v1/datos/UNIFICADO/gtfs.zip,alta,Cádiz,La Línea de la Concepción,36.165094,-5.3606,2026-08-28
TRANS-PAR-0265,transporte,parada_autobus,Montilla,"Parada de autobús: Montilla (San Roque). WGS84: 36.296472, -5.281328.",Red de Consorcios de Transporte de Andalucía (GTFS),https://api.ctan.es/v1/datos/UNIFICADO/gtfs.zip,alta,Cádiz,San Roque,36.296472,-5.281328,2026-08-28
TRANS-PAR-0266,transporte,parada_autobus,Montilla V,"Parada de autobús: Montilla V (San Roque). WGS84: 36.296986, -5.282239.",Red de Consorcios de Transporte de Andalucía (GTFS),https://api.ctan.es/v1/datos/UNIFICADO/gtfs.zip,alta,Cádiz,San Roque,36.296986,-5.282239,2026-08-28
TRANS-PAR-0267,transporte,parada_autobus,Oficina Información Turística,"Parada de autobús: Oficina Información Turística (Los Barrios). WGS84: 36.181206, -5.487544.",Red de Consorcios de Transporte de Andalucía (GTFS),https://api.ctan.es/v1/datos/UNIFICADO/gtfs.zip,alta,Cádiz,Los Barrios,36.181206,-5.487544,2026-08-28
TRANS-PAR-0268,transporte,parada_autobus,Oficina Información Turística V,"Parada de autobús: Oficina Información Turística V (Los Barrios). WGS84: 36.181461, -5.487475.",Red de Consorcios de Transporte de Andalucía (GTFS),https://api.ctan.es/v1/datos/UNIFICADO/gtfs.zip,alta,Cádiz,Los Barrios,36.181461,-5.487475,2026-08-28
TRANS-PAR-0269,transporte,parada_autobus,Parque Almirante Laulhé,"Parada de autobús: Parque Almirante Laulhé (San Fernando). WGS84: 36.466547, -6.202521.",Red de Consorcios de Transporte de Andalucía (GTFS),https://api.ctan.es/v1/datos/UNIFICADO/gtfs.zip,alta,Cádiz,San Fernando,36.466547,-6.202521,2026-08-28
TRANS-PAR-0270,transporte,parada_autobus,Parque Almirante Laulhé V,"Parada de autobús: Parque Almirante Laulhé V (San Fernando). WGS84: 36.464473, -6.201655.",Red de Consorcios de Transporte de Andalucía (GTFS),https://api.ctan.es/v1/datos/UNIFICADO/gtfs.zip,alta,Cádiz,San Fernando,36.464473,-6.201655,2026-08-28
TRANS-PAR-0271,transporte,parada_autobus,Parque Vino Fino,"Parada de autobús: Parque Vino Fino (El Puerto de Santa María). WGS84: 36.607108, -6.221217.",Red de Consorcios de Transporte de Andalucía (GTFS),https://api.ctan.es/v1/datos/UNIFICADO/gtfs.zip,alta,Cádiz,El Puerto de Santa María,36.607108,-6.221217,2026-08-28
TRANS-PAR-0272,transporte,parada_autobus,Parque Vino Fino V,"Parada de autobús: Parque Vino Fino V (El Puerto de Santa María). WGS84: 36.607183, -6.219736.",Red de Consorcios de Transporte de Andalucía (GTFS),https://api.ctan.es/v1/datos/UNIFICADO/gtfs.zip,alta,Cádiz,El Puerto de Santa María,36.607183,-6.219736,2026-08-28
TRANS-PAR-0273,transporte,parada_autobus,Pelayo,"Parada de autobús: Pelayo (Algeciras). WGS84: 36.083812, -5.497551.",Red de Consorcios de Transporte de Andalucía (GTFS),https://api.ctan.es/v1/datos/UNIFICADO/gtfs.zip,alta,Cádiz,Algeciras,36.083812,-5.497551,2026-08-28
TRANS-PAR-0274,transporte,parada_autobus,Pelayo V,"Parada de autobús: Pelayo V (Algeciras). WGS84: 36.083754, -5.497088.",Red de Consorcios de Transporte de Andalucía (GTFS),https://api.ctan.es/v1/datos/UNIFICADO/gtfs.zip,alta,Cádiz,Algeciras,36.083754,-5.497088,2026-08-28
TRANS-PAR-0275,transporte,parada_autobus,Pinar De Los Franceses,"Parada de autobús: Pinar De Los Franceses (Chiclana de la Frontera). WGS84: 36.440655, -6.143927.",Red de Consorcios de Transporte de Andalucía (GTFS),https://api.ctan.es/v1/datos/UNIFICADO/gtfs.zip,alta,Cádiz,Chiclana de la Frontera,36.440655,-6.143927,2026-08-28
TRANS-PAR-0276,transporte,parada_autobus,Pinar De Los Franceses V,"Parada de autobús: Pinar De Los Franceses V (Chiclana de la Frontera). WGS84: 36.441012, -6.14423.",Red de Consorcios de Transporte de Andalucía (GTFS),https://api.ctan.es/v1/datos/UNIFICADO/gtfs.zip,alta,Cádiz,Chiclana de la Frontera,36.441012,-6.14423,2026-08-28
TRANS-PAR-0277,transporte,parada_autobus,Plaza Andalucia,"Parada de autobús: Plaza Andalucia (Algeciras). WGS84: 36.133319, -5.452383.",Red de Consorcios de Transporte de Andalucía (GTFS),https://api.ctan.es/v1/datos/UNIFICADO/gtfs.zip,alta,Cádiz,Algeciras,36.133319,-5.452383,2026-08-28
TRANS-PAR-0278,transporte,parada_autobus,Plaza Andalucía V,"Parada de autobús: Plaza Andalucía V (Algeciras). WGS84: 36.13432, -5.45292.",Red de Consorcios de Transporte de Andalucía (GTFS),https://api.ctan.es/v1/datos/UNIFICADO/gtfs.zip,alta,Cádiz,Algeciras,36.13432,-5.45292,2026-08-28
TRANS-PAR-0279,transporte,parada_autobus,Plaza Asdrúbal,"Parada de autobús: Plaza Asdrúbal (Cádiz). WGS84: 36.517493, -6.283438.",Red de Consorcios de Transporte de Andalucía (GTFS),https://api.ctan.es/v1/datos/UNIFICADO/gtfs.zip,alta,Cádiz,Cádiz,36.517493,-6.283438,2026-08-28
TRANS-PAR-0280,transporte,parada_autobus,Plaza Asdrúbal,"Parada de autobús: Plaza Asdrúbal (Cádiz). WGS84: 36.518333, -6.283854.",Red de Consorcios de Transporte de Andalucía (GTFS),https://api.ctan.es/v1/datos/UNIFICADO/gtfs.zip,alta,Cádiz,Cádiz,36.518333,-6.283854,2026-08-28
TRANS-PAR-0281,transporte,parada_autobus,Plaza Asdrúbal V,"Parada de autobús: Plaza Asdrúbal V (Cádiz). WGS84: 36.517771, -6.283383.",Red de Consorcios de Transporte de Andalucía (GTFS),https://api.ctan.es/v1/datos/UNIFICADO/gtfs.zip,alta,Cádiz,Cádiz,36.517771,-6.283383,2026-08-28
TRANS-PAR-0282,transporte,parada_autobus,Plaza De España,"Parada de autobús: Plaza De España (Cádiz). WGS84: 36.533247, -6.293277.",Red de Consorcios de Transporte de Andalucía (GTFS),https://api.ctan.es/v1/datos/UNIFICADO/gtfs.zip,alta,Cádiz,Cádiz,36.533247,-6.293277,2026-08-28
TRANS-PAR-0283,transporte,parada_autobus,Plaza De España V,"Parada de autobús: Plaza De España V (Cádiz). WGS84: 36.534726, -6.291927.",Red de Consorcios de Transporte de Andalucía (GTFS),https://api.ctan.es/v1/datos/UNIFICADO/gtfs.zip,alta,Cádiz,Cádiz,36.534726,-6.291927,2026-08-28
TRANS-PAR-0284,transporte,parada_autobus,Plaza De España V,"Parada de autobús: Plaza De España V (Cádiz). WGS84: 36.534507, -6.292212.",Red de Consorcios de Transporte de Andalucía (GTFS),https://api.ctan.es/v1/datos/UNIFICADO/gtfs.zip,alta,Cádiz,Cádiz,36.534507,-6.292212,2026-08-28
TRANS-PAR-0285,transporte,parada_autobus,Plaza De Juan Vargas V,"Parada de autobús: Plaza De Juan Vargas V (San Fernando). WGS84: 36.466743, -6.190607.",Red de Consorcios de Transporte de Andalucía (GTFS),https://api.ctan.es/v1/datos/UNIFICADO/gtfs.zip,alta,Cádiz,San Fernando,36.466743,-6.190607,2026-08-28
TRANS-PAR-0286,transporte,parada_autobus,Plaza De Las Marinas,"Parada de autobús: Plaza De Las Marinas (Jerez de la Frontera). WGS84: 36.697741, -6.137006.",Red de Consorcios de Transporte de Andalucía (GTFS),https://api.ctan.es/v1/datos/UNIFICADO/gtfs.zip,alta,Cádiz,Jerez de la Frontera,36.697741,-6.137006,2026-08-28
TRANS-PAR-0287,transporte,parada_autobus,Plaza De Las Marinas V,"Parada de autobús: Plaza De Las Marinas V (Jerez de la Frontera). WGS84: 36.697483, -6.136633.",Red de Consorcios de Transporte de Andalucía (GTFS),https://api.ctan.es/v1/datos/UNIFICADO/gtfs.zip,alta,Cádiz,Jerez de la Frontera,36.697483,-6.136633,2026-08-28
TRANS-PAR-0288,transporte,parada_autobus,Plaza De Sevilla,"Parada de autobús: Plaza De Sevilla (Cádiz). WGS84: 36.53014, -6.288935.",Red de Consorcios de Transporte de Andalucía (GTFS),https://api.ctan.es/v1/datos/UNIFICADO/gtfs.zip,alta,Cádiz,Cádiz,36.53014,-6.288935,2026-08-28
TRANS-PAR-0289,transporte,parada_autobus,Plaza De Sevilla V,"Parada de autobús: Plaza De Sevilla V (Cádiz). WGS84: 36.529921, -6.289133.",Red de Consorcios de Transporte de Andalucía (GTFS),https://api.ctan.es/v1/datos/UNIFICADO/gtfs.zip,alta,Cádiz,Cádiz,36.529921,-6.289133,2026-08-28
TRANS-PAR-0290,transporte,parada_autobus,Plaza De Toros,"Parada de autobús: Plaza De Toros (El Puerto de Santa María). WGS84: 36.597182, -6.232289.",Red de Consorcios de Transporte de Andalucía (GTFS),https://api.ctan.es/v1/datos/UNIFICADO/gtfs.zip,alta,Cádiz,El Puerto de Santa María,36.597182,-6.232289,2026-08-28
TRANS-PAR-0291,transporte,parada_autobus,Plaza Del Caballo,"Parada de autobús: Plaza Del Caballo (Jerez de la Frontera). WGS84: 36.693608, -6.129309.",Red de Consorcios de Transporte de Andalucía (GTFS),https://api.ctan.es/v1/datos/UNIFICADO/gtfs.zip,alta,Cádiz,Jerez de la Frontera,36.693608,-6.129309,2026-08-28
TRANS-PAR-0292,transporte,parada_autobus,Plaza Del Caballo V,"Parada de autobús: Plaza Del Caballo V (Jerez de la Frontera). WGS84: 36.693656, -6.130328.",Red de Consorcios de Transporte de Andalucía (GTFS),https://api.ctan.es/v1/datos/UNIFICADO/gtfs.zip,alta,Cádiz,Jerez de la Frontera,36.693656,-6.130328,2026-08-28
TRANS-PAR-0293,transporte,parada_autobus,Plaza Del Castillo,"Parada de autobús: Plaza Del Castillo (San Fernando). WGS84: 36.46784, -6.190936.",Red de Consorcios de Transporte de Andalucía (GTFS),https://api.ctan.es/v1/datos/UNIFICADO/gtfs.zip,alta,Cádiz,San Fernando,36.46784,-6.190936,2026-08-28
TRANS-PAR-0294,transporte,parada_autobus,Plaza Iglesia,"Parada de autobús: Plaza Iglesia (Puerto Real). WGS84: 36.528436, -6.189262.",Red de Consorcios de Transporte de Andalucía (GTFS),https://api.ctan.es/v1/datos/UNIFICADO/gtfs.zip,alta,Cádiz,Puerto Real,36.528436,-6.189262,2026-08-28
TRANS-PAR-0295,transporte,parada_autobus,Pocito Blanco,"Parada de autobús: Pocito Blanco (Conil de la Frontera). WGS84: 36.287345, -6.079432.",Red de Consorcios de Transporte de Andalucía (GTFS),https://api.ctan.es/v1/datos/UNIFICADO/gtfs.zip,alta,Cádiz,Conil de la Frontera,36.287345,-6.079432,2026-08-28
TRANS-PAR-0296,transporte,parada_autobus,Pocito Blanco V,"Parada de autobús: Pocito Blanco V (Conil de la Frontera). WGS84: 36.285625, -6.080686.",Red de Consorcios de Transporte de Andalucía (GTFS),https://api.ctan.es/v1/datos/UNIFICADO/gtfs.zip,alta,Cádiz,Conil de la Frontera,36.285625,-6.080686,2026-08-28
TRANS-PAR-0297,transporte,parada_autobus,Polideportivo,"Parada de autobús: Polideportivo (San Roque). WGS84: 36.208622, -5.386686.",Red de Consorcios de Transporte de Andalucía (GTFS),https://api.ctan.es/v1/datos/UNIFICADO/gtfs.zip,alta,Cádiz,San Roque,36.208622,-5.386686,2026-08-28
TRANS-PAR-0298,transporte,parada_autobus,Ponce De León,"Parada de autobús: Ponce De León (San Fernando). WGS84: 36.456153, -6.210424.",Red de Consorcios de Transporte de Andalucía (GTFS),https://api.ctan.es/v1/datos/UNIFICADO/gtfs.zip,alta,Cádiz,San Fernando,36.456153,-6.210424,2026-08-28
TRANS-PAR-0299,transporte,parada_autobus,Ponce De León V,"Parada de autobús: Ponce De León V (San Fernando). WGS84: 36.456289, -6.210236.",Red de Consorcios de Transporte de Andalucía (GTFS),https://api.ctan.es/v1/datos/UNIFICADO/gtfs.zip,alta,Cádiz,San Fernando,36.456289,-6.210236,2026-08-28
TRANS-PAR-0300,transporte,parada_autobus,Pueblo Nuevo Guadiaro,"Parada de autobús: Pueblo Nuevo Guadiaro (San Roque). WGS84: 36.292278, -5.304306.",Red de Consorcios de Transporte de Andalucía (GTFS),https://api.ctan.es/v1/datos/UNIFICADO/gtfs.zip,alta,Cádiz,San Roque,36.292278,-5.304306,2026-08-28
TRANS-PAR-0301,transporte,parada_autobus,Pueblo Nuevo Guadiaro V,"Parada de autobús: Pueblo Nuevo Guadiaro V (San Roque). WGS84: 36.292367, -5.304089.",Red de Consorcios de Transporte de Andalucía (GTFS),https://api.ctan.es/v1/datos/UNIFICADO/gtfs.zip,alta,Cádiz,San Roque,36.292367,-5.304089,2026-08-28
TRANS-PAR-0302,transporte,parada_autobus,Puente Mayorga,"Parada de autobús: Puente Mayorga (San Roque). WGS84: 36.181194, -5.382839.",Red de Consorcios de Transporte de Andalucía (GTFS),https://api.ctan.es/v1/datos/UNIFICADO/gtfs.zip,alta,Cádiz,San Roque,36.181194,-5.382839,2026-08-28
TRANS-PAR-0303,transporte,parada_autobus,Puente Romano I,"Parada de autobús: Puente Romano I (Los Barrios). WGS84: 36.174889, -5.459508.",Red de Consorcios de Transporte de Andalucía (GTFS),https://api.ctan.es/v1/datos/UNIFICADO/gtfs.zip,alta,Cádiz,Los Barrios,36.174889,-5.459508,2026-08-28
TRANS-PAR-0304,transporte,parada_autobus,Puente Romano I V,"Parada de autobús: Puente Romano I V (Los Barrios). WGS84: 36.175036, -5.459603.",Red de Consorcios de Transporte de Andalucía (GTFS),https://api.ctan.es/v1/datos/UNIFICADO/gtfs.zip,alta,Cádiz,Los Barrios,36.175036,-5.459603,2026-08-28
TRANS-PAR-0305,transporte,parada_autobus,Puente Romano Ii,"Parada de autobús: Puente Romano Ii (Los Barrios). WGS84: 36.178697, -5.457758.",Red de Consorcios de Transporte de Andalucía (GTFS),https://api.ctan.es/v1/datos/UNIFICADO/gtfs.zip,alta,Cádiz,Los Barrios,36.178697,-5.457758,2026-08-28
TRANS-PAR-0306,transporte,parada_autobus,Puente Romano Ii V,"Parada de autobús: Puente Romano Ii V (Los Barrios). WGS84: 36.180492, -5.456161.",Red de Consorcios de Transporte de Andalucía (GTFS),https://api.ctan.es/v1/datos/UNIFICADO/gtfs.zip,alta,Cádiz,Los Barrios,36.180492,-5.456161,2026-08-28
TRANS-PAR-0307,transporte,parada_autobus,Puerta Tierra,"Parada de autobús: Puerta Tierra (Cádiz). WGS84: 36.52606, -6.289209.",Red de Consorcios de Transporte de Andalucía (GTFS),https://api.ctan.es/v1/datos/UNIFICADO/gtfs.zip,alta,Cádiz,Cádiz,36.52606,-6.289209,2026-08-28
TRANS-PAR-0308,transporte,parada_autobus,Recinto Ferial,"Parada de autobús: Recinto Ferial (El Puerto de Santa María). WGS84: 36.613758, -6.241361.",Red de Consorcios de Transporte de Andalucía (GTFS),https://api.ctan.es/v1/datos/UNIFICADO/gtfs.zip,alta,Cádiz,El Puerto de Santa María,36.613758,-6.241361,2026-08-28
TRANS-PAR-0309,transporte,parada_autobus,Reyes Católicos,"Parada de autobús: Reyes Católicos (San Fernando). WGS84: 36.468282, -6.200212.",Red de Consorcios de Transporte de Andalucía (GTFS),https://api.ctan.es/v1/datos/UNIFICADO/gtfs.zip,alta,Cádiz,San Fernando,36.468282,-6.200212,2026-08-28
TRANS-PAR-0310,transporte,parada_autobus,Reyes Católicos V,"Parada de autobús: Reyes Católicos V (San Fernando). WGS84: 36.469463, -6.198962.",Red de Consorcios de Transporte de Andalucía (GTFS),https://api.ctan.es/v1/datos/UNIFICADO/gtfs.zip,alta,Cádiz,San Fernando,36.469463,-6.198962,2026-08-28
TRANS-PAR-0311,transporte,parada_autobus,Ronda Del Estero,"Parada de autobús: Ronda Del Estero (San Fernando). WGS84: 36.451748, -6.20576.",Red de Consorcios de Transporte de Andalucía (GTFS),https://api.ctan.es/v1/datos/UNIFICADO/gtfs.zip,alta,Cádiz,San Fernando,36.451748,-6.20576,2026-08-28
TRANS-PAR-0312,transporte,parada_autobus,Ronda Del Estero V,"Parada de autobús: Ronda Del Estero V (San Fernando). WGS84: 36.451438, -6.205556.",Red de Consorcios de Transporte de Andalucía (GTFS),https://api.ctan.es/v1/datos/UNIFICADO/gtfs.zip,alta,Cádiz,San Fernando,36.451438,-6.205556,2026-08-28
TRANS-PAR-0313,transporte,parada_autobus,Rotonda Del Toro,"Parada de autobús: Rotonda Del Toro (Los Barrios). WGS84: 36.181829, -5.489149.",Red de Consorcios de Transporte de Andalucía (GTFS),https://api.ctan.es/v1/datos/UNIFICADO/gtfs.zip,alta,Cádiz,Los Barrios,36.181829,-5.489149,2026-08-28
TRANS-PAR-0314,transporte,parada_autobus,Rotonda Del Toro V,"Parada de autobús: Rotonda Del Toro V (Los Barrios). WGS84: 36.181878, -5.489097.",Red de Consorcios de Transporte de Andalucía (GTFS),https://api.ctan.es/v1/datos/UNIFICADO/gtfs.zip,alta,Cádiz,Los Barrios,36.181878,-5.489097,2026-08-28
TRANS-PAR-0315,transporte,parada_autobus,Ruiz Marcet,"Parada de autobús: Ruiz Marcet (San Fernando). WGS84: 36.470558, -6.198037.",Red de Consorcios de Transporte de Andalucía (GTFS),https://api.ctan.es/v1/datos/UNIFICADO/gtfs.zip,alta,Cádiz,San Fernando,36.470558,-6.198037,2026-08-28
TRANS-PAR-0316,transporte,parada_autobus,Ruiz Marcet V,"Parada de autobús: Ruiz Marcet V (San Fernando). WGS84: 36.470804, -6.197587.",Red de Consorcios de Transporte de Andalucía (GTFS),https://api.ctan.es/v1/datos/UNIFICADO/gtfs.zip,alta,Cádiz,San Fernando,36.470804,-6.197587,2026-08-28
TRANS-PAR-0317,transporte,parada_autobus,Río Iro,"Parada de autobús: Río Iro (Chiclana de la Frontera). WGS84: 36.422849, -6.149012.",Red de Consorcios de Transporte de Andalucía (GTFS),https://api.ctan.es/v1/datos/UNIFICADO/gtfs.zip,alta,Cádiz,Chiclana de la Frontera,36.422849,-6.149012,2026-08-28
TRANS-PAR-0318,transporte,parada_autobus,San Andrés Golf,"Parada de autobús: San Andrés Golf (Chiclana de la Frontera). WGS84: 36.35478, -6.105598.",Red de Consorcios de Transporte de Andalucía (GTFS),https://api.ctan.es/v1/datos/UNIFICADO/gtfs.zip,alta,Cádiz,Chiclana de la Frontera,36.35478,-6.105598,2026-08-28
TRANS-PAR-0319,transporte,parada_autobus,San Enrique,"Parada de autobús: San Enrique (San Roque). WGS84: 36.304094, -5.292422.",Red de Consorcios de Transporte de Andalucía (GTFS),https://api.ctan.es/v1/datos/UNIFICADO/gtfs.zip,alta,Cádiz,San Roque,36.304094,-5.292422,2026-08-28
TRANS-PAR-0320,transporte,parada_autobus,San Enrique V,"Parada de autobús: San Enrique V (San Roque). WGS84: 36.304139, -5.292292.",Red de Consorcios de Transporte de Andalucía (GTFS),https://api.ctan.es/v1/datos/UNIFICADO/gtfs.zip,alta,Cádiz,San Roque,36.304139,-5.292292,2026-08-28
TRANS-PAR-0321,transporte,parada_autobus,San Marcos,"Parada de autobús: San Marcos (San Fernando). WGS84: 36.461352, -6.196463.",Red de Consorcios de Transporte de Andalucía (GTFS),https://api.ctan.es/v1/datos/UNIFICADO/gtfs.zip,alta,Cádiz,San Fernando,36.461352,-6.196463,2026-08-28
TRANS-PAR-0322,transporte,parada_autobus,San Marcos V,"Parada de autobús: San Marcos V (San Fernando). WGS84: 36.460923, -6.196589.",Red de Consorcios de Transporte de Andalucía (GTFS),https://api.ctan.es/v1/datos/UNIFICADO/gtfs.zip,alta,Cádiz,San Fernando,36.460923,-6.196589,2026-08-28
TRANS-PAR-0323,transporte,parada_autobus,San Onofre,"Parada de autobús: San Onofre (San Fernando). WGS84: 36.455527, -6.201299.",Red de Consorcios de Transporte de Andalucía (GTFS),https://api.ctan.es/v1/datos/UNIFICADO/gtfs.zip,alta,Cádiz,San Fernando,36.455527,-6.201299,2026-08-28
TRANS-PAR-0324,transporte,parada_autobus,San Onofre V,"Parada de autobús: San Onofre V (San Fernando). WGS84: 36.454873, -6.201372.",Red de Consorcios de Transporte de Andalucía (GTFS),https://api.ctan.es/v1/datos/UNIFICADO/gtfs.zip,alta,Cádiz,San Fernando,36.454873,-6.201372,2026-08-28
TRANS-PAR-0325,transporte,parada_autobus,San Pablo,"Parada de autobús: San Pablo (Jimena de la Frontera). WGS84: 36.469331, -5.412539.",Red de Consorcios de Transporte de Andalucía (GTFS),https://api.ctan.es/v1/datos/UNIFICADO/gtfs.zip,alta,Cádiz,Jimena de la Frontera,36.469331,-5.412539,2026-08-28
TRANS-PAR-0326,transporte,parada_autobus,San Roque Club,"Parada de autobús: San Roque Club. WGS84: 36.259503, -5.333808.",Red de Consorcios de Transporte de Andalucía (GTFS),https://api.ctan.es/v1/datos/UNIFICADO/gtfs.zip,alta,Cádiz,San Roque,36.259503,-5.333808,2026-08-28
TRANS-PAR-0327,transporte,parada_autobus,San Roque Club V,"Parada de autobús: San Roque Club V. WGS84: 36.259883, -5.33245.",Red de Consorcios de Transporte de Andalucía (GTFS),https://api.ctan.es/v1/datos/UNIFICADO/gtfs.zip,alta,Cádiz,San Roque,36.259883,-5.33245,2026-08-28
TRANS-PAR-0328,transporte,parada_autobus,Secadero,"Parada de autobús: Secadero. WGS84: 36.336161, -5.314303.",Red de Consorcios de Transporte de Andalucía (GTFS),https://api.ctan.es/v1/datos/UNIFICADO/gtfs.zip,alta,Cádiz,,36.336161,-5.314303,2026-08-28
TRANS-PAR-0329,transporte,parada_autobus,Secadero V,"Parada de autobús: Secadero V. WGS84: 36.3362, -5.31415.",Red de Consorcios de Transporte de Andalucía (GTFS),https://api.ctan.es/v1/datos/UNIFICADO/gtfs.zip,alta,Cádiz,,36.3362,-5.31415,2026-08-28
TRANS-PAR-0330,transporte,parada_autobus,Sotogrande Alto,"Parada de autobús: Sotogrande Alto (San Roque). WGS84: 36.278708, -5.314022.",Red de Consorcios de Transporte de Andalucía (GTFS),https://api.ctan.es/v1/datos/UNIFICADO/gtfs.zip,alta,Cádiz,San Roque,36.278708,-5.314022,2026-08-28
TRANS-PAR-0331,transporte,parada_autobus,Sotogrande Alto V,"Parada de autobús: Sotogrande Alto V (San Roque). WGS84: 36.278856, -5.314136.",Red de Consorcios de Transporte de Andalucía (GTFS),https://api.ctan.es/v1/datos/UNIFICADO/gtfs.zip,alta,Cádiz,San Roque,36.278856,-5.314136,2026-08-28
TRANS-PAR-0332,transporte,parada_autobus,Tahivilla,"Parada de autobús: Tahivilla (Tarifa). WGS84: 36.184092, -5.756842.",Red de Consorcios de Transporte de Andalucía (GTFS),https://api.ctan.es/v1/datos/UNIFICADO/gtfs.zip,alta,Cádiz,Tarifa,36.184092,-5.756842,2026-08-28
TRANS-PAR-0333,transporte,parada_autobus,Telegrafía Sin Hilos,"Parada de autobús: Telegrafía Sin Hilos (Cádiz). WGS84: 36.500057, -6.273421.",Red de Consorcios de Transporte de Andalucía (GTFS),https://api.ctan.es/v1/datos/UNIFICADO/gtfs.zip,alta,Cádiz,Cádiz,36.500057,-6.273421,2026-08-28
TRANS-PAR-0334,transporte,parada_autobus,Telegrafía Sin Hilos V,"Parada de autobús: Telegrafía Sin Hilos V (Cádiz). WGS84: 36.500278, -6.273316.",Red de Consorcios de Transporte de Andalucía (GTFS),https://api.ctan.es/v1/datos/UNIFICADO/gtfs.zip,alta,Cádiz,Cádiz,36.500278,-6.273316,2026-08-28
TRANS-PAR-0335,transporte,parada_autobus,Terminal Bus Urbano,"Parada de autobús: Terminal Bus Urbano (Algeciras). WGS84: 36.128969, -5.444611.",Red de Consorcios de Transporte de Andalucía (GTFS),https://api.ctan.es/v1/datos/UNIFICADO/gtfs.zip,alta,Cádiz,Algeciras,36.128969,-5.444611,2026-08-28
TRANS-PAR-0336,transporte,parada_autobus,Terminal Bus Urbano V,"Parada de autobús: Terminal Bus Urbano V (Algeciras). WGS84: 36.128759, -5.444321.",Red de Consorcios de Transporte de Andalucía (GTFS),https://api.ctan.es/v1/datos/UNIFICADO/gtfs.zip,alta,Cádiz,Algeciras,36.128759,-5.444321,2026-08-28
TRANS-PAR-0337,transporte,parada_autobus,Terminal Marítima Cádiz,"Parada de autobús: Terminal Marítima Cádiz. WGS84: 36.530915, -6.289546.",Red de Consorcios de Transporte de Andalucía (GTFS),https://api.ctan.es/v1/datos/UNIFICADO/gtfs.zip,alta,Cádiz,Cádiz,36.530915,-6.289546,2026-08-28
TRANS-PAR-0338,transporte,parada_autobus,Terminal Marítima El Puerto De Santa María,"Parada de autobús: Terminal Marítima El Puerto De Santa María (El Puerto de Santa María). WGS84: 36.593778, -6.226493.",Red de Consorcios de Transporte de Andalucía (GTFS),https://api.ctan.es/v1/datos/UNIFICADO/gtfs.zip,alta,Cádiz,El Puerto de Santa María,36.593778,-6.226493,2026-08-28
TRANS-PAR-0339,transporte,parada_autobus,Terminal Marítima Rota,"Parada de autobús: Terminal Marítima Rota. WGS84: 36.615357, -6.352778.",Red de Consorcios de Transporte de Andalucía (GTFS),https://api.ctan.es/v1/datos/UNIFICADO/gtfs.zip,alta,Cádiz,Rota,36.615357,-6.352778,2026-08-28
TRANS-PAR-0340,transporte,parada_autobus,Tesorillo,"Parada de autobús: Tesorillo (San Martín del Tesorillo). WGS84: 36.340067, -5.320072.",Red de Consorcios de Transporte de Andalucía (GTFS),https://api.ctan.es/v1/datos/UNIFICADO/gtfs.zip,alta,Cádiz,San Martín del Tesorillo,36.340067,-5.320072,2026-08-28
TRANS-PAR-0341,transporte,parada_autobus,Torreguadiaro,"Parada de autobús: Torreguadiaro (San Roque). WGS84: 36.300256, -5.269697.",Red de Consorcios de Transporte de Andalucía (GTFS),https://api.ctan.es/v1/datos/UNIFICADO/gtfs.zip,alta,Cádiz,San Roque,36.300256,-5.269697,2026-08-28
TRANS-PAR-0342,transporte,parada_autobus,Torreguadiaro V,"Parada de autobús: Torreguadiaro V (San Roque). WGS84: 36.300231, -5.270436.",Red de Consorcios de Transporte de Andalucía (GTFS),https://api.ctan.es/v1/datos/UNIFICADO/gtfs.zip,alta,Cádiz,San Roque,36.300231,-5.270436,2026-08-28
TRANS-PAR-0343,transporte,parada_autobus,Torres Blancas,"Parada de autobús: Torres Blancas (Jerez de la Frontera). WGS84: 36.687608, -6.113221.",Red de Consorcios de Transporte de Andalucía (GTFS),https://api.ctan.es/v1/datos/UNIFICADO/gtfs.zip,alta,Cádiz,Jerez de la Frontera,36.687608,-6.113221,2026-08-28
TRANS-PAR-0344,transporte,parada_autobus,Torres Blancas V,"Parada de autobús: Torres Blancas V (Jerez de la Frontera). WGS84: 36.687529, -6.112905.",Red de Consorcios de Transporte de Andalucía (GTFS),https://api.ctan.es/v1/datos/UNIFICADO/gtfs.zip,alta,Cádiz,Jerez de la Frontera,36.687529,-6.112905,2026-08-28
TRANS-PAR-0345,transporte,parada_autobus,Tres Caminos,"Parada de autobús: Tres Caminos (Puerto Real). WGS84: 36.469027, -6.173693.",Red de Consorcios de Transporte de Andalucía (GTFS),https://api.ctan.es/v1/datos/UNIFICADO/gtfs.zip,alta,Cádiz,Puerto Real,36.469027,-6.173693,2026-08-28
TRANS-PAR-0346,transporte,parada_autobus,Ugc Cine Cité,"Parada de autobús: Ugc Cine Cité (Los Barrios). WGS84: 36.190331, -5.431908.",Red de Consorcios de Transporte de Andalucía (GTFS),https://api.ctan.es/v1/datos/UNIFICADO/gtfs.zip,alta,Cádiz,Los Barrios,36.190331,-5.431908,2026-08-28
TRANS-PAR-0347,transporte,parada_autobus,Urb. Ciudad Jardín,"Parada de autobús: Urb. Ciudad Jardín (Los Barrios). WGS84: 36.184394, -5.443097.",Red de Consorcios de Transporte de Andalucía (GTFS),https://api.ctan.es/v1/datos/UNIFICADO/gtfs.zip,alta,Cádiz,Los Barrios,36.184394,-5.443097,2026-08-28
TRANS-PAR-0348,transporte,parada_autobus,Urb. Ciudad Jardín V,"Parada de autobús: Urb. Ciudad Jardín V (Los Barrios). WGS84: 36.184492, -5.443025.",Red de Consorcios de Transporte de Andalucía (GTFS),https://api.ctan.es/v1/datos/UNIFICADO/gtfs.zip,alta,Cádiz,Los Barrios,36.184492,-5.443025,2026-08-28
TRANS-PAR-0349,transporte,parada_autobus,Urb. Cortijo Grande,"Parada de autobús: Urb. Cortijo Grande (Los Barrios). WGS84: 36.178758, -5.483264.",Red de Consorcios de Transporte de Andalucía (GTFS),https://api.ctan.es/v1/datos/UNIFICADO/gtfs.zip,alta,Cádiz,Los Barrios,36.178758,-5.483264,2026-08-28
TRANS-PAR-0350,transporte,parada_autobus,Urb. Cortijo Grande V,"Parada de autobús: Urb. Cortijo Grande V (Los Barrios). WGS84: 36.178806, -5.482564.",Red de Consorcios de Transporte de Andalucía (GTFS),https://api.ctan.es/v1/datos/UNIFICADO/gtfs.zip,alta,Cádiz,Los Barrios,36.178806,-5.482564,2026-08-28
TRANS-PAR-0351,transporte,parada_autobus,Urb. Las Colinas,"Parada de autobús: Urb. Las Colinas (Algeciras). WGS84: 36.141963, -5.456474.",Red de Consorcios de Transporte de Andalucía (GTFS),https://api.ctan.es/v1/datos/UNIFICADO/gtfs.zip,alta,Cádiz,Algeciras,36.141963,-5.456474,2026-08-28
TRANS-PAR-0352,transporte,parada_autobus,Valdelagrana-Caballo Blanco,"Parada de autobús: Valdelagrana-Caballo Blanco (El Puerto de Santa María). WGS84: 36.583432, -6.217442.",Red de Consorcios de Transporte de Andalucía (GTFS),https://api.ctan.es/v1/datos/UNIFICADO/gtfs.zip,alta,Cádiz,El Puerto de Santa María,36.583432,-6.217442,2026-08-28
TRANS-PAR-0353,transporte,parada_autobus,Valdelagrana-Caballo Blanco V,"Parada de autobús: Valdelagrana-Caballo Blanco V (El Puerto de Santa María). WGS84: 36.58469, -6.218058.",Red de Consorcios de Transporte de Andalucía (GTFS),https://api.ctan.es/v1/datos/UNIFICADO/gtfs.zip,alta,Cádiz,El Puerto de Santa María,36.58469,-6.218058,2026-08-28
TRANS-PAR-0354,transporte,parada_autobus,Venta El Chirimono,"Parada de autobús: Venta El Chirimono (Puerto Real). WGS84: 36.471414, -6.118335.",Red de Consorcios de Transporte de Andalucía (GTFS),https://api.ctan.es/v1/datos/UNIFICADO/gtfs.zip,alta,Cádiz,Puerto Real,36.471414,-6.118335,2026-08-28
TRANS-PAR-0355,transporte,parada_autobus,Venta El Chirimono V,"Parada de autobús: Venta El Chirimono V (Puerto Real). WGS84: 36.471373, -6.118447.",Red de Consorcios de Transporte de Andalucía (GTFS),https://api.ctan.es/v1/datos/UNIFICADO/gtfs.zip,alta,Cádiz,Puerto Real,36.471373,-6.118447,2026-08-28
TRANS-PAR-0356,transporte,parada_autobus,Venta El Pino,"Parada de autobús: Venta El Pino (Chiclana de la Frontera). WGS84: 36.431565, -6.135204.",Red de Consorcios de Transporte de Andalucía (GTFS),https://api.ctan.es/v1/datos/UNIFICADO/gtfs.zip,alta,Cádiz,Chiclana de la Frontera,36.431565,-6.135204,2026-08-28
TRANS-PAR-0357,transporte,parada_autobus,Venta El Pino V,"Parada de autobús: Venta El Pino V (Chiclana de la Frontera). WGS84: 36.431615, -6.135438.",Red de Consorcios de Transporte de Andalucía (GTFS),https://api.ctan.es/v1/datos/UNIFICADO/gtfs.zip,alta,Cádiz,Chiclana de la Frontera,36.431615,-6.135438,2026-08-28
TRANS-PAR-0358,transporte,parada_autobus,Venta Marchenilla,"Parada de autobús: Venta Marchenilla (Jimena de la Frontera). WGS84: 36.385492, -5.429331.",Red de Consorcios de Transporte de Andalucía (GTFS),https://api.ctan.es/v1/datos/UNIFICADO/gtfs.zip,alta,Cádiz,Jimena de la Frontera,36.385492,-5.429331,2026-08-28
TRANS-PAR-0359,transporte,parada_autobus,Venta Paquete,"Parada de autobús: Venta Paquete (Puerto Real). WGS84: 36.496422, -6.139463.",Red de Consorcios de Transporte de Andalucía (GTFS),https://api.ctan.es/v1/datos/UNIFICADO/gtfs.zip,alta,Cádiz,Puerto Real,36.496422,-6.139463,2026-08-28
TRANS-PAR-0360,transporte,parada_autobus,Venta Paquete V,"Parada de autobús: Venta Paquete V (Puerto Real). WGS84: 36.496326, -6.139463.",Red de Consorcios de Transporte de Andalucía (GTFS),https://api.ctan.es/v1/datos/UNIFICADO/gtfs.zip,alta,Cádiz,Puerto Real,36.496326,-6.139463,2026-08-28
TRANS-PAR-0361,transporte,parada_autobus,Venta Pololo,"Parada de autobús: Venta Pololo (Chiclana de la Frontera). WGS84: 36.435422, -6.124686.",Red de Consorcios de Transporte de Andalucía (GTFS),https://api.ctan.es/v1/datos/UNIFICADO/gtfs.zip,alta,Cádiz,Chiclana de la Frontera,36.435422,-6.124686,2026-08-28
TRANS-PAR-0362,transporte,parada_autobus,Venta Pololo V,"Parada de autobús: Venta Pololo V (Chiclana de la Frontera). WGS84: 36.435623, -6.124618.",Red de Consorcios de Transporte de Andalucía (GTFS),https://api.ctan.es/v1/datos/UNIFICADO/gtfs.zip,alta,Cádiz,Chiclana de la Frontera,36.435623,-6.124618,2026-08-28
TRANS-PAR-0363,transporte,parada_autobus,Venta Santa Ana,"Parada de autobús: Venta Santa Ana (Puerto Real). WGS84: 36.491921, -6.1423.",Red de Consorcios de Transporte de Andalucía (GTFS),https://api.ctan.es/v1/datos/UNIFICADO/gtfs.zip,alta,Cádiz,Puerto Real,36.491921,-6.1423,2026-08-28
TRANS-PAR-0364,transporte,parada_autobus,Vistahermosa,"Parada de autobús: Vistahermosa (El Puerto de Santa María). WGS84: 36.60042, -6.250995.",Red de Consorcios de Transporte de Andalucía (GTFS),https://api.ctan.es/v1/datos/UNIFICADO/gtfs.zip,alta,Cádiz,El Puerto de Santa María,36.60042,-6.250995,2026-08-28
TRANS-PAR-0365,transporte,parada_autobus,Vistahermosa V,"Parada de autobús: Vistahermosa V (El Puerto de Santa María). WGS84: 36.601004, -6.251889.",Red de Consorcios de Transporte de Andalucía (GTFS),https://api.ctan.es/v1/datos/UNIFICADO/gtfs.zip,alta,Cádiz,El Puerto de Santa María,36.601004,-6.251889,2026-08-28
TRANS-PAR-0366,transporte,parada_autobus,Águila-El Término,"Parada de autobús: Águila-El Término (Puerto Real). WGS84: 36.467022, -6.118394.",Red de Consorcios de Transporte de Andalucía (GTFS),https://api.ctan.es/v1/datos/UNIFICADO/gtfs.zip,alta,Cádiz,Puerto Real,36.467022,-6.118394,2026-08-28
TRANS-PAR-0367,transporte,parada_autobus,Águila-El Término V,"Parada de autobús: Águila-El Término V (Puerto Real). WGS84: 36.467212, -6.118493.",Red de Consorcios de Transporte de Andalucía (GTFS),https://api.ctan.es/v1/datos/UNIFICADO/gtfs.zip,alta,Cádiz,Puerto Real,36.467212,-6.118493,2026-08-28
